ceremony,year_int,decade,class,competitive,canonical_category,category,film,name,film_id,primary_genre
1,1928,1920,Acting,True,ACTOR IN A LEADING ROLE,ACTOR,The Last Command|The Way of All Flesh,Emil Jannings,tt0019071,Drama
1,1928,1920,Acting,True,ACTRESS IN A LEADING ROLE,ACTRESS,7th Heaven|Street Angel|Sunrise,Janet Gaynor,tt0018379,Drama
1,1928,1920,Directing,True,DIRECTING (Comedy Picture),DIRECTING (Comedy Picture),Two Arabian Knights,Lewis Milestone,tt0018515,
1,1928,1920,Directing,True,DIRECTING (Dramatic Picture),DIRECTING (Dramatic Picture),7th Heaven,Frank Borzage,tt0018379,Drama
1,1928,1920,Production,True,ART DIRECTION,ART DIRECTION,The Dove|Tempest,William Cameron Menzies,tt0017822,
1,1928,1920,Production,True,CINEMATOGRAPHY,CINEMATOGRAPHY,Sunrise,"Charles Rosher, Karl Struss",tt0018455,
1,1928,1920,Production,True,VISUAL EFFECTS,ENGINEERING EFFECTS,Wings,Roy Pomeroy,tt0018578,Drama
1,1928,1920,Special,False,SPECIAL AWARD,SPECIAL AWARD,The Circus,,tt0018773,
1,1928,1920,Special,False,SPECIAL AWARD,SPECIAL AWARD,The Jazz Singer,,tt0018037,
1,1928,1920,Title,True,BEST PICTURE,OUTSTANDING PICTURE,Wings,Paramount Famous Lasky,tt0018578,Drama
1,1928,1920,Title,True,UNIQUE AND ARTISTIC PICTURE,UNIQUE AND ARTISTIC PICTURE,Sunrise,Fox,tt0018455,
1,1928,1920,Writing,True,WRITING (Adapted Screenplay),WRITING (Adaptation),7th Heaven,Benjamin Glazer,tt0018379,Drama
1,1928,1920,Writing,True,WRITING (Original Story),WRITING (Original Story),Underworld,Ben Hecht,tt0018526,
1,1928,1920,Writing,True,WRITING (Title Writing),WRITING (Title Writing),,Joseph Farnham,,
2,1929,1920,Acting,True,ACTOR IN A LEADING ROLE,ACTOR,In Old Arizona,Warner Baxter,tt0020018,Western
2,1929,1920,Acting,True,ACTRESS IN A LEADING ROLE,ACTRESS,Coquette,Mary Pickford,tt0019788,Drama
2,1929,1920,Directing,True,DIRECTING,DIRECTING,The Divine Lady,Frank Lloyd,tt0019824,Drama
2,1929,1920,Production,True,ART DIRECTION,ART DIRECTION,The Bridge of San Luis Rey,Cedric Gibbons,tt0019722,
2,1929,1920,Production,True,CINEMATOGRAPHY,CINEMATOGRAPHY,White Shadows in the South Seas,Clyde De Vinna,tt0019574,
2,1929,1920,Title,True,BEST PICTURE,OUTSTANDING PICTURE,The Broadway Melody,Metro-Goldwyn-Mayer,tt0019729,Music
2,1929,1920,Writing,True,WRITING (Adapted Screenplay),WRITING,The Patriot,Hans Kraly,tt0019257,Drama
3,1930,1930,Acting,True,ACTOR IN A LEADING ROLE,ACTOR,Disraeli,George Arliss,tt0019823,Drama
3,1930,1930,Acting,True,ACTRESS IN A LEADING ROLE,ACTRESS,The Divorcee,Norma Shearer,tt0020827,Drama
3,1930,1930,Directing,True,DIRECTING,DIRECTING,All Quiet on the Western Front,Lewis Milestone,tt0020629,Drama
3,1930,1930,Production,True,ART DIRECTION,ART DIRECTION,King of Jazz,Herman Rosse,tt0021025,
3,1930,1930,Production,True,CINEMATOGRAPHY,CINEMATOGRAPHY,With Byrd at the South Pole,"Joseph T. Rucker, Willard Van Der Veer",tt0020594,
3,1930,1930,Production,True,SOUND RECORDING,SOUND RECORDING,The Big House,"Metro-Goldwyn-Mayer Studio Sound Department, Douglas Shearer, Sound Director",tt0020686,Crime
3,1930,1930,Title,True,BEST PICTURE,OUTSTANDING PRODUCTION,All Quiet on the Western Front,Universal,tt0020629,Drama
3,1930,1930,Writing,True,WRITING (Adapted Screenplay),WRITING,The Big House,Frances Marion,tt0020686,Crime
4,1931,1930,Acting,True,ACTOR IN A LEADING ROLE,ACTOR,A Free Soul,Lionel Barrymore,tt0021885,Drama
4,1931,1930,Acting,True,ACTRESS IN A LEADING ROLE,ACTRESS,Min and Bill,Marie Dressler,tt0021148,Drama
4,1931,1930,Directing,True,DIRECTING,DIRECTING,Skippy,Norman Taurog,tt0022397,Drama
4,1931,1930,Production,True,ART DIRECTION,ART DIRECTION,Cimarron,Max Rée,tt0021746,Western
4,1931,1930,Production,True,CINEMATOGRAPHY,CINEMATOGRAPHY,Tabu,Floyd Crosby,tt0022458,
4,1931,1930,Production,True,SOUND RECORDING,SOUND RECORDING,,Paramount Publix Studio Sound Department,,
4,1931,1930,SciTech,False,SCIENTIFIC OR TECHNICAL AWARD (Class I),SCIENTIFIC OR TECHNICAL AWARD (Class I),,,,
4,1931,1930,SciTech,False,SCIENTIFIC OR TECHNICAL AWARD (Class I),SCIENTIFIC OR TECHNICAL AWARD (Class I),,,,
4,1931,1930,SciTech,False,SCIENTIFIC OR TECHNICAL AWARD (Class II),SCIENTIFIC OR TECHNICAL AWARD (Class II),,,,
4,1931,1930,SciTech,False,SCIENTIFIC OR TECHNICAL AWARD (Class III),SCIENTIFIC OR TECHNICAL AWARD (Class III),,,,
4,1931,1930,SciTech,False,SCIENTIFIC OR TECHNICAL AWARD (Class III),SCIENTIFIC OR TECHNICAL AWARD (Class III),,,,
4,1931,1930,SciTech,False,SCIENTIFIC OR TECHNICAL AWARD (Class III),SCIENTIFIC OR TECHNICAL AWARD (Class III),,,,
4,1931,1930,Title,True,BEST PICTURE,OUTSTANDING PRODUCTION,Cimarron,RKO Radio,tt0021746,Western
4,1931,1930,Writing,True,WRITING (Adapted Screenplay),WRITING (Adaptation),Cimarron,Howard Estabrook,tt0021746,Western
4,1931,1930,Writing,True,WRITING (Original Story),WRITING (Original Story),The Dawn Patrol,John Monk Saunders,tt0020815,
5,1932,1930,Acting,True,ACTOR IN A LEADING ROLE,ACTOR,The Champ,Wallace Beery,tt0021730,Drama
5,1932,1930,Acting,True,ACTOR IN A LEADING ROLE,ACTOR,Dr. Jekyll and Mr. Hyde,Fredric March,tt0022835,Horror
5,1932,1930,Acting,True,ACTRESS IN A LEADING ROLE,ACTRESS,The Sin of Madelon Claudet,Helen Hayes,tt0022386,Drama
5,1932,1930,Directing,True,DIRECTING,DIRECTING,Bad Girl,Frank Borzage,tt0021635,Romance
5,1932,1930,Production,True,ART DIRECTION,ART DIRECTION,Transatlantic,Gordon Wiles,tt0022500,
5,1932,1930,Production,True,CINEMATOGRAPHY,CINEMATOGRAPHY,Shanghai Express,Lee Garmes,tt0023458,
5,1932,1930,Production,True,SOUND RECORDING,SOUND RECORDING,,Paramount Publix Studio Sound Department,,
5,1932,1930,SciTech,False,SCIENTIFIC OR TECHNICAL AWARD (Class II),SCIENTIFIC OR TECHNICAL AWARD (Class II),,,,
5,1932,1930,SciTech,False,SCIENTIFIC OR TECHNICAL AWARD (Class III),SCIENTIFIC OR TECHNICAL AWARD (Class III),,,,
5,1932,1930,Special,False,SPECIAL AWARD,SPECIAL AWARD,,,,
5,1932,1930,Title,True,BEST PICTURE,OUTSTANDING PRODUCTION,Grand Hotel,Metro-Goldwyn-Mayer,tt0022958,Drama
5,1932,1930,Title,True,SHORT FILM (Animated),SHORT SUBJECT (Cartoon),Flowers and Trees,"Walt Disney, Producer",tt0022899,
5,1932,1930,Title,True,SHORT SUBJECT (Comedy),SHORT SUBJECT (Comedy),The Music Box,"Hal Roach, Producer",tt0023251,
5,1932,1930,Title,True,SHORT SUBJECT (Novelty),SHORT SUBJECT (Novelty),Wrestling Swordfish,"Mack Sennett, Producer",tt0023711,
5,1932,1930,Writing,True,WRITING (Adapted Screenplay),WRITING (Adaptation),Bad Girl,Edwin Burke,tt0021635,Romance
5,1932,1930,Writing,True,WRITING (Original Story),WRITING (Original Story),The Champ,Frances Marion,tt0021730,Drama
6,1933,1930,Acting,True,ACTOR IN A LEADING ROLE,ACTOR,The Private Life of Henry VIII,Charles Laughton,tt0024473,History
6,1933,1930,Acting,True,ACTRESS IN A LEADING ROLE,ACTRESS,Morning Glory,Katharine Hepburn,tt0024353,Drama
6,1933,1930,Directing,True,ASSISTANT DIRECTOR,ASSISTANT DIRECTOR,,Dewey Starkey (RKO Radio),,
6,1933,1930,Directing,True,ASSISTANT DIRECTOR,ASSISTANT DIRECTOR,,Charles Dorian (Metro-Goldwyn-Mayer),,
6,1933,1930,Directing,True,ASSISTANT DIRECTOR,ASSISTANT DIRECTOR,,Scott Beal (Universal),,
6,1933,1930,Directing,True,ASSISTANT DIRECTOR,ASSISTANT DIRECTOR,,Gordon Hollingshead (Warner Bros.),,
6,1933,1930,Directing,True,ASSISTANT DIRECTOR,ASSISTANT DIRECTOR,,Fred Fox (United Artists),,
6,1933,1930,Directing,True,ASSISTANT DIRECTOR,ASSISTANT DIRECTOR,,William Tummel (Fox),,
6,1933,1930,Directing,True,ASSISTANT DIRECTOR,ASSISTANT DIRECTOR,,Charles Barton (Paramount),,
6,1933,1930,Directing,True,DIRECTING,DIRECTING,Cavalcade,Frank Lloyd,tt0023876,Drama
6,1933,1930,Production,True,ART DIRECTION,ART DIRECTION,Cavalcade,William S. Darling,tt0023876,Drama
6,1933,1930,Production,True,CINEMATOGRAPHY,CINEMATOGRAPHY,A Farewell to Arms,"Charles Bryant Lang, Jr.",tt0022879,
6,1933,1930,Production,True,SOUND RECORDING,SOUND RECORDING,A Farewell to Arms,"Paramount Studio Sound Department, Franklin B. Hansen, Sound Director",tt0022879,
6,1933,1930,SciTech,False,SCIENTIFIC OR TECHNICAL AWARD (Class II),SCIENTIFIC OR TECHNICAL AWARD (Class II),,,,
6,1933,1930,SciTech,False,SCIENTIFIC OR TECHNICAL AWARD (Class II),SCIENTIFIC OR TECHNICAL AWARD (Class II),,,,
6,1933,1930,SciTech,False,SCIENTIFIC OR TECHNICAL AWARD (Class III),SCIENTIFIC OR TECHNICAL AWARD (Class III),,,,
6,1933,1930,Title,True,BEST PICTURE,OUTSTANDING PRODUCTION,Cavalcade,Fox,tt0023876,Drama
6,1933,1930,Title,True,SHORT FILM (Animated),SHORT SUBJECT (Cartoon),The Three Little Pigs,"Walt Disney, Producer",tt0024660,
6,1933,1930,Title,True,SHORT SUBJECT (Comedy),SHORT SUBJECT (Comedy),So This Is Harris,"Louis Brock, Producer",tt0024580,
6,1933,1930,Title,True,SHORT SUBJECT (Novelty),SHORT SUBJECT (Novelty),Krakatoa,"Joe Rock, Producer",tt0024231,
6,1933,1930,Writing,True,WRITING (Adapted Screenplay),WRITING (Adaptation),Little Women,"Victor Heerman, Sarah Y. Mason",tt0024264,Drama
6,1933,1930,Writing,True,WRITING (Original Story),WRITING (Original Story),One Way Passage,Robert Lord,tt0023305,
7,1934,1930,Acting,True,ACTOR IN A LEADING ROLE,ACTOR,It Happened One Night,Clark Gable,tt0025316,Comedy
7,1934,1930,Acting,True,ACTRESS IN A LEADING ROLE,ACTRESS,It Happened One Night,Claudette Colbert,tt0025316,Comedy
7,1934,1930,Directing,True,ASSISTANT DIRECTOR,ASSISTANT DIRECTOR,Viva Villa!,John Waters,tt0025948,
7,1934,1930,Directing,True,DIRECTING,DIRECTING,It Happened One Night,Frank Capra,tt0025316,Comedy
7,1934,1930,Music,True,MUSIC (Original Song Score or Adaptation Score),MUSIC (Scoring),One Night of Love,"Columbia Studio Music Department, Louis Silvers, head of department (Thematic Music by Victor Schertzinger and Gus Kahn)",tt0025601,
7,1934,1930,Music,True,MUSIC (Original Song),MUSIC (Song),The Gay Divorcee,Music by Con Conrad; Lyrics by Herb Magidson,tt0025164,
7,1934,1930,Production,True,ART DIRECTION,ART DIRECTION,The Merry Widow,"Cedric Gibbons, Fredric Hope",tt0025493,
7,1934,1930,Production,True,CINEMATOGRAPHY,CINEMATOGRAPHY,Cleopatra,Victor Milner,tt0024991,
7,1934,1930,Production,True,FILM EDITING,FILM EDITING,Eskimo,Conrad Nervig,tt0023990,
7,1934,1930,Production,True,SOUND RECORDING,SOUND RECORDING,One Night of Love,"Columbia Studio Sound Department, John Livadary, Sound Director",tt0025601,
7,1934,1930,SciTech,False,SCIENTIFIC OR TECHNICAL AWARD (Class II),SCIENTIFIC OR TECHNICAL AWARD (Class II),,,,
7,1934,1930,SciTech,False,SCIENTIFIC OR TECHNICAL AWARD (Class III),SCIENTIFIC OR TECHNICAL AWARD (Class III),,,,
7,1934,1930,SciTech,False,SCIENTIFIC OR TECHNICAL AWARD (Class III),SCIENTIFIC OR TECHNICAL AWARD (Class III),One Night of Love,,tt0025601,
7,1934,1930,Special,False,SPECIAL AWARD,SPECIAL AWARD,,,,
7,1934,1930,Title,True,BEST PICTURE,OUTSTANDING PRODUCTION,It Happened One Night,Columbia,tt0025316,Comedy
7,1934,1930,Title,True,SHORT FILM (Animated),SHORT SUBJECT (Cartoon),The Tortoise and the Hare,"Walt Disney, Producer",tt0027126,
7,1934,1930,Title,True,SHORT SUBJECT (Comedy),SHORT SUBJECT (Comedy),La Cucaracha,"Kenneth Macgowan, Producer",tt0025019,
7,1934,1930,Title,True,SHORT SUBJECT (Novelty),SHORT SUBJECT (Novelty),City of Wax,"Stacy Woodard and Horace Woodard, Producers",tt0024986,
7,1934,1930,Writing,True,WRITING (Adapted Screenplay),WRITING (Adaptation),It Happened One Night,Robert Riskin,tt0025316,Comedy
7,1934,1930,Writing,True,WRITING (Original Story),WRITING (Original Story),Manhattan Melodrama,Arthur Caesar,tt0025464,
8,1935,1930,Acting,True,ACTOR IN A LEADING ROLE,ACTOR,The Informer,Victor McLaglen,tt0026529,Crime
8,1935,1930,Acting,True,ACTRESS IN A LEADING ROLE,ACTRESS,Dangerous,Bette Davis,tt0026261,Drama
8,1935,1930,Directing,True,ASSISTANT DIRECTOR,ASSISTANT DIRECTOR,The Lives of a Bengal Lancer,"Clem Beauchamp, Paul Wing",tt0026643,
8,1935,1930,Directing,True,DIRECTING,DIRECTING,The Informer,John Ford,tt0026529,Crime
8,1935,1930,Music,True,DANCE DIRECTION,DANCE DIRECTION,Broadway Melody of 1936|Folies Bergere,Dave Gould,tt0026144,
8,1935,1930,Music,True,MUSIC (Original Song Score or Adaptation Score),MUSIC (Scoring),The Informer,"RKO Radio Studio Music Department, Max Steiner, head of department (Score by Max Steiner)",tt0026529,Crime
8,1935,1930,Music,True,MUSIC (Original Song),MUSIC (Song),Gold Diggers of 1935,Music by Harry Warren; Lyrics by Al Dubin,tt0026421,
8,1935,1930,Production,True,ART DIRECTION,ART DIRECTION,The Dark Angel,Richard Day,tt0026264,
8,1935,1930,Production,True,CINEMATOGRAPHY,CINEMATOGRAPHY,A Midsummer Night's Dream,Hal Mohr,tt0026714,
8,1935,1930,Production,True,FILM EDITING,FILM EDITING,A Midsummer Night's Dream,Ralph Dawson,tt0026714,
8,1935,1930,Production,True,SOUND RECORDING,SOUND RECORDING,Naughty Marietta,"Metro-Goldwyn-Mayer Studio Sound Department, Douglas Shearer, Sound Director",tt0026768,
8,1935,1930,SciTech,False,SCIENTIFIC OR TECHNICAL AWARD (Class II),SCIENTIFIC OR TECHNICAL AWARD (Class II),,,,
8,1935,1930,SciTech,False,SCIENTIFIC OR TECHNICAL AWARD (Class II),SCIENTIFIC OR TECHNICAL AWARD (Class II),,,,
8,1935,1930,SciTech,False,SCIENTIFIC OR TECHNICAL AWARD (Class III),SCIENTIFIC OR TECHNICAL AWARD (Class III),,,,
8,1935,1930,SciTech,False,SCIENTIFIC OR TECHNICAL AWARD (Class III),SCIENTIFIC OR TECHNICAL AWARD (Class III),,,,
8,1935,1930,SciTech,False,SCIENTIFIC OR TECHNICAL AWARD (Class III),SCIENTIFIC OR TECHNICAL AWARD (Class III),,,,
8,1935,1930,SciTech,False,SCIENTIFIC OR TECHNICAL AWARD (Class III),SCIENTIFIC OR TECHNICAL AWARD (Class III),,,,
8,1935,1930,SciTech,False,SCIENTIFIC OR TECHNICAL AWARD (Class III),SCIENTIFIC OR TECHNICAL AWARD (Class III),,,,
8,1935,1930,SciTech,False,SCIENTIFIC OR TECHNICAL AWARD (Class III),SCIENTIFIC OR TECHNICAL AWARD (Class III),,,,
8,1935,1930,SciTech,False,SCIENTIFIC OR TECHNICAL AWARD (Class III),SCIENTIFIC OR TECHNICAL AWARD (Class III),,,,
8,1935,1930,Special,False,SPECIAL AWARD,SPECIAL AWARD,,,,
8,1935,1930,Title,True,BEST PICTURE,OUTSTANDING PRODUCTION,Mutiny on the Bounty,Metro-Goldwyn-Mayer,tt0026752,Adventure
8,1935,1930,Title,True,SHORT FILM (Animated),SHORT SUBJECT (Cartoon),Three Orphan Kittens,"Walt Disney, Producer",tt0027100,
8,1935,1930,Title,True,SHORT SUBJECT (Comedy),SHORT SUBJECT (Comedy),How to Sleep,"Jack Chertok, Producer",tt0026497,
8,1935,1930,Title,True,SHORT SUBJECT (Novelty),SHORT SUBJECT (Novelty),Wings over Mt. Everest,Gaumont British and Skibo Productions,tt0024777,
8,1935,1930,Writing,True,WRITING (Adapted Screenplay),WRITING (Screenplay),The Informer,Dudley Nichols,tt0026529,Crime
8,1935,1930,Writing,True,WRITING (Original Story),WRITING (Original Story),The Scoundrel,"Ben Hecht, Charles MacArthur",tt0026970,
9,1936,1930,Acting,True,ACTOR IN A LEADING ROLE,ACTOR,The Story of Louis Pasteur,Paul Muni,tt0028313,Drama
9,1936,1930,Acting,True,ACTOR IN A SUPPORTING ROLE,ACTOR IN A SUPPORTING ROLE,Come and Get It,Walter Brennan,tt0027459,Drama
9,1936,1930,Acting,True,ACTRESS IN A LEADING ROLE,ACTRESS,The Great Ziegfeld,Luise Rainer,tt0027698,Music
9,1936,1930,Acting,True,ACTRESS IN A SUPPORTING ROLE,ACTRESS IN A SUPPORTING ROLE,Anthony Adverse,Gale Sondergaard,tt0027300,Drama
9,1936,1930,Directing,True,ASSISTANT DIRECTOR,ASSISTANT DIRECTOR,The Charge of the Light Brigade,Jack Sullivan,tt0027438,
9,1936,1930,Directing,True,DIRECTING,DIRECTING,Mr. Deeds Goes to Town,Frank Capra,tt0027996,Comedy
9,1936,1930,Music,True,DANCE DIRECTION,DANCE DIRECTION,The Great Ziegfeld,Seymour Felix,tt0027698,Music
9,1936,1930,Music,True,MUSIC (Original Song Score or Adaptation Score),MUSIC (Scoring),Anthony Adverse,"Warner Bros. Studio Music Department, Leo Forbstein, head of department (Score by Erich Wolfgang Korngold)",tt0027300,Drama
9,1936,1930,Music,True,MUSIC (Original Song),MUSIC (Song),Swing Time,Music by Jerome Kern; Lyrics by Dorothy Fields,tt0028333,
9,1936,1930,Production,True,ART DIRECTION,ART DIRECTION,Dodsworth,Richard Day,tt0027532,
9,1936,1930,Production,True,CINEMATOGRAPHY,CINEMATOGRAPHY,Anthony Adverse,Gaetano Gaudio,tt0027300,Drama
9,1936,1930,Production,True,FILM EDITING,FILM EDITING,Anthony Adverse,Ralph Dawson,tt0027300,Drama
9,1936,1930,Production,True,SOUND RECORDING,SOUND RECORDING,San Francisco,"Metro-Goldwyn-Mayer Studio Sound Department, Douglas Shearer, Sound Director",tt0028216,
9,1936,1930,SciTech,False,SCIENTIFIC OR TECHNICAL AWARD (Class I),SCIENTIFIC OR TECHNICAL AWARD (Class I),,,,
9,1936,1930,SciTech,False,SCIENTIFIC OR TECHNICAL AWARD (Class II),SCIENTIFIC OR TECHNICAL AWARD (Class II),,,,
9,1936,1930,SciTech,False,SCIENTIFIC OR TECHNICAL AWARD (Class II),SCIENTIFIC OR TECHNICAL AWARD (Class II),,,,
9,1936,1930,SciTech,False,SCIENTIFIC OR TECHNICAL AWARD (Class III),SCIENTIFIC OR TECHNICAL AWARD (Class III),,,,
9,1936,1930,SciTech,False,SCIENTIFIC OR TECHNICAL AWARD (Class III),SCIENTIFIC OR TECHNICAL AWARD (Class III),,,,
9,1936,1930,SciTech,False,SCIENTIFIC OR TECHNICAL AWARD (Class III),SCIENTIFIC OR TECHNICAL AWARD (Class III),,,,
9,1936,1930,SciTech,False,SCIENTIFIC OR TECHNICAL AWARD (Class III),SCIENTIFIC OR TECHNICAL AWARD (Class III),,,,
9,1936,1930,Special,False,SPECIAL AWARD,SPECIAL AWARD,The Garden of Allah,,tt0027657,
9,1936,1930,Special,False,SPECIAL AWARD,SPECIAL AWARD,The March of Time,,tt3034436,
9,1936,1930,Title,True,BEST PICTURE,OUTSTANDING PRODUCTION,The Great Ziegfeld,Metro-Goldwyn-Mayer,tt0027698,Music
9,1936,1930,Title,True,SHORT FILM (Animated),SHORT SUBJECT (Cartoon),The Country Cousin,"Walt Disney, Producer",tt0027468,
9,1936,1930,Title,True,SHORT SUBJECT (Color),SHORT SUBJECT (Color),Give Me Liberty,Warner Bros.,tt0027678,
9,1936,1930,Title,True,SHORT SUBJECT (One-reel),SHORT SUBJECT (One-reel),Bored of Education,"Hal Roach, Producer",tt0027385,
9,1936,1930,Title,True,SHORT SUBJECT (Two-reel),SHORT SUBJECT (Two-reel),The Public Pays,Metro-Goldwyn-Mayer,tt0028146,
9,1936,1930,Writing,True,WRITING (Adapted Screenplay),WRITING (Screenplay),The Story of Louis Pasteur,"Pierre Collings, Sheridan Gibney",tt0028313,Drama
9,1936,1930,Writing,True,WRITING (Original Story),WRITING (Original Story),The Story of Louis Pasteur,"Pierre Collings, Sheridan Gibney",tt0028313,Drama
10,1937,1930,Acting,True,ACTOR IN A LEADING ROLE,ACTOR,Captains Courageous,Spencer Tracy,tt0028691,Adventure
10,1937,1930,Acting,True,ACTOR IN A SUPPORTING ROLE,ACTOR IN A SUPPORTING ROLE,The Life of Emile Zola,Joseph Schildkraut,tt0029146,Drama
10,1937,1930,Acting,True,ACTRESS IN A LEADING ROLE,ACTRESS,The Good Earth,Luise Rainer,tt0028944,Drama
10,1937,1930,Acting,True,ACTRESS IN A SUPPORTING ROLE,ACTRESS IN A SUPPORTING ROLE,In Old Chicago,Alice Brady,tt0029047,Drama
10,1937,1930,Directing,True,ASSISTANT DIRECTOR,ASSISTANT DIRECTOR,In Old Chicago,Robert Webb,tt0029047,Drama
10,1937,1930,Directing,True,DIRECTING,DIRECTING,The Awful Truth,Leo McCarey,tt0028597,Comedy
10,1937,1930,Music,True,DANCE DIRECTION,DANCE DIRECTION,A Damsel in Distress,Hermes Pan,tt0028757,
10,1937,1930,Music,True,MUSIC (Original Song Score or Adaptation Score),MUSIC (Scoring),One Hundred Men and a Girl,"Universal Studio Music Department, Charles Previn, head of department (no composer credit)",tt0029347,
10,1937,1930,Music,True,MUSIC (Original Song),MUSIC (Song),Waikiki Wedding,Music and Lyrics by Harry Owens,tt0029742,
10,1937,1930,Production,True,ART DIRECTION,ART DIRECTION,Lost Horizon,Stephen Goosson,tt0029162,
10,1937,1930,Production,True,CINEMATOGRAPHY,CINEMATOGRAPHY,The Good Earth,Karl Freund,tt0028944,Drama
10,1937,1930,Production,True,FILM EDITING,FILM EDITING,Lost Horizon,"Gene Havlick, Gene Milford",tt0029162,
10,1937,1930,Production,True,SOUND RECORDING,SOUND RECORDING,The Hurricane,"United Artists Studio Sound Department, Thomas T. Moulton, Sound Director",tt0029030,
10,1937,1930,SciTech,False,SCIENTIFIC OR TECHNICAL AWARD (Class I),SCIENTIFIC OR TECHNICAL AWARD (Class I),,,,
10,1937,1930,SciTech,False,SCIENTIFIC OR TECHNICAL AWARD (Class II),SCIENTIFIC OR TECHNICAL AWARD (Class II),,,,
10,1937,1930,SciTech,False,SCIENTIFIC OR TECHNICAL AWARD (Class II),SCIENTIFIC OR TECHNICAL AWARD (Class II),,,,
10,1937,1930,SciTech,False,SCIENTIFIC OR TECHNICAL AWARD (Class II),SCIENTIFIC OR TECHNICAL AWARD (Class II),,,,
10,1937,1930,SciTech,False,SCIENTIFIC OR TECHNICAL AWARD (Class II),SCIENTIFIC OR TECHNICAL AWARD (Class II),,,,
10,1937,1930,SciTech,False,SCIENTIFIC OR TECHNICAL AWARD (Class III),SCIENTIFIC OR TECHNICAL AWARD (Class III),,,,
10,1937,1930,SciTech,False,SCIENTIFIC OR TECHNICAL AWARD (Class III),SCIENTIFIC OR TECHNICAL AWARD (Class III),,,,
10,1937,1930,SciTech,False,SCIENTIFIC OR TECHNICAL AWARD (Class III),SCIENTIFIC OR TECHNICAL AWARD (Class III),,,,
10,1937,1930,SciTech,False,SCIENTIFIC OR TECHNICAL AWARD (Class III),SCIENTIFIC OR TECHNICAL AWARD (Class III),,,,
10,1937,1930,SciTech,False,SCIENTIFIC OR TECHNICAL AWARD (Class III),SCIENTIFIC OR TECHNICAL AWARD (Class III),,,,
10,1937,1930,SciTech,False,SCIENTIFIC OR TECHNICAL AWARD (Class III),SCIENTIFIC OR TECHNICAL AWARD (Class III),,,,
10,1937,1930,Special,False,IRVING G. THALBERG MEMORIAL AWARD,IRVING G. THALBERG MEMORIAL AWARD,,Darryl F. Zanuck,,
10,1937,1930,Special,False,SPECIAL AWARD,SPECIAL AWARD,,,,
10,1937,1930,Special,False,SPECIAL AWARD,SPECIAL AWARD,A Star Is Born,,tt0029606,
10,1937,1930,Special,False,SPECIAL AWARD,SPECIAL AWARD,,,,
10,1937,1930,Special,False,SPECIAL AWARD,SPECIAL AWARD,,,,
10,1937,1930,Title,True,BEST PICTURE,OUTSTANDING PRODUCTION,The Life of Emile Zola,Warner Bros.,tt0029146,Drama
10,1937,1930,Title,True,SHORT FILM (Animated),SHORT SUBJECT (Cartoon),The Old Mill,"Walt Disney, Producer",tt0029339,
10,1937,1930,Title,True,SHORT SUBJECT (Color),SHORT SUBJECT (Color),Penny Wisdom,"Pete Smith, Producer",tt0029385,
10,1937,1930,Title,True,SHORT SUBJECT (One-reel),SHORT SUBJECT (One-reel),The Private Life of the Gannets,Skibo Productions,tt0029443,
10,1937,1930,Title,True,SHORT SUBJECT (Two-reel),SHORT SUBJECT (Two-reel),Torture Money,Metro-Goldwyn-Mayer,tt0029684,
10,1937,1930,Writing,True,WRITING (Adapted Screenplay),WRITING (Screenplay),The Life of Emile Zola,"Norman Reilly Raine, Heinz Herald, Geza Herczeg",tt0029146,Drama
10,1937,1930,Writing,True,WRITING (Original Story),WRITING (Original Story),A Star Is Born,"William A. Wellman, Robert Carson",tt0029606,
11,1938,1930,Acting,True,ACTOR IN A LEADING ROLE,ACTOR,Boys Town,Spencer Tracy,tt0029942,Drama
11,1938,1930,Acting,True,ACTOR IN A SUPPORTING ROLE,ACTOR IN A SUPPORTING ROLE,Kentucky,Walter Brennan,tt0030317,Drama
11,1938,1930,Acting,True,ACTRESS IN A LEADING ROLE,ACTRESS,Jezebel,Bette Davis,tt0030287,Drama
11,1938,1930,Acting,True,ACTRESS IN A SUPPORTING ROLE,ACTRESS IN A SUPPORTING ROLE,Jezebel,Fay Bainter,tt0030287,Drama
11,1938,1930,Directing,True,DIRECTING,DIRECTING,You Can't Take It with You,Frank Capra,tt0030993,Comedy
11,1938,1930,Music,True,MUSIC (Original Score),MUSIC (Original Score),The Adventures of Robin Hood,Erich Wolfgang Korngold,tt0029843,
11,1938,1930,Music,True,MUSIC (Original Song Score or Adaptation Score),MUSIC (Scoring),Alexander's Ragtime Band,Alfred Newman,tt0029852,
11,1938,1930,Music,True,MUSIC (Original Song),MUSIC (Song),The Big Broadcast of 1938,Music by Ralph Rainger; Lyrics by Leo Robin,tt0029912,
11,1938,1930,Production,True,ART DIRECTION,ART DIRECTION,The Adventures of Robin Hood,Carl J. Weyl,tt0029843,
11,1938,1930,Production,True,CINEMATOGRAPHY,CINEMATOGRAPHY,The Great Waltz,Joseph Ruttenberg,tt0030202,
11,1938,1930,Production,True,FILM EDITING,FILM EDITING,The Adventures of Robin Hood,Ralph Dawson,tt0029843,
11,1938,1930,Production,True,SOUND RECORDING,SOUND RECORDING,The Cowboy and the Lady,"United Artists Studio Sound Department, Thomas T. Moulton, Sound Director",tt0030018,
11,1938,1930,SciTech,False,SCIENTIFIC OR TECHNICAL AWARD (Class III),SCIENTIFIC OR TECHNICAL AWARD (Class III),,,,
11,1938,1930,SciTech,False,SCIENTIFIC OR TECHNICAL AWARD (Class III),SCIENTIFIC OR TECHNICAL AWARD (Class III),,,,
11,1938,1930,Special,False,IRVING G. THALBERG MEMORIAL AWARD,IRVING G. THALBERG MEMORIAL AWARD,,Hal B. Wallis,,
11,1938,1930,Special,False,SPECIAL AWARD,SPECIAL AWARD,,,,
11,1938,1930,Special,False,SPECIAL AWARD,SPECIAL AWARD,,,,
11,1938,1930,Special,False,SPECIAL AWARD,SPECIAL AWARD,,,,
11,1938,1930,Special,False,SPECIAL AWARD,SPECIAL AWARD,Sweethearts,,tt0030817,
11,1938,1930,Special,False,SPECIAL AWARD,SPECIAL AWARD,Spawn of the North,,tt0030775,
11,1938,1930,Special,False,SPECIAL AWARD,SPECIAL AWARD,Snow White and the Seven Dwarfs,,tt0029583,
11,1938,1930,Title,True,BEST PICTURE,OUTSTANDING PRODUCTION,You Can't Take It with You,Columbia,tt0030993,Comedy
11,1938,1930,Title,True,SHORT FILM (Animated),SHORT SUBJECT (Cartoon),Ferdinand the Bull,"Walt Disney, Producer",tt0030128,
11,1938,1930,Title,True,SHORT SUBJECT (One-reel),SHORT SUBJECT (One-reel),That Mothers Might Live,Metro-Goldwyn-Mayer,tt0030855,
11,1938,1930,Title,True,SHORT SUBJECT (Two-reel),SHORT SUBJECT (Two-reel),Declaration of Independence,Warner Bros.,tt0030046,
11,1938,1930,Writing,True,WRITING (Adapted Screenplay),WRITING (Screenplay),Pygmalion,"Screenplay and Dialogue by George Bernard Shaw; Adaptation by W. P. Lipscomb, Cecil Lewis, Ian Dalrymple",tt0030637,Comedy
11,1938,1930,Writing,True,WRITING (Original Story),WRITING (Original Story),Boys Town,"Dore Schary, Eleanore Griffin",tt0029942,Drama
12,1939,1930,Acting,True,ACTOR IN A LEADING ROLE,ACTOR,"Goodbye, Mr. Chips",Robert Donat,tt0031385,Drama
12,1939,1930,Acting,True,ACTOR IN A SUPPORTING ROLE,ACTOR IN A SUPPORTING ROLE,Stagecoach,Thomas Mitchell,tt0031971,Western
12,1939,1930,Acting,True,ACTRESS IN A LEADING ROLE,ACTRESS,Gone with the Wind,Vivien Leigh,tt0031381,Drama
12,1939,1930,Acting,True,ACTRESS IN A SUPPORTING ROLE,ACTRESS IN A SUPPORTING ROLE,Gone with the Wind,Hattie McDaniel,tt0031381,Drama
12,1939,1930,Directing,True,DIRECTING,DIRECTING,Gone with the Wind,Victor Fleming,tt0031381,Drama
12,1939,1930,Music,True,MUSIC (Original Score),MUSIC (Original Score),The Wizard of Oz,Herbert Stothart,tt0032138,
12,1939,1930,Music,True,MUSIC (Original Song Score or Adaptation Score),MUSIC (Scoring),Stagecoach,"Richard Hageman, Frank Harling, John Leipold, Leo Shuken",tt0031971,Western
12,1939,1930,Music,True,MUSIC (Original Song),MUSIC (Song),The Wizard of Oz,Music by Harold Arlen; Lyrics by E. Y. Harburg,tt0032138,
12,1939,1930,Production,True,ART DIRECTION,ART DIRECTION,Gone with the Wind,Lyle Wheeler,tt0031381,Drama
12,1939,1930,Production,True,CINEMATOGRAPHY (Black-and-White),CINEMATOGRAPHY (Black-and-White),Wuthering Heights,Gregg Toland,tt0032145,
12,1939,1930,Production,True,CINEMATOGRAPHY (Color),CINEMATOGRAPHY (Color),Gone with the Wind,"Ernest Haller, Ray Rennahan",tt0031381,Drama
12,1939,1930,Production,True,FILM EDITING,FILM EDITING,Gone with the Wind,"Hal C. Kern, James E. Newcom",tt0031381,Drama
12,1939,1930,Production,True,SOUND RECORDING,SOUND RECORDING,When Tomorrow Comes,"Universal Studio Sound Department, Bernard B. Brown, Sound Director",tt0032124,
12,1939,1930,Production,True,VISUAL EFFECTS,SPECIAL EFFECTS,The Rains Came,"Fred Sersen, E. H. Hansen",tt0031835,
12,1939,1930,SciTech,False,SCIENTIFIC OR TECHNICAL AWARD (Class III),SCIENTIFIC OR TECHNICAL AWARD (Class III),Gone with the Wind,,tt0031381,Drama
12,1939,1930,SciTech,False,SCIENTIFIC OR TECHNICAL AWARD (Class III),SCIENTIFIC OR TECHNICAL AWARD (Class III),,,,
12,1939,1930,SciTech,False,SCIENTIFIC OR TECHNICAL AWARD (Class III),SCIENTIFIC OR TECHNICAL AWARD (Class III),,,,
12,1939,1930,SciTech,False,SCIENTIFIC OR TECHNICAL AWARD (Class III),SCIENTIFIC OR TECHNICAL AWARD (Class III),,,,
12,1939,1930,SciTech,False,SCIENTIFIC OR TECHNICAL AWARD (Class III),SCIENTIFIC OR TECHNICAL AWARD (Class III),,,,
12,1939,1930,SciTech,False,SCIENTIFIC OR TECHNICAL AWARD (Class III),SCIENTIFIC OR TECHNICAL AWARD (Class III),,,,
12,1939,1930,SciTech,False,SCIENTIFIC OR TECHNICAL AWARD (Class III),SCIENTIFIC OR TECHNICAL AWARD (Class III),,,,
12,1939,1930,SciTech,False,SCIENTIFIC OR TECHNICAL AWARD (Class III),SCIENTIFIC OR TECHNICAL AWARD (Class III),,,,
12,1939,1930,Special,False,IRVING G. THALBERG MEMORIAL AWARD,IRVING G. THALBERG MEMORIAL AWARD,,David O. Selznick,,
12,1939,1930,Special,False,SPECIAL AWARD,SPECIAL AWARD,Gone with the Wind,,tt0031381,Drama
12,1939,1930,Special,False,SPECIAL AWARD,SPECIAL AWARD,,,,
12,1939,1930,Special,False,SPECIAL AWARD,SPECIAL AWARD,,,,
12,1939,1930,Special,False,SPECIAL AWARD,SPECIAL AWARD,,,,
12,1939,1930,Special,False,SPECIAL AWARD,SPECIAL AWARD,,,,
12,1939,1930,Title,True,BEST PICTURE,OUTSTANDING PRODUCTION,Gone with the Wind,Selznick International Pictures,tt0031381,Drama
12,1939,1930,Title,True,SHORT FILM (Animated),SHORT SUBJECT (Cartoon),The Ugly Duckling,"Walt Disney, Producer",tt0032071,
12,1939,1930,Title,True,SHORT SUBJECT (One-reel),SHORT SUBJECT (One-reel),Busy Little Bears,Paramount,tt0031128,
12,1939,1930,Title,True,SHORT SUBJECT (Two-reel),SHORT SUBJECT (Two-reel),Sons of Liberty,Warner Bros.,tt0031953,
12,1939,1930,Writing,True,WRITING (Adapted Screenplay),WRITING (Screenplay),Gone with the Wind,Sidney Howard,tt0031381,Drama
12,1939,1930,Writing,True,WRITING (Original Story),WRITING (Original Story),Mr. Smith Goes to Washington,Lewis R. Foster,tt0031679,
13,1940,1940,Acting,True,ACTOR IN A LEADING ROLE,ACTOR,The Philadelphia Story,James Stewart,tt0032904,Comedy
13,1940,1940,Acting,True,ACTOR IN A SUPPORTING ROLE,ACTOR IN A SUPPORTING ROLE,The Westerner,Walter Brennan,tt0033253,Western
13,1940,1940,Acting,True,ACTRESS IN A LEADING ROLE,ACTRESS,Kitty Foyle,Ginger Rogers,tt0032671,Drama
13,1940,1940,Acting,True,ACTRESS IN A SUPPORTING ROLE,ACTRESS IN A SUPPORTING ROLE,The Grapes of Wrath,Jane Darwell,tt0032551,Drama
13,1940,1940,Directing,True,DIRECTING,DIRECTING,The Grapes of Wrath,John Ford,tt0032551,Drama
13,1940,1940,Music,True,MUSIC (Original Score),MUSIC (Original Score),Pinocchio,"Leigh Harline, Paul J. Smith, Ned Washington",tt0032910,
13,1940,1940,Music,True,MUSIC (Original Song Score or Adaptation Score),MUSIC (Scoring),Tin Pan Alley,Alfred Newman,tt0033167,
13,1940,1940,Music,True,MUSIC (Original Song),MUSIC (Song),Pinocchio,Music by Leigh Harline; Lyrics by Ned Washington,tt0032910,
13,1940,1940,Production,True,ART DIRECTION (Black-and-White),ART DIRECTION (Black-and-White),Pride and Prejudice,"Cedric Gibbons, Paul Groesse",tt0032943,
13,1940,1940,Production,True,ART DIRECTION (Color),ART DIRECTION (Color),The Thief of Bagdad,Vincent Korda,tt0033152,
13,1940,1940,Production,True,CINEMATOGRAPHY (Black-and-White),CINEMATOGRAPHY (Black-and-White),Rebecca,George Barnes,tt0032976,Mystery
13,1940,1940,Production,True,CINEMATOGRAPHY (Color),CINEMATOGRAPHY (Color),The Thief of Bagdad,Georges Périnal,tt0033152,
13,1940,1940,Production,True,FILM EDITING,FILM EDITING,North West Mounted Police,Anne Bauchens,tt0032850,
13,1940,1940,Production,True,SOUND RECORDING,SOUND RECORDING,Strike Up the Band,"Metro-Goldwyn-Mayer Studio Sound Department, Douglas Shearer, Sound Director",tt0033110,
13,1940,1940,Production,True,VISUAL EFFECTS,SPECIAL EFFECTS,The Thief of Bagdad,Photographic Effects by Lawrence Butler; Sound Effects by Jack Whitney,tt0033152,
13,1940,1940,SciTech,False,SCIENTIFIC OR TECHNICAL AWARD (Class I),SCIENTIFIC OR TECHNICAL AWARD (Class I),,,,
13,1940,1940,SciTech,False,SCIENTIFIC OR TECHNICAL AWARD (Class III),SCIENTIFIC OR TECHNICAL AWARD (Class III),,,,
13,1940,1940,Special,False,SPECIAL AWARD,SPECIAL AWARD,,,,
13,1940,1940,Special,False,SPECIAL AWARD,SPECIAL AWARD,,,,
13,1940,1940,Title,True,BEST PICTURE,OUTSTANDING PRODUCTION,Rebecca,Selznick International Pictures,tt0032976,Mystery
13,1940,1940,Title,True,SHORT FILM (Animated),SHORT SUBJECT (Cartoon),The Milky Way,Metro-Goldwyn-Mayer,tt0032794,
13,1940,1940,Title,True,SHORT SUBJECT (One-reel),SHORT SUBJECT (One-reel),Quicker 'N a Wink,"Pete Smith, Producer",tt0032960,
13,1940,1940,Title,True,SHORT SUBJECT (Two-reel),SHORT SUBJECT (Two-reel),"Teddy, the Rough Rider",Warner Bros.,tt0033138,
13,1940,1940,Writing,True,WRITING (Adapted Screenplay),WRITING (Screenplay),The Philadelphia Story,Donald Ogden Stewart,tt0032904,Comedy
13,1940,1940,Writing,True,WRITING (Original Screenplay),WRITING (Original Screenplay),The Great McGinty,Preston Sturges,tt0032554,Comedy
13,1940,1940,Writing,True,WRITING (Original Story),WRITING (Original Story),"Arise, My Love","Benjamin Glazer, John S. Toldy",tt0032220,
14,1941,1940,Acting,True,ACTOR IN A LEADING ROLE,ACTOR,Sergeant York,Gary Cooper,tt0034167,War
14,1941,1940,Acting,True,ACTOR IN A SUPPORTING ROLE,ACTOR IN A SUPPORTING ROLE,How Green Was My Valley,Donald Crisp,tt0033729,Drama
14,1941,1940,Acting,True,ACTRESS IN A LEADING ROLE,ACTRESS,Suspicion,Joan Fontaine,tt0034248,Mystery
14,1941,1940,Acting,True,ACTRESS IN A SUPPORTING ROLE,ACTRESS IN A SUPPORTING ROLE,The Great Lie,Mary Astor,tt0033677,Drama
14,1941,1940,Directing,True,DIRECTING,DIRECTING,How Green Was My Valley,John Ford,tt0033729,Drama
14,1941,1940,Music,True,MUSIC (Original Score),MUSIC (Music Score of a Dramatic Picture),All That Money Can Buy,Bernard Herrmann,tt0033532,
14,1941,1940,Music,True,MUSIC (Original Song Score or Adaptation Score),MUSIC (Scoring of a Musical Picture),Dumbo,"Frank Churchill, Oliver Wallace",tt0033563,
14,1941,1940,Music,True,MUSIC (Original Song),MUSIC (Song),Lady Be Good,Music by Jerome Kern; Lyrics by Oscar Hammerstein II,tt0033803,
14,1941,1940,Production,True,ART DIRECTION (Black-and-White),ART DIRECTION (Black-and-White),How Green Was My Valley,"Art Direction: Richard Day, Nathan Juran; Interior Decoration: Thomas Little",tt0033729,Drama
14,1941,1940,Production,True,ART DIRECTION (Color),ART DIRECTION (Color),Blossoms in the Dust,"Art Direction: Cedric Gibbons, Urie McCleary; Interior Decoration: Edwin B. Willis",tt0033407,
14,1941,1940,Production,True,CINEMATOGRAPHY (Black-and-White),CINEMATOGRAPHY (Black-and-White),How Green Was My Valley,Arthur Miller,tt0033729,Drama
14,1941,1940,Production,True,CINEMATOGRAPHY (Color),CINEMATOGRAPHY (Color),Blood and Sand,"Ernest Palmer, Ray Rennahan",tt0033405,
14,1941,1940,Production,True,FILM EDITING,FILM EDITING,Sergeant York,William Holmes,tt0034167,War
14,1941,1940,Production,True,SOUND RECORDING,SOUND RECORDING,That Hamilton Woman,"General Service Sound Department, Jack Whitney, Sound Director",tt0034272,
14,1941,1940,Production,True,VISUAL EFFECTS,SPECIAL EFFECTS,I Wanted Wings,"Photographic Effects by Farciot Edouart, Gordon Jennings; Sound Effects by Louis Mesenkop",tt0033741,
14,1941,1940,SciTech,False,SCIENTIFIC OR TECHNICAL AWARD (Class II),SCIENTIFIC OR TECHNICAL AWARD (Class II),,,,
14,1941,1940,SciTech,False,SCIENTIFIC OR TECHNICAL AWARD (Class II),SCIENTIFIC OR TECHNICAL AWARD (Class II),,,,
14,1941,1940,SciTech,False,SCIENTIFIC OR TECHNICAL AWARD (Class III),SCIENTIFIC OR TECHNICAL AWARD (Class III),,,,
14,1941,1940,SciTech,False,SCIENTIFIC OR TECHNICAL AWARD (Class III),SCIENTIFIC OR TECHNICAL AWARD (Class III),,,,
14,1941,1940,SciTech,False,SCIENTIFIC OR TECHNICAL AWARD (Class III),SCIENTIFIC OR TECHNICAL AWARD (Class III),,,,
14,1941,1940,SciTech,False,SCIENTIFIC OR TECHNICAL AWARD (Class III),SCIENTIFIC OR TECHNICAL AWARD (Class III),,,,
14,1941,1940,SciTech,False,SCIENTIFIC OR TECHNICAL AWARD (Class III),SCIENTIFIC OR TECHNICAL AWARD (Class III),,,,
14,1941,1940,Special,False,IRVING G. THALBERG MEMORIAL AWARD,IRVING G. THALBERG MEMORIAL AWARD,,Walt Disney,,
14,1941,1940,Special,False,SPECIAL AWARD,SPECIAL AWARD,Target for Tonight,,tt0121791,
14,1941,1940,Special,False,SPECIAL AWARD,SPECIAL AWARD,Fantasia,,tt0032455,
14,1941,1940,Special,False,SPECIAL AWARD,SPECIAL AWARD,Kukan,,tt0121453,
14,1941,1940,Special,False,SPECIAL AWARD,SPECIAL AWARD,Fantasia,,tt0032455,
14,1941,1940,Title,True,BEST PICTURE,OUTSTANDING MOTION PICTURE,How Green Was My Valley,20th Century-Fox,tt0033729,Drama
14,1941,1940,Title,True,DOCUMENTARY (Short Subject),DOCUMENTARY (Short Subject),Churchill's Island,National Film Board of Canada,tt0033466,
14,1941,1940,Title,True,SHORT FILM (Animated),SHORT SUBJECT (Cartoon),Lend a Paw,"Walt Disney, Producer",tt0033824,
14,1941,1940,Title,True,SHORT SUBJECT (One-reel),SHORT SUBJECT (One-reel),Of Pups and Puzzles,Metro-Goldwyn-Mayer,tt0033969,
14,1941,1940,Title,True,SHORT SUBJECT (Two-reel),SHORT SUBJECT (Two-reel),Main Street on the March!,Metro-Goldwyn-Mayer,tt0033866,
14,1941,1940,Writing,True,WRITING (Adapted Screenplay),WRITING (Screenplay),Here Comes Mr. Jordan,"Sidney Buchman, Seton I. Miller",tt0033712,Comedy
14,1941,1940,Writing,True,WRITING (Original Screenplay),WRITING (Original Screenplay),Citizen Kane,"Herman J. Mankiewicz, Orson Welles",tt0033467,Mystery
14,1941,1940,Writing,True,WRITING (Original Story),WRITING (Original Story),Here Comes Mr. Jordan,Harry Segall,tt0033712,Comedy
15,1942,1940,Acting,True,ACTOR IN A LEADING ROLE,ACTOR,Yankee Doodle Dandy,James Cagney,tt0035575,Drama
15,1942,1940,Acting,True,ACTOR IN A SUPPORTING ROLE,ACTOR IN A SUPPORTING ROLE,Johnny Eager,Van Heflin,tt0033774,Crime
15,1942,1940,Acting,True,ACTRESS IN A LEADING ROLE,ACTRESS,Mrs. Miniver,Greer Garson,tt0035093,Drama
15,1942,1940,Acting,True,ACTRESS IN A SUPPORTING ROLE,ACTRESS IN A SUPPORTING ROLE,Mrs. Miniver,Teresa Wright,tt0035093,Drama
15,1942,1940,Directing,True,DIRECTING,DIRECTING,Mrs. Miniver,William Wyler,tt0035093,Drama
15,1942,1940,Music,True,MUSIC (Original Score),MUSIC (Music Score of a Dramatic or Comedy Picture),"Now, Voyager",Max Steiner,tt0035140,
15,1942,1940,Music,True,MUSIC (Original Song Score or Adaptation Score),MUSIC (Scoring of a Musical Picture),Yankee Doodle Dandy,"Ray Heindorf, Heinz Roemheld",tt0035575,Drama
15,1942,1940,Music,True,MUSIC (Original Song),MUSIC (Song),Holiday Inn,Music and Lyrics by Irving Berlin,tt0034862,
15,1942,1940,Production,True,ART DIRECTION (Black-and-White),ART DIRECTION (Black-and-White),This above All,"Art Direction: Richard Day, Joseph Wright; Interior Decoration: Thomas Little",tt0035431,
15,1942,1940,Production,True,ART DIRECTION (Color),ART DIRECTION (Color),My Gal Sal,"Art Direction: Richard Day, Joseph Wright; Interior Decoration: Thomas Little",tt0035103,
15,1942,1940,Production,True,CINEMATOGRAPHY (Black-and-White),CINEMATOGRAPHY (Black-and-White),Mrs. Miniver,Joseph Ruttenberg,tt0035093,Drama
15,1942,1940,Production,True,CINEMATOGRAPHY (Color),CINEMATOGRAPHY (Color),The Black Swan,Leon Shamroy,tt0034522,
15,1942,1940,Production,True,FILM EDITING,FILM EDITING,The Pride of the Yankees,Daniel Mandell,tt0035211,
15,1942,1940,Production,True,SOUND RECORDING,SOUND RECORDING,Yankee Doodle Dandy,"Warner Bros. Studio Sound Department, Nathan Levinson, Sound Director",tt0035575,Drama
15,1942,1940,Production,True,VISUAL EFFECTS,SPECIAL EFFECTS,Reap the Wild Wind,"Photographic Effects by Gordon Jennings, Farciot Edouart, William L. Pereira; Sound Effects by Louis Mesenkop",tt0035244,
15,1942,1940,SciTech,False,SCIENTIFIC OR TECHNICAL AWARD (Class II),SCIENTIFIC OR TECHNICAL AWARD (Class II),,,,
15,1942,1940,SciTech,False,SCIENTIFIC OR TECHNICAL AWARD (Class II),SCIENTIFIC OR TECHNICAL AWARD (Class II),,,,
15,1942,1940,SciTech,False,SCIENTIFIC OR TECHNICAL AWARD (Class III),SCIENTIFIC OR TECHNICAL AWARD (Class III),,,,
15,1942,1940,SciTech,False,SCIENTIFIC OR TECHNICAL AWARD (Class III),SCIENTIFIC OR TECHNICAL AWARD (Class III),,,,
15,1942,1940,Special,False,IRVING G. THALBERG MEMORIAL AWARD,IRVING G. THALBERG MEMORIAL AWARD,,Sidney Franklin,,
15,1942,1940,Special,False,SPECIAL AWARD,SPECIAL AWARD,,,,
15,1942,1940,Special,False,SPECIAL AWARD,SPECIAL AWARD,,,,
15,1942,1940,Special,False,SPECIAL AWARD,SPECIAL AWARD,In Which We Serve,,tt0034891,
15,1942,1940,Title,True,BEST PICTURE,OUTSTANDING MOTION PICTURE,Mrs. Miniver,Metro-Goldwyn-Mayer,tt0035093,Drama
15,1942,1940,Title,True,DOCUMENTARY (Feature),DOCUMENTARY,The Battle of Midway,United States Navy,tt0034498,
15,1942,1940,Title,True,DOCUMENTARY (Feature),DOCUMENTARY,Prelude to War,United States Army Special Services,tt0035209,
15,1942,1940,Title,True,DOCUMENTARY (Feature),DOCUMENTARY,Moscow Strikes Back,Artkino,tt0035085,
15,1942,1940,Title,True,DOCUMENTARY (Feature),DOCUMENTARY,Kokoda Front Line!,Australian News & Information Bureau,tt0034951,
15,1942,1940,Title,True,SHORT FILM (Animated),SHORT SUBJECT (Cartoon),Der Fuehrer's Face,"Walt Disney, Producer",tt0035794,
15,1942,1940,Title,True,SHORT SUBJECT (One-reel),SHORT SUBJECT (One-reel),Speaking of Animals and Their Families,Paramount,tt0035366,
15,1942,1940,Title,True,SHORT SUBJECT (Two-reel),SHORT SUBJECT (Two-reel),Beyond the Line of Duty,Warner Bros.,tt0034511,
15,1942,1940,Writing,True,WRITING (Adapted Screenplay),WRITING (Screenplay),Mrs. Miniver,"Arthur Wimperis, George Froeschel, James Hilton, Claudine West",tt0035093,Drama
15,1942,1940,Writing,True,WRITING (Original Screenplay),WRITING (Original Screenplay),Woman of the Year,"Ring Lardner, Jr., Michael Kanin",tt0035567,Comedy
15,1942,1940,Writing,True,WRITING (Original Story),WRITING (Original Motion Picture Story),The Invaders,Emeric Pressburger,tt0033627,
16,1943,1940,Acting,True,ACTOR IN A LEADING ROLE,ACTOR,Watch on the Rhine,Paul Lukas,tt0036515,Drama
16,1943,1940,Acting,True,ACTOR IN A SUPPORTING ROLE,ACTOR IN A SUPPORTING ROLE,The More the Merrier,Charles Coburn,tt0036172,Comedy
16,1943,1940,Acting,True,ACTRESS IN A LEADING ROLE,ACTRESS,The Song of Bernadette,Jennifer Jones,tt0036377,Drama
16,1943,1940,Acting,True,ACTRESS IN A SUPPORTING ROLE,ACTRESS IN A SUPPORTING ROLE,For Whom the Bell Tolls,Katina Paxinou,tt0035896,War
16,1943,1940,Directing,True,DIRECTING,DIRECTING,Casablanca,Michael Curtiz,tt0034583,Drama
16,1943,1940,Music,True,MUSIC (Original Score),MUSIC (Music Score of a Dramatic or Comedy Picture),The Song of Bernadette,Alfred Newman,tt0036377,Drama
16,1943,1940,Music,True,MUSIC (Original Song Score or Adaptation Score),MUSIC (Scoring of a Musical Picture),This Is the Army,Ray Heindorf,tt0036430,
16,1943,1940,Music,True,MUSIC (Original Song),MUSIC (Song),"Hello, Frisco, Hello",Music by Harry Warren; Lyrics by Mack Gordon,tt0035982,
16,1943,1940,Production,True,ART DIRECTION (Black-and-White),ART DIRECTION (Black-and-White),The Song of Bernadette,"Art Direction: James Basevi, William Darling; Interior Decoration: Thomas Little",tt0036377,Drama
16,1943,1940,Production,True,ART DIRECTION (Color),ART DIRECTION (Color),Phantom of the Opera,"Art Direction: John B. Goodman, Alexander Golitzen; Interior Decoration: Russell A. Gausman, Ira S. Webb",tt0036261,
16,1943,1940,Production,True,CINEMATOGRAPHY (Black-and-White),CINEMATOGRAPHY (Black-and-White),The Song of Bernadette,Arthur Miller,tt0036377,Drama
16,1943,1940,Production,True,CINEMATOGRAPHY (Color),CINEMATOGRAPHY (Color),Phantom of the Opera,"Hal Mohr, W. Howard Greene",tt0036261,
16,1943,1940,Production,True,FILM EDITING,FILM EDITING,Air Force,George Amy,tt0035616,
16,1943,1940,Production,True,SOUND RECORDING,SOUND RECORDING,This Land Is Mine,"RKO Radio Studio Sound Department, Stephen Dunn, Sound Director",tt0036431,
16,1943,1940,Production,True,VISUAL EFFECTS,SPECIAL EFFECTS,Crash Dive,Photographic Effects by Fred Sersen; Sound Effects by Roger Heman,tt0035763,
16,1943,1940,SciTech,False,SCIENTIFIC OR TECHNICAL AWARD (Class II),SCIENTIFIC OR TECHNICAL AWARD (Class II),,,,
16,1943,1940,SciTech,False,SCIENTIFIC OR TECHNICAL AWARD (Class II),SCIENTIFIC OR TECHNICAL AWARD (Class II),,,,
16,1943,1940,SciTech,False,SCIENTIFIC OR TECHNICAL AWARD (Class III),SCIENTIFIC OR TECHNICAL AWARD (Class III),,,,
16,1943,1940,SciTech,False,SCIENTIFIC OR TECHNICAL AWARD (Class III),SCIENTIFIC OR TECHNICAL AWARD (Class III),,,,
16,1943,1940,SciTech,False,SCIENTIFIC OR TECHNICAL AWARD (Class III),SCIENTIFIC OR TECHNICAL AWARD (Class III),,,,
16,1943,1940,SciTech,False,SCIENTIFIC OR TECHNICAL AWARD (Class III),SCIENTIFIC OR TECHNICAL AWARD (Class III),,,,
16,1943,1940,Special,False,IRVING G. THALBERG MEMORIAL AWARD,IRVING G. THALBERG MEMORIAL AWARD,,Hal B. Wallis,,
16,1943,1940,Special,False,SPECIAL AWARD,SPECIAL AWARD,,,,
16,1943,1940,Title,True,BEST PICTURE,OUTSTANDING MOTION PICTURE,Casablanca,Warner Bros.,tt0034583,Drama
16,1943,1940,Title,True,DOCUMENTARY (Feature),DOCUMENTARY (Feature),Desert Victory,British Ministry of Information,tt0035796,
16,1943,1940,Title,True,DOCUMENTARY (Short Subject),DOCUMENTARY (Short Subject),December 7th,United States Navy,tt0035790,
16,1943,1940,Title,True,SHORT FILM (Animated),SHORT SUBJECT (Cartoon),Yankee Doodle Mouse,"Frederick Quimby, Producer",tt0036547,
16,1943,1940,Title,True,SHORT SUBJECT (One-reel),SHORT SUBJECT (One-reel),Amphibious Fighters,"Grantland Rice, Producer",tt0035634,
16,1943,1940,Title,True,SHORT SUBJECT (Two-reel),SHORT SUBJECT (Two-reel),Heavenly Music,"Jerry Bresler and Sam Coslow, Producers",tt0035981,
16,1943,1940,Writing,True,WRITING (Adapted Screenplay),WRITING (Screenplay),Casablanca,"Julius J. Epstein, Philip G. Epstein, Howard Koch",tt0034583,Drama
16,1943,1940,Writing,True,WRITING (Original Screenplay),WRITING (Original Screenplay),Princess O'Rourke,Norman Krasna,tt0036277,Comedy
16,1943,1940,Writing,True,WRITING (Original Story),WRITING (Original Motion Picture Story),The Human Comedy,William Saroyan,tt0036022,
17,1944,1940,Acting,True,ACTOR IN A LEADING ROLE,ACTOR,Going My Way,Bing Crosby,tt0036872,Drama
17,1944,1940,Acting,True,ACTOR IN A SUPPORTING ROLE,ACTOR IN A SUPPORTING ROLE,Going My Way,Barry Fitzgerald,tt0036872,Drama
17,1944,1940,Acting,True,ACTRESS IN A LEADING ROLE,ACTRESS,Gaslight,Ingrid Bergman,tt0036855,Thriller
17,1944,1940,Acting,True,ACTRESS IN A SUPPORTING ROLE,ACTRESS IN A SUPPORTING ROLE,None but the Lonely Heart,Ethel Barrymore,tt0037135,Drama
17,1944,1940,Directing,True,DIRECTING,DIRECTING,Going My Way,Leo McCarey,tt0036872,Drama
17,1944,1940,Music,True,MUSIC (Original Score),MUSIC (Music Score of a Dramatic or Comedy Picture),Since You Went Away,Max Steiner,tt0037280,
17,1944,1940,Music,True,MUSIC (Original Song Score or Adaptation Score),MUSIC (Scoring of a Musical Picture),Cover Girl,"Morris Stoloff, Carmen Dragon",tt0036723,
17,1944,1940,Music,True,MUSIC (Original Song),MUSIC (Song),Going My Way,Music by James Van Heusen; Lyrics by Johnny Burke,tt0036872,Drama
17,1944,1940,Production,True,ART DIRECTION (Black-and-White),ART DIRECTION (Black-and-White),Gaslight,"Art Direction: Cedric Gibbons, William Ferrari; Interior Decoration: Edwin B. Willis, Paul Huldschinsky",tt0036855,Thriller
17,1944,1940,Production,True,ART DIRECTION (Color),ART DIRECTION (Color),Wilson,Art Direction: Wiard Ihnen; Interior Decoration: Thomas Little,tt0037465,Drama
17,1944,1940,Production,True,CINEMATOGRAPHY (Black-and-White),CINEMATOGRAPHY (Black-and-White),Laura,Joseph LaShelle,tt0037008,
17,1944,1940,Production,True,CINEMATOGRAPHY (Color),CINEMATOGRAPHY (Color),Wilson,Leon Shamroy,tt0037465,Drama
17,1944,1940,Production,True,FILM EDITING,FILM EDITING,Wilson,Barbara McLean,tt0037465,Drama
17,1944,1940,Production,True,SOUND RECORDING,SOUND RECORDING,Wilson,"20th Century-Fox Studio Sound Department, E. H. Hansen, Sound Director",tt0037465,Drama
17,1944,1940,Production,True,VISUAL EFFECTS,SPECIAL EFFECTS,Thirty Seconds over Tokyo,"Photographic Effects by A. Arnold Gillespie, Donald Jahraus, Warren Newcombe; Sound Effects by Douglas Shearer",tt0037366,
17,1944,1940,SciTech,False,SCIENTIFIC OR TECHNICAL AWARD (Class II),SCIENTIFIC OR TECHNICAL AWARD (Class II),,,,
17,1944,1940,SciTech,False,SCIENTIFIC OR TECHNICAL AWARD (Class III),SCIENTIFIC OR TECHNICAL AWARD (Class III),,,,
17,1944,1940,SciTech,False,SCIENTIFIC OR TECHNICAL AWARD (Class III),SCIENTIFIC OR TECHNICAL AWARD (Class III),,,,
17,1944,1940,SciTech,False,SCIENTIFIC OR TECHNICAL AWARD (Class III),SCIENTIFIC OR TECHNICAL AWARD (Class III),,,,
17,1944,1940,SciTech,False,SCIENTIFIC OR TECHNICAL AWARD (Class III),SCIENTIFIC OR TECHNICAL AWARD (Class III),,,,
17,1944,1940,SciTech,False,SCIENTIFIC OR TECHNICAL AWARD (Class III),SCIENTIFIC OR TECHNICAL AWARD (Class III),,,,
17,1944,1940,SciTech,False,SCIENTIFIC OR TECHNICAL AWARD (Class III),SCIENTIFIC OR TECHNICAL AWARD (Class III),,,,
17,1944,1940,SciTech,False,SCIENTIFIC OR TECHNICAL AWARD (Class III),SCIENTIFIC OR TECHNICAL AWARD (Class III),,,,
17,1944,1940,SciTech,False,SCIENTIFIC OR TECHNICAL AWARD (Class III),SCIENTIFIC OR TECHNICAL AWARD (Class III),,,,
17,1944,1940,SciTech,False,SCIENTIFIC OR TECHNICAL AWARD (Class III),SCIENTIFIC OR TECHNICAL AWARD (Class III),,,,
17,1944,1940,SciTech,False,SCIENTIFIC OR TECHNICAL AWARD (Class III),SCIENTIFIC OR TECHNICAL AWARD (Class III),,,,
17,1944,1940,Special,False,IRVING G. THALBERG MEMORIAL AWARD,IRVING G. THALBERG MEMORIAL AWARD,,Darryl F. Zanuck,,
17,1944,1940,Special,False,SPECIAL AWARD,SPECIAL AWARD,,,,
17,1944,1940,Special,False,SPECIAL AWARD,SPECIAL AWARD,,,,
17,1944,1940,Title,True,BEST PICTURE,BEST MOTION PICTURE,Going My Way,Paramount,tt0036872,Drama
17,1944,1940,Title,True,DOCUMENTARY (Feature),DOCUMENTARY (Feature),The Fighting Lady,United States Navy,tt0036823,
17,1944,1940,Title,True,DOCUMENTARY (Short Subject),DOCUMENTARY (Short Subject),With the Marines at Tarawa,United States Marine Corps,tt0037468,
17,1944,1940,Title,True,SHORT FILM (Animated),SHORT SUBJECT (Cartoon),Mouse Trouble,"Frederick C. Quimby, Producer",tt0037090,
17,1944,1940,Title,True,SHORT SUBJECT (One-reel),SHORT SUBJECT (One-reel),Who's Who in Animal Land,"Jerry Fairbanks, Producer",tt0037463,
17,1944,1940,Title,True,SHORT SUBJECT (Two-reel),SHORT SUBJECT (Two-reel),I Won't Play,"Gordon Hollingshead, Producer",tt0036939,
17,1944,1940,Writing,True,WRITING (Adapted Screenplay),WRITING (Screenplay),Going My Way,"Frank Butler, Frank Cavett",tt0036872,Drama
17,1944,1940,Writing,True,WRITING (Original Screenplay),WRITING (Original Screenplay),Wilson,Lamar Trotti,tt0037465,Drama
17,1944,1940,Writing,True,WRITING (Original Story),WRITING (Original Motion Picture Story),Going My Way,Leo McCarey,tt0036872,Drama
18,1945,1940,Acting,True,ACTOR IN A LEADING ROLE,ACTOR,The Lost Weekend,Ray Milland,tt0037884,Drama
18,1945,1940,Acting,True,ACTOR IN A SUPPORTING ROLE,ACTOR IN A SUPPORTING ROLE,A Tree Grows in Brooklyn,James Dunn,tt0038190,Drama
18,1945,1940,Acting,True,ACTRESS IN A LEADING ROLE,ACTRESS,Mildred Pierce,Joan Crawford,tt0037913,Crime
18,1945,1940,Acting,True,ACTRESS IN A SUPPORTING ROLE,ACTRESS IN A SUPPORTING ROLE,National Velvet,Anne Revere,tt0037120,Drama
18,1945,1940,Directing,True,DIRECTING,DIRECTING,The Lost Weekend,Billy Wilder,tt0037884,Drama
18,1945,1940,Music,True,MUSIC (Original Score),MUSIC (Music Score of a Dramatic or Comedy Picture),Spellbound,Miklos Rozsa,tt0038109,
18,1945,1940,Music,True,MUSIC (Original Song Score or Adaptation Score),MUSIC (Scoring of a Musical Picture),Anchors Aweigh,Georgie Stoll,tt0037514,
18,1945,1940,Music,True,MUSIC (Original Song),MUSIC (Song),State Fair,Music by Richard Rodgers; Lyrics by Oscar Hammerstein II,tt0038116,
18,1945,1940,Production,True,ART DIRECTION (Black-and-White),ART DIRECTION (Black-and-White),Blood on the Sun,Art Direction: Wiard Ihnen; Interior Decoration: A. Roland Fields,tt0037547,
18,1945,1940,Production,True,ART DIRECTION (Color),ART DIRECTION (Color),Frenchman's Creek,"Art Direction: Hans Dreier, Ernst Fegte; Interior Decoration: Sam Comer",tt0036840,
18,1945,1940,Production,True,CINEMATOGRAPHY (Black-and-White),CINEMATOGRAPHY (Black-and-White),The Picture of Dorian Gray,Harry Stradling,tt0037988,
18,1945,1940,Production,True,CINEMATOGRAPHY (Color),CINEMATOGRAPHY (Color),Leave Her to Heaven,Leon Shamroy,tt0037865,
18,1945,1940,Production,True,FILM EDITING,FILM EDITING,National Velvet,Robert J. Kern,tt0037120,Drama
18,1945,1940,Production,True,SOUND RECORDING,SOUND RECORDING,The Bells of St. Mary's,"RKO Radio Studio Sound Department, Stephen Dunn, Sound Director",tt0037536,
18,1945,1940,Production,True,VISUAL EFFECTS,SPECIAL EFFECTS,Wonder Man,Photographic Effects by John Fulton; Sound Effects by Arthur W. Johns,tt0038260,
18,1945,1940,SciTech,False,SCIENTIFIC OR TECHNICAL AWARD (Class III),SCIENTIFIC OR TECHNICAL AWARD (Class III),,,,
18,1945,1940,SciTech,False,SCIENTIFIC OR TECHNICAL AWARD (Class III),SCIENTIFIC OR TECHNICAL AWARD (Class III),,,,
18,1945,1940,Special,False,SPECIAL AWARD,SPECIAL AWARD,,,,
18,1945,1940,Special,False,SPECIAL AWARD,SPECIAL AWARD,,,,
18,1945,1940,Special,False,SPECIAL AWARD,SPECIAL AWARD,,,,
18,1945,1940,Special,False,SPECIAL AWARD,SPECIAL AWARD,The House I Live In,,tt0037792,
18,1945,1940,Title,True,BEST PICTURE,BEST MOTION PICTURE,The Lost Weekend,Paramount,tt0037884,Drama
18,1945,1940,Title,True,DOCUMENTARY (Feature),DOCUMENTARY (Feature),The True Glory,The Governments of Great Britain and the United States of America,tt0038192,
18,1945,1940,Title,True,DOCUMENTARY (Short Subject),DOCUMENTARY (Short Subject),Hitler Lives?,"Gordon Hollingshead, Producer",tt0037783,
18,1945,1940,Title,True,SHORT FILM (Animated),SHORT SUBJECT (Cartoon),Quiet Please!,"Frederick Quimby, Producer",tt0038011,
18,1945,1940,Title,True,SHORT SUBJECT (One-reel),SHORT SUBJECT (One-reel),Stairway to Light,"Herbert Moulton, Producer; Jerry Bresler, Executive Producer",tt0038114,
18,1945,1940,Title,True,SHORT SUBJECT (Two-reel),SHORT SUBJECT (Two-reel),Star in the Night,"Gordon Hollingshead, Producer",tt0038115,
18,1945,1940,Writing,True,WRITING (Adapted Screenplay),WRITING (Screenplay),The Lost Weekend,"Charles Brackett, Billy Wilder",tt0037884,Drama
18,1945,1940,Writing,True,WRITING (Original Screenplay),WRITING (Original Screenplay),Marie-Louise,Richard Schweizer,tt0037899,Drama
18,1945,1940,Writing,True,WRITING (Original Story),WRITING (Original Motion Picture Story),The House on 92nd Street,Charles G. Booth,tt0037795,
19,1946,1940,Acting,True,ACTOR IN A LEADING ROLE,ACTOR,The Best Years of Our Lives,Fredric March,tt0036868,Drama
19,1946,1940,Acting,True,ACTOR IN A SUPPORTING ROLE,ACTOR IN A SUPPORTING ROLE,The Best Years of Our Lives,Harold Russell,tt0036868,Drama
19,1946,1940,Acting,True,ACTRESS IN A LEADING ROLE,ACTRESS,To Each His Own,Olivia de Havilland,tt0039040,Drama
19,1946,1940,Acting,True,ACTRESS IN A SUPPORTING ROLE,ACTRESS IN A SUPPORTING ROLE,The Razor's Edge,Anne Baxter,tt0038873,Drama
19,1946,1940,Directing,True,DIRECTING,DIRECTING,The Best Years of Our Lives,William Wyler,tt0036868,Drama
19,1946,1940,Music,True,MUSIC (Original Score),MUSIC (Music Score of a Dramatic or Comedy Picture),The Best Years of Our Lives,Hugo Friedhofer,tt0036868,Drama
19,1946,1940,Music,True,MUSIC (Original Song Score or Adaptation Score),MUSIC (Scoring of a Musical Picture),The Jolson Story,Morris Stoloff,tt0038661,
19,1946,1940,Music,True,MUSIC (Original Song),MUSIC (Song),The Harvey Girls,Music by Harry Warren; Lyrics by Johnny Mercer,tt0038589,
19,1946,1940,Production,True,ART DIRECTION (Black-and-White),ART DIRECTION (Black-and-White),Anna and the King of Siam,"Art Direction: Lyle Wheeler, William Darling; Interior Decoration: Thomas Little, Frank E. Hughes",tt0038303,
19,1946,1940,Production,True,ART DIRECTION (Color),ART DIRECTION (Color),The Yearling,"Art Direction: Cedric Gibbons, Paul Groesse; Interior Decoration: Edwin B. Willis",tt0039111,
19,1946,1940,Production,True,CINEMATOGRAPHY (Black-and-White),CINEMATOGRAPHY (Black-and-White),Anna and the King of Siam,Arthur Miller,tt0038303,
19,1946,1940,Production,True,CINEMATOGRAPHY (Color),CINEMATOGRAPHY (Color),The Yearling,"Charles Rosher, Leonard Smith, Arthur Arling",tt0039111,
19,1946,1940,Production,True,FILM EDITING,FILM EDITING,The Best Years of Our Lives,Daniel Mandell,tt0036868,Drama
19,1946,1940,Production,True,SOUND RECORDING,SOUND RECORDING,The Jolson Story,"Columbia Studio Sound Department, John Livadary, Sound Director",tt0038661,
19,1946,1940,Production,True,VISUAL EFFECTS,SPECIAL EFFECTS,Blithe Spirit,Special Visual Effects by Thomas Howard,tt0038363,
19,1946,1940,SciTech,False,SCIENTIFIC OR TECHNICAL AWARD (Class III),SCIENTIFIC OR TECHNICAL AWARD (Class III),,,,
19,1946,1940,SciTech,False,SCIENTIFIC OR TECHNICAL AWARD (Class III),SCIENTIFIC OR TECHNICAL AWARD (Class III),,,,
19,1946,1940,SciTech,False,SCIENTIFIC OR TECHNICAL AWARD (Class III),SCIENTIFIC OR TECHNICAL AWARD (Class III),,,,
19,1946,1940,SciTech,False,SCIENTIFIC OR TECHNICAL AWARD (Class III),SCIENTIFIC OR TECHNICAL AWARD (Class III),,,,
19,1946,1940,SciTech,False,SCIENTIFIC OR TECHNICAL AWARD (Class III),SCIENTIFIC OR TECHNICAL AWARD (Class III),,,,
19,1946,1940,SciTech,False,SCIENTIFIC OR TECHNICAL AWARD (Class III),SCIENTIFIC OR TECHNICAL AWARD (Class III),,,,
19,1946,1940,SciTech,False,SCIENTIFIC OR TECHNICAL AWARD (Class III),SCIENTIFIC OR TECHNICAL AWARD (Class III),,,,
19,1946,1940,SciTech,False,SCIENTIFIC OR TECHNICAL AWARD (Class III),SCIENTIFIC OR TECHNICAL AWARD (Class III),,,,
19,1946,1940,SciTech,False,SCIENTIFIC OR TECHNICAL AWARD (Class III),SCIENTIFIC OR TECHNICAL AWARD (Class III),,,,
19,1946,1940,Special,False,IRVING G. THALBERG MEMORIAL AWARD,IRVING G. THALBERG MEMORIAL AWARD,,Samuel Goldwyn,,
19,1946,1940,Special,False,SPECIAL AWARD,SPECIAL AWARD,The Best Years of Our Lives,,tt0036868,Drama
19,1946,1940,Special,False,SPECIAL AWARD,SPECIAL AWARD,Henry V,,tt0036910,
19,1946,1940,Special,False,SPECIAL AWARD,SPECIAL AWARD,,,,
19,1946,1940,Special,False,SPECIAL AWARD,SPECIAL AWARD,,,,
19,1946,1940,Title,True,BEST PICTURE,BEST MOTION PICTURE,The Best Years of Our Lives,Samuel Goldwyn Productions,tt0036868,Drama
19,1946,1940,Title,True,DOCUMENTARY (Short Subject),DOCUMENTARY (Short Subject),Seeds of Destiny,United States Department of War,tt0038919,
19,1946,1940,Title,True,SHORT FILM (Animated),SHORT SUBJECT (Cartoon),The Cat Concerto,"Frederick Quimby, Producer",tt0039251,
19,1946,1940,Title,True,SHORT SUBJECT (One-reel),SHORT SUBJECT (One-reel),Facing Your Danger,"Gordon Hollingshead, Producer",tt0038515,
19,1946,1940,Title,True,SHORT SUBJECT (Two-reel),SHORT SUBJECT (Two-reel),A Boy and His Dog,"Gordon Hollingshead, Producer",tt0038379,
19,1946,1940,Writing,True,WRITING (Adapted Screenplay),WRITING (Screenplay),The Best Years of Our Lives,Robert E. Sherwood,tt0036868,Drama
19,1946,1940,Writing,True,WRITING (Original Screenplay),WRITING (Original Screenplay),The Seventh Veil,"Muriel Box, Sydney Box",tt0038924,Music
19,1946,1940,Writing,True,WRITING (Original Story),WRITING (Original Motion Picture Story),Vacation from Marriage,Clemence Dane,tt0037980,
20,1947,1940,Acting,True,ACTOR IN A LEADING ROLE,ACTOR,A Double Life,Ronald Colman,tt0039335,Drama
20,1947,1940,Acting,True,ACTOR IN A SUPPORTING ROLE,ACTOR IN A SUPPORTING ROLE,Miracle on 34th Street,Edmund Gwenn,tt0039628,Comedy
20,1947,1940,Acting,True,ACTRESS IN A LEADING ROLE,ACTRESS,The Farmer's Daughter,Loretta Young,tt0039370,Comedy
20,1947,1940,Acting,True,ACTRESS IN A SUPPORTING ROLE,ACTRESS IN A SUPPORTING ROLE,Gentleman's Agreement,Celeste Holm,tt0039416,Drama
20,1947,1940,Directing,True,DIRECTING,DIRECTING,Gentleman's Agreement,Elia Kazan,tt0039416,Drama
20,1947,1940,Music,True,MUSIC (Original Score),MUSIC (Music Score of a Dramatic or Comedy Picture),A Double Life,Dr. Miklos Rozsa,tt0039335,Drama
20,1947,1940,Music,True,MUSIC (Original Song Score or Adaptation Score),MUSIC (Scoring of a Musical Picture),Mother Wore Tights,Alfred Newman,tt0039634,
20,1947,1940,Music,True,MUSIC (Original Song),MUSIC (Song),Song of the South,Music by Allie Wrubel; Lyrics by Ray Gilbert,tt0038969,
20,1947,1940,Production,True,ART DIRECTION (Black-and-White),ART DIRECTION (Black-and-White),Great Expectations,Art Direction: John Bryan; Set Decoration: Wilfred Shingleton,tt0038574,
20,1947,1940,Production,True,ART DIRECTION (Color),ART DIRECTION (Color),Black Narcissus,Art Direction: Alfred Junge; Set Decoration: Alfred Junge,tt0039192,
20,1947,1940,Production,True,CINEMATOGRAPHY (Black-and-White),CINEMATOGRAPHY (Black-and-White),Great Expectations,Guy Green,tt0038574,
20,1947,1940,Production,True,CINEMATOGRAPHY (Color),CINEMATOGRAPHY (Color),Black Narcissus,Jack Cardiff,tt0039192,
20,1947,1940,Production,True,FILM EDITING,FILM EDITING,Body and Soul,"Francis Lyon, Robert Parrish",tt0039204,
20,1947,1940,Production,True,SOUND RECORDING,SOUND RECORDING,The Bishop's Wife,"Samuel Goldwyn Studio Sound Department, Gordon Sawyer, Sound Director",tt0039190,
20,1947,1940,Production,True,VISUAL EFFECTS,SPECIAL EFFECTS,Green Dolphin Street,"Special Visual Effects by A. Arnold Gillespie, Warren Newcombe; Special Audible Effects by Douglas Shearer, Michael Steinore",tt0039437,
20,1947,1940,SciTech,False,SCIENTIFIC OR TECHNICAL AWARD (Class II),SCIENTIFIC OR TECHNICAL AWARD (Class II),,,,
20,1947,1940,SciTech,False,SCIENTIFIC OR TECHNICAL AWARD (Class II),SCIENTIFIC OR TECHNICAL AWARD (Class II),,,,
20,1947,1940,SciTech,False,SCIENTIFIC OR TECHNICAL AWARD (Class III),SCIENTIFIC OR TECHNICAL AWARD (Class III),,,,
20,1947,1940,SciTech,False,SCIENTIFIC OR TECHNICAL AWARD (Class III),SCIENTIFIC OR TECHNICAL AWARD (Class III),,,,
20,1947,1940,SciTech,False,SCIENTIFIC OR TECHNICAL AWARD (Class III),SCIENTIFIC OR TECHNICAL AWARD (Class III),,,,
20,1947,1940,SciTech,False,SCIENTIFIC OR TECHNICAL AWARD (Class III),SCIENTIFIC OR TECHNICAL AWARD (Class III),,,,
20,1947,1940,SciTech,False,SCIENTIFIC OR TECHNICAL AWARD (Class III),SCIENTIFIC OR TECHNICAL AWARD (Class III),,,,
20,1947,1940,Special,False,SPECIAL AWARD,SPECIAL AWARD,Bill and Coo,,tt0039188,
20,1947,1940,Special,False,SPECIAL AWARD,SPECIAL AWARD,,,,
20,1947,1940,Special,False,SPECIAL AWARD,SPECIAL AWARD,Song of the South,,tt0038969,
20,1947,1940,Special,False,SPECIAL AWARD,SPECIAL AWARD,Shoe-Shine,,tt0038913,
20,1947,1940,Title,True,BEST PICTURE,BEST MOTION PICTURE,Gentleman's Agreement,20th Century-Fox,tt0039416,Drama
20,1947,1940,Title,True,DOCUMENTARY (Feature),DOCUMENTARY (Feature),Design for Death,"Sid Rogell, Executive Producer; Theron Warth and Richard O. Fleischer, Producers",tt0040285,
20,1947,1940,Title,True,DOCUMENTARY (Short Subject),DOCUMENTARY (Short Subject),First Steps,United Nations Division of Films and Visual Information,tt0039384,
20,1947,1940,Title,True,SHORT FILM (Animated),SHORT SUBJECT (Cartoon),Tweetie Pie,"Edward Selzer, Producer",tt0039923,
20,1947,1940,Title,True,SHORT SUBJECT (One-reel),SHORT SUBJECT (One-reel),Good-bye Miss Turlock,"Herbert Moulton, Producer",tt0039432,
20,1947,1940,Title,True,SHORT SUBJECT (Two-reel),SHORT SUBJECT (Two-reel),Climbing the Matterhorn,"Irving Allen, Producer",tt0039267,
20,1947,1940,Writing,True,WRITING (Adapted Screenplay),WRITING (Screenplay),Miracle on 34th Street,George Seaton,tt0039628,Comedy
20,1947,1940,Writing,True,WRITING (Original Screenplay),WRITING (Original Screenplay),The Bachelor and the Bobby-Soxer,Sidney Sheldon,tt0039169,Comedy
20,1947,1940,Writing,True,WRITING (Original Story),WRITING (Motion Picture Story),Miracle on 34th Street,Valentine Davies,tt0039628,Comedy
21,1948,1940,Acting,True,ACTOR IN A LEADING ROLE,ACTOR,Hamlet,Laurence Olivier,tt0040416,Drama
21,1948,1940,Acting,True,ACTOR IN A SUPPORTING ROLE,ACTOR IN A SUPPORTING ROLE,The Treasure of the Sierra Madre,Walter Huston,tt0040897,Adventure
21,1948,1940,Acting,True,ACTRESS IN A LEADING ROLE,ACTRESS,Johnny Belinda,Jane Wyman,tt0040495,Drama
21,1948,1940,Acting,True,ACTRESS IN A SUPPORTING ROLE,ACTRESS IN A SUPPORTING ROLE,Key Largo,Claire Trevor,tt0040506,Crime
21,1948,1940,Directing,True,DIRECTING,DIRECTING,The Treasure of the Sierra Madre,John Huston,tt0040897,Adventure
21,1948,1940,Music,True,MUSIC (Original Score),MUSIC (Music Score of a Dramatic or Comedy Picture),The Red Shoes,Brian Easdale,tt0040725,
21,1948,1940,Music,True,MUSIC (Original Song Score or Adaptation Score),MUSIC (Scoring of a Musical Picture),Easter Parade,"Johnny Green, Roger Edens",tt0040308,
21,1948,1940,Music,True,MUSIC (Original Song),MUSIC (Song),The Paleface,Music and Lyrics by Jay Livingston and Ray Evans,tt0040679,
21,1948,1940,Production,True,ART DIRECTION (Black-and-White),ART DIRECTION (Black-and-White),Hamlet,Art Direction: Roger K. Furse; Set Decoration: Carmen Dillon,tt0040416,Drama
21,1948,1940,Production,True,ART DIRECTION (Color),ART DIRECTION (Color),The Red Shoes,Art Direction: Hein Heckroth; Set Decoration: Arthur Lawson,tt0040725,
21,1948,1940,Production,True,CINEMATOGRAPHY (Black-and-White),CINEMATOGRAPHY (Black-and-White),The Naked City,William Daniels,tt0040636,
21,1948,1940,Production,True,CINEMATOGRAPHY (Color),CINEMATOGRAPHY (Color),Joan of Arc,"Joseph Valentine, William V. Skall, Winton Hoch",tt0040491,
21,1948,1940,Production,True,COSTUME DESIGN (Black-and-White),COSTUME DESIGN (Black-and-White),Hamlet,Roger K. Furse,tt0040416,Drama
21,1948,1940,Production,True,COSTUME DESIGN (Color),COSTUME DESIGN (Color),Joan of Arc,"Dorothy Jeakins, Karinska",tt0040491,
21,1948,1940,Production,True,FILM EDITING,FILM EDITING,The Naked City,Paul Weatherwax,tt0040636,
21,1948,1940,Production,True,SOUND RECORDING,SOUND RECORDING,The Snake Pit,"20th Century-Fox Studio Sound Department, Thomas T. Moulton, Sound Director",tt0040806,
21,1948,1940,Production,True,VISUAL EFFECTS,SPECIAL EFFECTS,Portrait of Jennie,"Special Visual Effects by Paul Eagler, J. McMillan Johnson, Russell Shearman, Clarence Slifer; Special Audible Effects by Charles Freeman, James G. Stewart",tt0040705,
21,1948,1940,SciTech,False,SCIENTIFIC OR TECHNICAL AWARD (Class II),SCIENTIFIC OR TECHNICAL AWARD (Class II),,,,
21,1948,1940,SciTech,False,SCIENTIFIC OR TECHNICAL AWARD (Class II),SCIENTIFIC OR TECHNICAL AWARD (Class II),,,,
21,1948,1940,SciTech,False,SCIENTIFIC OR TECHNICAL AWARD (Class III),SCIENTIFIC OR TECHNICAL AWARD (Class III),,,,
21,1948,1940,SciTech,False,SCIENTIFIC OR TECHNICAL AWARD (Class III),SCIENTIFIC OR TECHNICAL AWARD (Class III),,,,
21,1948,1940,Special,False,IRVING G. THALBERG MEMORIAL AWARD,IRVING G. THALBERG MEMORIAL AWARD,,Jerry Wald,,
21,1948,1940,Special,False,SPECIAL AWARD,SPECIAL AWARD,,,,
21,1948,1940,Special,False,SPECIAL AWARD,SPECIAL AWARD,,,,
21,1948,1940,Special,False,SPECIAL AWARD,SPECIAL AWARD,,,,
21,1948,1940,Special,False,SPECIAL AWARD,SPECIAL AWARD,Joan of Arc,,tt0040491,
21,1948,1940,Special,False,SPECIAL AWARD,SPECIAL AWARD,The Search,,tt0040765,
21,1948,1940,Special,False,SPECIAL FOREIGN LANGUAGE FILM AWARD,SPECIAL FOREIGN LANGUAGE FILM AWARD,Monsieur Vincent,,tt0039632,
21,1948,1940,Title,True,BEST PICTURE,BEST MOTION PICTURE,Hamlet,J. Arthur Rank-Two Cities Films,tt0040416,Drama
21,1948,1940,Title,True,DOCUMENTARY (Feature),DOCUMENTARY (Feature),The Secret Land,"Orville O. Dull, Producer",tt0040767,
21,1948,1940,Title,True,DOCUMENTARY (Short Subject),DOCUMENTARY (Short Subject),Toward Independence,United States Army,tt0040893,
21,1948,1940,Title,True,SHORT FILM (Animated),SHORT SUBJECT (Cartoon),The Little Orphan,"Fred Quimby, Producer",tt0041592,
21,1948,1940,Title,True,SHORT SUBJECT (One-reel),SHORT SUBJECT (One-reel),Symphony of a City,"Edmund H. Reek, Producer",tt0039648,
21,1948,1940,Title,True,SHORT SUBJECT (Two-reel),SHORT SUBJECT (Two-reel),Seal Island,"Walt Disney, Producer",tt0040763,
21,1948,1940,Writing,True,WRITING (Adapted Screenplay),WRITING (Screenplay),The Treasure of the Sierra Madre,John Huston,tt0040897,Adventure
21,1948,1940,Writing,True,WRITING (Original Story),WRITING (Motion Picture Story),The Search,"Richard Schweizer, David Wechsler",tt0040765,
22,1949,1940,Acting,True,ACTOR IN A LEADING ROLE,ACTOR,All the King's Men,Broderick Crawford,tt0041113,Drama
22,1949,1940,Acting,True,ACTOR IN A SUPPORTING ROLE,ACTOR IN A SUPPORTING ROLE,Twelve O'Clock High,Dean Jagger,tt0041996,War
22,1949,1940,Acting,True,ACTRESS IN A LEADING ROLE,ACTRESS,The Heiress,Olivia de Havilland,tt0041452,Drama
22,1949,1940,Acting,True,ACTRESS IN A SUPPORTING ROLE,ACTRESS IN A SUPPORTING ROLE,All the King's Men,Mercedes McCambridge,tt0041113,Drama
22,1949,1940,Directing,True,DIRECTING,DIRECTING,A Letter to Three Wives,Joseph L. Mankiewicz,tt0041587,Romance
22,1949,1940,Music,True,MUSIC (Original Score),MUSIC (Music Score of a Dramatic or Comedy Picture),The Heiress,Aaron Copland,tt0041452,Drama
22,1949,1940,Music,True,MUSIC (Original Song Score or Adaptation Score),MUSIC (Scoring of a Musical Picture),On the Town,"Roger Edens, Lennie Hayton",tt0041716,
22,1949,1940,Music,True,MUSIC (Original Song),MUSIC (Song),Neptune's Daughter,Music and Lyrics by Frank Loesser,tt0041687,
22,1949,1940,Production,True,ART DIRECTION (Black-and-White),ART DIRECTION (Black-and-White),The Heiress,"Art Direction: Harry Horner, John Meehan; Set Decoration: Emile Kuri",tt0041452,Drama
22,1949,1940,Production,True,ART DIRECTION (Color),ART DIRECTION (Color),Little Women,"Art Direction: Cedric Gibbons, Paul Groesse; Set Decoration: Edwin B. Willis, Jack D. Moore",tt0041594,
22,1949,1940,Production,True,CINEMATOGRAPHY (Black-and-White),CINEMATOGRAPHY (Black-and-White),Battleground,Paul C. Vogel,tt0041163,Action
22,1949,1940,Production,True,CINEMATOGRAPHY (Color),CINEMATOGRAPHY (Color),She Wore a Yellow Ribbon,Winton Hoch,tt0041866,
22,1949,1940,Production,True,COSTUME DESIGN (Black-and-White),COSTUME DESIGN (Black-and-White),The Heiress,"Edith Head, Gile Steele",tt0041452,Drama
22,1949,1940,Production,True,COSTUME DESIGN (Color),COSTUME DESIGN (Color),The Adventures of Don Juan,"Leah Rhodes, Travilla, Marjorie Best",tt0040076,
22,1949,1940,Production,True,FILM EDITING,FILM EDITING,Champion,Harry Gerstad,tt0041239,
22,1949,1940,Production,True,SOUND RECORDING,SOUND RECORDING,Twelve O'Clock High,"20th Century-Fox Studio Sound Department, Thomas T. Moulton, Sound Director",tt0041996,War
22,1949,1940,Production,True,VISUAL EFFECTS,SPECIAL EFFECTS,Mighty Joe Young,ARKO Productions,tt0041650,
22,1949,1940,SciTech,False,SCIENTIFIC OR TECHNICAL AWARD (Class I),SCIENTIFIC OR TECHNICAL AWARD (Class I),,,,
22,1949,1940,SciTech,False,SCIENTIFIC OR TECHNICAL AWARD (Class III),SCIENTIFIC OR TECHNICAL AWARD (Class III),,,,
22,1949,1940,SciTech,False,SCIENTIFIC OR TECHNICAL AWARD (Class III),SCIENTIFIC OR TECHNICAL AWARD (Class III),,,,
22,1949,1940,SciTech,False,SCIENTIFIC OR TECHNICAL AWARD (Class III),SCIENTIFIC OR TECHNICAL AWARD (Class III),,,,
22,1949,1940,SciTech,False,SCIENTIFIC OR TECHNICAL AWARD (Class III),SCIENTIFIC OR TECHNICAL AWARD (Class III),,,,
22,1949,1940,SciTech,False,SCIENTIFIC OR TECHNICAL AWARD (Class III),SCIENTIFIC OR TECHNICAL AWARD (Class III),,,,
22,1949,1940,SciTech,False,SCIENTIFIC OR TECHNICAL AWARD (Class III),SCIENTIFIC OR TECHNICAL AWARD (Class III),,,,
22,1949,1940,SciTech,False,SCIENTIFIC OR TECHNICAL AWARD (Class III),SCIENTIFIC OR TECHNICAL AWARD (Class III),,,,
22,1949,1940,Special,False,SPECIAL AWARD,SPECIAL AWARD,,,,
22,1949,1940,Special,False,SPECIAL AWARD,SPECIAL AWARD,,,,
22,1949,1940,Special,False,SPECIAL AWARD,SPECIAL AWARD,,,,
22,1949,1940,Special,False,SPECIAL AWARD,SPECIAL AWARD,,,,
22,1949,1940,Special,False,SPECIAL FOREIGN LANGUAGE FILM AWARD,SPECIAL FOREIGN LANGUAGE FILM AWARD,The Bicycle Thief,,tt0040522,
22,1949,1940,Title,True,BEST PICTURE,BEST MOTION PICTURE,All the King's Men,Robert Rossen Productions,tt0041113,Drama
22,1949,1940,Title,True,DOCUMENTARY (Feature),DOCUMENTARY (Feature),Daybreak in Udi,Crown Film Unit,tt0041283,
22,1949,1940,Title,True,DOCUMENTARY (Short Subject),DOCUMENTARY (Short Subject),A Chance to Live,"Richard de Rochemont, Producer",tt0041240,
22,1949,1940,Title,True,DOCUMENTARY (Short Subject),DOCUMENTARY (Short Subject),So Much for So Little,"Edward Selzer, Producer",tt0041891,
22,1949,1940,Title,True,SHORT FILM (Animated),SHORT SUBJECT (Cartoon),For Scent-Imental Reasons,"Edward Selzer, Producer",tt0041380,
22,1949,1940,Title,True,SHORT SUBJECT (One-reel),SHORT SUBJECT (One-reel),Aquatic House-Party,"Jack Eaton, Producer",tt0041130,
22,1949,1940,Title,True,SHORT SUBJECT (Two-reel),SHORT SUBJECT (Two-reel),Van Gogh,"Gaston Diehl and Robert Haessens, Producers",tt0040930,
22,1949,1940,Writing,True,WRITING (Adapted Screenplay),WRITING (Screenplay),A Letter to Three Wives,Joseph L. Mankiewicz,tt0041587,Romance
22,1949,1940,Writing,True,WRITING (Original Screenplay),WRITING (Story and Screenplay),Battleground,Robert Pirosh,tt0041163,Action
22,1949,1940,Writing,True,WRITING (Original Story),WRITING (Motion Picture Story),The Stratton Story,Douglas Morrow,tt0041928,
23,1950,1950,Acting,True,ACTOR IN A LEADING ROLE,ACTOR,Cyrano de Bergerac,José Ferrer,tt0042367,Romance
23,1950,1950,Acting,True,ACTOR IN A SUPPORTING ROLE,ACTOR IN A SUPPORTING ROLE,All about Eve,George Sanders,tt0042192,Drama
23,1950,1950,Acting,True,ACTRESS IN A LEADING ROLE,ACTRESS,Born Yesterday,Judy Holliday,tt0042276,Comedy
23,1950,1950,Acting,True,ACTRESS IN A SUPPORTING ROLE,ACTRESS IN A SUPPORTING ROLE,Harvey,Josephine Hull,tt0042546,Comedy
23,1950,1950,Directing,True,DIRECTING,DIRECTING,All about Eve,Joseph L. Mankiewicz,tt0042192,Drama
23,1950,1950,Music,True,MUSIC (Original Score),MUSIC (Music Score of a Dramatic or Comedy Picture),Sunset Blvd.,Franz Waxman,tt0043014,Drama
23,1950,1950,Music,True,MUSIC (Original Song Score or Adaptation Score),MUSIC (Scoring of a Musical Picture),Annie Get Your Gun,"Adolph Deutsch, Roger Edens",tt0042200,
23,1950,1950,Music,True,MUSIC (Original Song),MUSIC (Song),"Captain Carey, U.S.A.",Music and Lyrics by Ray Evans and Jay Livingston,tt0042310,
23,1950,1950,Production,True,ART DIRECTION (Black-and-White),ART DIRECTION (Black-and-White),Sunset Blvd.,"Art Direction: Hans Dreier, John Meehan; Set Decoration: Sam Comer, Ray Moyer",tt0043014,Drama
23,1950,1950,Production,True,ART DIRECTION (Color),ART DIRECTION (Color),Samson and Delilah,"Art Direction: Hans Dreier, Walter Tyler; Set Decoration: Sam Comer, Ray Moyer",tt0041838,
23,1950,1950,Production,True,CINEMATOGRAPHY (Black-and-White),CINEMATOGRAPHY (Black-and-White),The Third Man,Robert Krasker,tt0041959,
23,1950,1950,Production,True,CINEMATOGRAPHY (Color),CINEMATOGRAPHY (Color),King Solomon's Mines,Robert Surtees,tt0042646,
23,1950,1950,Production,True,COSTUME DESIGN (Black-and-White),COSTUME DESIGN (Black-and-White),All about Eve,"Edith Head, Charles LeMaire",tt0042192,Drama
23,1950,1950,Production,True,COSTUME DESIGN (Color),COSTUME DESIGN (Color),Samson and Delilah,"Edith Head, Dorothy Jeakins, Elois Jenssen, Gile Steele, Gwen Wakeling",tt0041838,
23,1950,1950,Production,True,FILM EDITING,FILM EDITING,King Solomon's Mines,"Ralph E. Winters, Conrad A. Nervig",tt0042646,
23,1950,1950,Production,True,SOUND RECORDING,SOUND RECORDING,All about Eve,"20th Century-Fox Studio Sound Department, Thomas T. Moulton, Sound Director",tt0042192,Drama
23,1950,1950,Production,True,VISUAL EFFECTS,SPECIAL EFFECTS,Destination Moon,George Pal Productions,tt0042393,
23,1950,1950,SciTech,False,SCIENTIFIC OR TECHNICAL AWARD (Class II),SCIENTIFIC OR TECHNICAL AWARD (Class II),,,,
23,1950,1950,SciTech,False,SCIENTIFIC OR TECHNICAL AWARD (Class II),SCIENTIFIC OR TECHNICAL AWARD (Class II),,,,
23,1950,1950,SciTech,False,SCIENTIFIC OR TECHNICAL AWARD (Class II),SCIENTIFIC OR TECHNICAL AWARD (Class II),,,,
23,1950,1950,Special,False,HONORARY AWARD,HONORARY AWARD,,,,
23,1950,1950,Special,False,HONORARY AWARD,HONORARY AWARD,,,,
23,1950,1950,Special,False,IRVING G. THALBERG MEMORIAL AWARD,IRVING G. THALBERG MEMORIAL AWARD,,Darryl F. Zanuck,,
23,1950,1950,Title,True,BEST PICTURE,BEST MOTION PICTURE,All about Eve,20th Century-Fox,tt0042192,Drama
23,1950,1950,Title,True,DOCUMENTARY (Feature),DOCUMENTARY (Feature),The Titan: Story of Michelangelo,"Robert Snyder, Producer",tt0043050,
23,1950,1950,Title,True,DOCUMENTARY (Short Subject),DOCUMENTARY (Short Subject),Why Korea?,"Edmund Reek, Producer",tt0043135,
23,1950,1950,Title,True,INTERNATIONAL FEATURE FILM,HONORARY FOREIGN LANGUAGE FILM AWARD,The Walls of Malapaga,,tt0040137,
23,1950,1950,Title,True,SHORT FILM (Animated),SHORT SUBJECT (Cartoon),Gerald McBoing-Boing,"Stephen Bosustow, Producer",tt0043581,
23,1950,1950,Title,True,SHORT SUBJECT (One-reel),SHORT SUBJECT (One-reel),Grandad of Races,"Gordon Hollingshead, Producer",tt0042518,
23,1950,1950,Title,True,SHORT SUBJECT (Two-reel),SHORT SUBJECT (Two-reel),In Beaver Valley,"Walt Disney, Producer",tt0042592,
23,1950,1950,Writing,True,WRITING (Adapted Screenplay),WRITING (Screenplay),All about Eve,Joseph L. Mankiewicz,tt0042192,Drama
23,1950,1950,Writing,True,WRITING (Original Screenplay),WRITING (Story and Screenplay),Sunset Blvd.,"Charles Brackett, Billy Wilder, D. M. Marshman, Jr.",tt0043014,Drama
23,1950,1950,Writing,True,WRITING (Original Story),WRITING (Motion Picture Story),Panic in the Streets,"Edna Anhalt, Edward Anhalt",tt0042832,
24,1951,1950,Acting,True,ACTOR IN A LEADING ROLE,ACTOR,The African Queen,Humphrey Bogart,tt0043265,Adventure
24,1951,1950,Acting,True,ACTOR IN A SUPPORTING ROLE,ACTOR IN A SUPPORTING ROLE,A Streetcar Named Desire,Karl Malden,tt0044081,Drama
24,1951,1950,Acting,True,ACTRESS IN A LEADING ROLE,ACTRESS,A Streetcar Named Desire,Vivien Leigh,tt0044081,Drama
24,1951,1950,Acting,True,ACTRESS IN A SUPPORTING ROLE,ACTRESS IN A SUPPORTING ROLE,A Streetcar Named Desire,Kim Hunter,tt0044081,Drama
24,1951,1950,Directing,True,DIRECTING,DIRECTING,A Place in the Sun,George Stevens,tt0043924,Drama
24,1951,1950,Music,True,MUSIC (Original Score),MUSIC (Music Score of a Dramatic or Comedy Picture),A Place in the Sun,Franz Waxman,tt0043924,Drama
24,1951,1950,Music,True,MUSIC (Original Song Score or Adaptation Score),MUSIC (Scoring of a Musical Picture),An American in Paris,"Johnny Green, Saul Chaplin",tt0043278,Music
24,1951,1950,Music,True,MUSIC (Original Song),MUSIC (Song),Here Comes the Groom,Music by Hoagy Carmichael; Lyrics by Johnny Mercer,tt0043633,
24,1951,1950,Production,True,ART DIRECTION (Black-and-White),ART DIRECTION (Black-and-White),A Streetcar Named Desire,Art Direction: Richard Day; Set Decoration: George James Hopkins,tt0044081,Drama
24,1951,1950,Production,True,ART DIRECTION (Color),ART DIRECTION (Color),An American in Paris,"Art Direction: Cedric Gibbons, Preston Ames; Set Decoration: Edwin B. Willis, Keogh Gleason",tt0043278,Music
24,1951,1950,Production,True,CINEMATOGRAPHY (Black-and-White),CINEMATOGRAPHY (Black-and-White),A Place in the Sun,William C. Mellor,tt0043924,Drama
24,1951,1950,Production,True,CINEMATOGRAPHY (Color),CINEMATOGRAPHY (Color),An American in Paris,Alfred Gilks; Ballet Photography by John Alton,tt0043278,Music
24,1951,1950,Production,True,COSTUME DESIGN (Black-and-White),COSTUME DESIGN (Black-and-White),A Place in the Sun,Edith Head,tt0043924,Drama
24,1951,1950,Production,True,COSTUME DESIGN (Color),COSTUME DESIGN (Color),An American in Paris,"Orry-Kelly, Walter Plunkett, Irene Sharaff",tt0043278,Music
24,1951,1950,Production,True,FILM EDITING,FILM EDITING,A Place in the Sun,William Hornbeck,tt0043924,Drama
24,1951,1950,Production,True,SOUND RECORDING,SOUND RECORDING,The Great Caruso,"Metro-Goldwyn-Mayer Studio Sound Department, Douglas Shearer, Sound Director",tt0043599,
24,1951,1950,Production,True,VISUAL EFFECTS,SPECIAL EFFECTS,When Worlds Collide,Paramount,tt0044207,
24,1951,1950,SciTech,False,SCIENTIFIC OR TECHNICAL AWARD (Class II),SCIENTIFIC OR TECHNICAL AWARD (Class II),,,,
24,1951,1950,SciTech,False,SCIENTIFIC OR TECHNICAL AWARD (Class II),SCIENTIFIC OR TECHNICAL AWARD (Class II),,,,
24,1951,1950,SciTech,False,SCIENTIFIC OR TECHNICAL AWARD (Class II),SCIENTIFIC OR TECHNICAL AWARD (Class II),,,,
24,1951,1950,SciTech,False,SCIENTIFIC OR TECHNICAL AWARD (Class III),SCIENTIFIC OR TECHNICAL AWARD (Class III),,,,
24,1951,1950,SciTech,False,SCIENTIFIC OR TECHNICAL AWARD (Class III),SCIENTIFIC OR TECHNICAL AWARD (Class III),,,,
24,1951,1950,SciTech,False,SCIENTIFIC OR TECHNICAL AWARD (Class III),SCIENTIFIC OR TECHNICAL AWARD (Class III),,,,
24,1951,1950,SciTech,False,SCIENTIFIC OR TECHNICAL AWARD (Class III),SCIENTIFIC OR TECHNICAL AWARD (Class III),,,,
24,1951,1950,SciTech,False,SCIENTIFIC OR TECHNICAL AWARD (Class III),SCIENTIFIC OR TECHNICAL AWARD (Class III),,,,
24,1951,1950,Special,False,HONORARY AWARD,HONORARY AWARD,,,,
24,1951,1950,Special,False,IRVING G. THALBERG MEMORIAL AWARD,IRVING G. THALBERG MEMORIAL AWARD,,Arthur Freed,,
24,1951,1950,Title,True,BEST PICTURE,BEST MOTION PICTURE,An American in Paris,"Arthur Freed, Producer",tt0043278,Music
24,1951,1950,Title,True,DOCUMENTARY (Feature),DOCUMENTARY (Feature),Kon-Tiki,"Olle Nordemar, Producer",tt0042650,
24,1951,1950,Title,True,DOCUMENTARY (Short Subject),DOCUMENTARY (Short Subject),Benjy,'Made by Fred Zinnemann with the cooperation of Paramount Pictures Corporation for the Los Angeles Orthopaedic Hospital',tt0043334,
24,1951,1950,Title,True,INTERNATIONAL FEATURE FILM,HONORARY FOREIGN LANGUAGE FILM AWARD,Rashomon,,tt0042876,
24,1951,1950,Title,True,SHORT FILM (Animated),SHORT SUBJECT (Cartoon),The Two Mouseketeers,"Fred Quimby, Producer",tt0044157,
24,1951,1950,Title,True,SHORT SUBJECT (One-reel),SHORT SUBJECT (One-reel),World of Kids,"Robert Youngson, Producer",tt0044218,
24,1951,1950,Title,True,SHORT SUBJECT (Two-reel),SHORT SUBJECT (Two-reel),Nature's Half Acre,"Walt Disney, Producer",tt0043839,
24,1951,1950,Writing,True,WRITING (Adapted Screenplay),WRITING (Screenplay),A Place in the Sun,"Michael Wilson, Harry Brown",tt0043924,Drama
24,1951,1950,Writing,True,WRITING (Original Screenplay),WRITING (Story and Screenplay),An American in Paris,Alan Jay Lerner,tt0043278,Music
24,1951,1950,Writing,True,WRITING (Original Story),WRITING (Motion Picture Story),Seven Days to Noon,"Paul Dehn, James Bernard",tt0042949,
25,1952,1950,Acting,True,ACTOR IN A LEADING ROLE,ACTOR,High Noon,Gary Cooper,tt0044706,Western
25,1952,1950,Acting,True,ACTOR IN A SUPPORTING ROLE,ACTOR IN A SUPPORTING ROLE,Viva Zapata!,Anthony Quinn,tt0045296,History
25,1952,1950,Acting,True,ACTRESS IN A LEADING ROLE,ACTRESS,"Come Back, Little Sheba",Shirley Booth,tt0044509,Drama
25,1952,1950,Acting,True,ACTRESS IN A SUPPORTING ROLE,ACTRESS IN A SUPPORTING ROLE,The Bad and the Beautiful,Gloria Grahame,tt0044391,Drama
25,1952,1950,Directing,True,DIRECTING,DIRECTING,The Quiet Man,John Ford,tt0045061,Romance
25,1952,1950,Music,True,MUSIC (Original Score),MUSIC (Music Score of a Dramatic or Comedy Picture),High Noon,Dimitri Tiomkin,tt0044706,Western
25,1952,1950,Music,True,MUSIC (Original Song Score or Adaptation Score),MUSIC (Scoring of a Musical Picture),With a Song in My Heart,Alfred Newman,tt0045333,
25,1952,1950,Music,True,MUSIC (Original Song),MUSIC (Song),High Noon,Music by Dimitri Tiomkin; Lyrics by Ned Washington,tt0044706,Western
25,1952,1950,Production,True,ART DIRECTION (Black-and-White),ART DIRECTION (Black-and-White),The Bad and the Beautiful,"Art Direction: Cedric Gibbons, Edward Carfagno; Set Decoration: Edwin B. Willis, Keogh Gleason",tt0044391,Drama
25,1952,1950,Production,True,ART DIRECTION (Color),ART DIRECTION (Color),Moulin Rouge,Art Direction: Paul Sheriff; Set Decoration: Marcel Vertes,tt0044926,
25,1952,1950,Production,True,CINEMATOGRAPHY (Black-and-White),CINEMATOGRAPHY (Black-and-White),The Bad and the Beautiful,Robert Surtees,tt0044391,Drama
25,1952,1950,Production,True,CINEMATOGRAPHY (Color),CINEMATOGRAPHY (Color),The Quiet Man,"Winton C. Hoch, Archie Stout",tt0045061,Romance
25,1952,1950,Production,True,COSTUME DESIGN (Black-and-White),COSTUME DESIGN (Black-and-White),The Bad and the Beautiful,Helen Rose,tt0044391,Drama
25,1952,1950,Production,True,COSTUME DESIGN (Color),COSTUME DESIGN (Color),Moulin Rouge,Marcel Vertes,tt0044926,
25,1952,1950,Production,True,FILM EDITING,FILM EDITING,High Noon,"Elmo Williams, Harry Gerstad",tt0044706,Western
25,1952,1950,Production,True,SOUND RECORDING,SOUND RECORDING,Breaking the Sound Barrier,London Film Sound Department,tt0044446,
25,1952,1950,Production,True,VISUAL EFFECTS,SPECIAL EFFECTS,Plymouth Adventure,Metro-Goldwyn-Mayer,tt0045039,
25,1952,1950,SciTech,False,SCIENTIFIC OR TECHNICAL AWARD (Class I),SCIENTIFIC OR TECHNICAL AWARD (Class I),,,,
25,1952,1950,SciTech,False,SCIENTIFIC OR TECHNICAL AWARD (Class I),SCIENTIFIC OR TECHNICAL AWARD (Class I),,,,
25,1952,1950,SciTech,False,SCIENTIFIC OR TECHNICAL AWARD (Class II),SCIENTIFIC OR TECHNICAL AWARD (Class II),,,,
25,1952,1950,SciTech,False,SCIENTIFIC OR TECHNICAL AWARD (Class III),SCIENTIFIC OR TECHNICAL AWARD (Class III),,,,
25,1952,1950,SciTech,False,SCIENTIFIC OR TECHNICAL AWARD (Class III),SCIENTIFIC OR TECHNICAL AWARD (Class III),,,,
25,1952,1950,SciTech,False,SCIENTIFIC OR TECHNICAL AWARD (Class III),SCIENTIFIC OR TECHNICAL AWARD (Class III),,,,
25,1952,1950,SciTech,False,SCIENTIFIC OR TECHNICAL AWARD (Class III),SCIENTIFIC OR TECHNICAL AWARD (Class III),,,,
25,1952,1950,SciTech,False,SCIENTIFIC OR TECHNICAL AWARD (Class III),SCIENTIFIC OR TECHNICAL AWARD (Class III),,,,
25,1952,1950,Special,False,HONORARY AWARD,HONORARY AWARD,,,,
25,1952,1950,Special,False,HONORARY AWARD,HONORARY AWARD,,,,
25,1952,1950,Special,False,HONORARY AWARD,HONORARY AWARD,,,,
25,1952,1950,Special,False,HONORARY AWARD,HONORARY AWARD,,,,
25,1952,1950,Special,False,HONORARY AWARD,HONORARY AWARD,,,,
25,1952,1950,Special,False,IRVING G. THALBERG MEMORIAL AWARD,IRVING G. THALBERG MEMORIAL AWARD,,Cecil B. DeMille,,
25,1952,1950,Title,True,BEST PICTURE,BEST MOTION PICTURE,The Greatest Show on Earth,"Cecil B. DeMille, Producer",tt0044672,Drama
25,1952,1950,Title,True,DOCUMENTARY (Feature),DOCUMENTARY (Feature),The Sea around Us,"Irwin Allen, Producer",tt0044009,
25,1952,1950,Title,True,DOCUMENTARY (Short Subject),DOCUMENTARY (Short Subject),Neighbours,"Norman McLaren, Producer",tt0044958,
25,1952,1950,Title,True,INTERNATIONAL FEATURE FILM,HONORARY FOREIGN LANGUAGE FILM AWARD,Forbidden Games,,tt0043686,
25,1952,1950,Title,True,SHORT FILM (Animated),SHORT SUBJECT (Cartoon),Johann Mouse,"Fred Quimby, Producer",tt0045937,
25,1952,1950,Title,True,SHORT SUBJECT (One-reel),SHORT SUBJECT (One-reel),Light in the Window: The Art of Vermeer,"Boris Vermont, Producer",tt0044836,
25,1952,1950,Title,True,SHORT SUBJECT (Two-reel),SHORT SUBJECT (Two-reel),Water Birds,"Walt Disney, Producer",tt0045314,
25,1952,1950,Writing,True,WRITING (Adapted Screenplay),WRITING (Screenplay),The Bad and the Beautiful,Charles Schnee,tt0044391,Drama
25,1952,1950,Writing,True,WRITING (Original Screenplay),WRITING (Story and Screenplay),The Lavender Hill Mob,T. E. B. Clarke,tt0044829,Comedy
25,1952,1950,Writing,True,WRITING (Original Story),WRITING (Motion Picture Story),The Greatest Show on Earth,"Fredric M. Frank, Theodore St. John, Frank Cavett",tt0044672,Drama
26,1953,1950,Acting,True,ACTOR IN A LEADING ROLE,ACTOR,Stalag 17,William Holden,tt0046359,Comedy
26,1953,1950,Acting,True,ACTOR IN A SUPPORTING ROLE,ACTOR IN A SUPPORTING ROLE,From Here to Eternity,Frank Sinatra,tt0045793,War
26,1953,1950,Acting,True,ACTRESS IN A LEADING ROLE,ACTRESS,Roman Holiday,Audrey Hepburn,tt0046250,Romance
26,1953,1950,Acting,True,ACTRESS IN A SUPPORTING ROLE,ACTRESS IN A SUPPORTING ROLE,From Here to Eternity,Donna Reed,tt0045793,War
26,1953,1950,Directing,True,DIRECTING,DIRECTING,From Here to Eternity,Fred Zinnemann,tt0045793,War
26,1953,1950,Music,True,MUSIC (Original Score),MUSIC (Music Score of a Dramatic or Comedy Picture),Lili,Bronislau Kaper,tt0046000,
26,1953,1950,Music,True,MUSIC (Original Song Score or Adaptation Score),MUSIC (Scoring of a Musical Picture),Call Me Madam,Alfred Newman,tt0045592,
26,1953,1950,Music,True,MUSIC (Original Song),MUSIC (Song),Calamity Jane,Music by Sammy Fain; Lyrics by Paul Francis Webster,tt0045591,
26,1953,1950,Production,True,ART DIRECTION (Black-and-White),ART DIRECTION (Black-and-White),Julius Caesar,"Art Direction: Cedric Gibbons, Edward Carfagno; Set Decoration: Edwin B. Willis, Hugh Hunt",tt0045943,
26,1953,1950,Production,True,ART DIRECTION (Color),ART DIRECTION (Color),The Robe,"Art Direction: Lyle Wheeler, George W. Davis; Set Decoration: Walter M. Scott, Paul S. Fox",tt0046247,
26,1953,1950,Production,True,CINEMATOGRAPHY (Black-and-White),CINEMATOGRAPHY (Black-and-White),From Here to Eternity,Burnett Guffey,tt0045793,War
26,1953,1950,Production,True,CINEMATOGRAPHY (Color),CINEMATOGRAPHY (Color),Shane,Loyal Griggs,tt0046303,
26,1953,1950,Production,True,COSTUME DESIGN (Black-and-White),COSTUME DESIGN (Black-and-White),Roman Holiday,Edith Head,tt0046250,Romance
26,1953,1950,Production,True,COSTUME DESIGN (Color),COSTUME DESIGN (Color),The Robe,"Charles LeMaire, Emile Santiago",tt0046247,
26,1953,1950,Production,True,FILM EDITING,FILM EDITING,From Here to Eternity,William Lyon,tt0045793,War
26,1953,1950,Production,True,SOUND RECORDING,SOUND RECORDING,From Here to Eternity,"Columbia Studio Sound Department, John P. Livadary, Sound Director",tt0045793,War
26,1953,1950,Production,True,VISUAL EFFECTS,SPECIAL EFFECTS,The War of the Worlds,Paramount Studio,tt0046534,
26,1953,1950,SciTech,False,SCIENTIFIC OR TECHNICAL AWARD (Class I),SCIENTIFIC OR TECHNICAL AWARD (Class I),,,,
26,1953,1950,SciTech,False,SCIENTIFIC OR TECHNICAL AWARD (Class I),SCIENTIFIC OR TECHNICAL AWARD (Class I),,,,
26,1953,1950,SciTech,False,SCIENTIFIC OR TECHNICAL AWARD (Class II),SCIENTIFIC OR TECHNICAL AWARD (Class II),,,,
26,1953,1950,SciTech,False,SCIENTIFIC OR TECHNICAL AWARD (Class III),SCIENTIFIC OR TECHNICAL AWARD (Class III),,,,
26,1953,1950,Special,False,HONORARY AWARD,HONORARY AWARD,,,,
26,1953,1950,Special,False,HONORARY AWARD,HONORARY AWARD,,,,
26,1953,1950,Special,False,HONORARY AWARD,HONORARY AWARD,,,,
26,1953,1950,Special,False,HONORARY AWARD,HONORARY AWARD,,,,
26,1953,1950,Special,False,IRVING G. THALBERG MEMORIAL AWARD,IRVING G. THALBERG MEMORIAL AWARD,,George Stevens,,
26,1953,1950,Title,True,BEST PICTURE,BEST MOTION PICTURE,From Here to Eternity,"Buddy Adler, Producer",tt0045793,War
26,1953,1950,Title,True,DOCUMENTARY (Feature),DOCUMENTARY (Feature),The Living Desert,"Walt Disney, Producer",tt0046008,
26,1953,1950,Title,True,DOCUMENTARY (Short Subject),DOCUMENTARY (Short Subject),The Alaskan Eskimo,"Walt Disney, Producer",tt0045485,
26,1953,1950,Title,True,SHORT FILM (Animated),SHORT SUBJECT (Cartoon),"Toot, Whistle, Plunk and Boom","Walt Disney, Producer",tt0046442,
26,1953,1950,Title,True,SHORT SUBJECT (One-reel),SHORT SUBJECT (One-reel),The Merry Wives of Windsor Overture,"Johnny Green, Producer",tt0046154,
26,1953,1950,Title,True,SHORT SUBJECT (Two-reel),SHORT SUBJECT (Two-reel),Bear Country,"Walt Disney, Producer",tt0045545,
26,1953,1950,Writing,True,WRITING (Adapted Screenplay),WRITING (Screenplay),From Here to Eternity,Daniel Taradash,tt0045793,War
26,1953,1950,Writing,True,WRITING (Original Screenplay),WRITING (Story and Screenplay),Titanic,"Charles Brackett, Walter Reisch, Richard Breen",tt0046435,Drama
26,1953,1950,Writing,True,WRITING (Original Story),WRITING (Motion Picture Story),Roman Holiday,Dalton Trumbo,tt0046250,Romance
27,1954,1950,Acting,True,ACTOR IN A LEADING ROLE,ACTOR,On the Waterfront,Marlon Brando,tt0047296,Crime
27,1954,1950,Acting,True,ACTOR IN A SUPPORTING ROLE,ACTOR IN A SUPPORTING ROLE,The Barefoot Contessa,Edmond O'Brien,tt0046754,Drama
27,1954,1950,Acting,True,ACTRESS IN A LEADING ROLE,ACTRESS,The Country Girl,Grace Kelly,tt0046874,Drama
27,1954,1950,Acting,True,ACTRESS IN A SUPPORTING ROLE,ACTRESS IN A SUPPORTING ROLE,On the Waterfront,Eva Marie Saint,tt0047296,Crime
27,1954,1950,Directing,True,DIRECTING,DIRECTING,On the Waterfront,Elia Kazan,tt0047296,Crime
27,1954,1950,Music,True,MUSIC (Original Score),MUSIC (Music Score of a Dramatic or Comedy Picture),The High and the Mighty,Dimitri Tiomkin,tt0047086,
27,1954,1950,Music,True,MUSIC (Original Song Score or Adaptation Score),MUSIC (Scoring of a Musical Picture),Seven Brides for Seven Brothers,"Adolph Deutsch, Saul Chaplin",tt0047472,
27,1954,1950,Music,True,MUSIC (Original Song),MUSIC (Song),Three Coins in the Fountain,Music by Jule Styne; Lyrics by Sammy Cahn,tt0047580,
27,1954,1950,Production,True,ART DIRECTION (Black-and-White),ART DIRECTION (Black-and-White),On the Waterfront,Richard Day,tt0047296,Crime
27,1954,1950,Production,True,ART DIRECTION (Color),ART DIRECTION (Color),"20,000 Leagues under the Sea",Art Direction: John Meehan; Set Decoration: Emile Kuri,tt0046672,
27,1954,1950,Production,True,CINEMATOGRAPHY (Black-and-White),CINEMATOGRAPHY (Black-and-White),On the Waterfront,Boris Kaufman,tt0047296,Crime
27,1954,1950,Production,True,CINEMATOGRAPHY (Color),CINEMATOGRAPHY (Color),Three Coins in the Fountain,Milton Krasner,tt0047580,
27,1954,1950,Production,True,COSTUME DESIGN (Black-and-White),COSTUME DESIGN (Black-and-White),Sabrina,Edith Head,tt0047437,
27,1954,1950,Production,True,COSTUME DESIGN (Color),COSTUME DESIGN (Color),Gate of Hell,Sanzo Wada,tt0045935,
27,1954,1950,Production,True,FILM EDITING,FILM EDITING,On the Waterfront,Gene Milford,tt0047296,Crime
27,1954,1950,Production,True,SOUND RECORDING,SOUND RECORDING,The Glenn Miller Story,"Universal-International Studio Sound Department, Leslie I. Carey, Sound Director",tt0047030,
27,1954,1950,Production,True,VISUAL EFFECTS,SPECIAL EFFECTS,"20,000 Leagues under the Sea",Walt Disney Studios,tt0046672,
27,1954,1950,SciTech,False,SCIENTIFIC OR TECHNICAL AWARD (Class I),SCIENTIFIC OR TECHNICAL AWARD (Class I),,,,
27,1954,1950,SciTech,False,SCIENTIFIC OR TECHNICAL AWARD (Class III),SCIENTIFIC OR TECHNICAL AWARD (Class III),,,,
27,1954,1950,SciTech,False,SCIENTIFIC OR TECHNICAL AWARD (Class III),SCIENTIFIC OR TECHNICAL AWARD (Class III),,,,
27,1954,1950,SciTech,False,SCIENTIFIC OR TECHNICAL AWARD (Class III),SCIENTIFIC OR TECHNICAL AWARD (Class III),,,,
27,1954,1950,SciTech,False,SCIENTIFIC OR TECHNICAL AWARD (Class III),SCIENTIFIC OR TECHNICAL AWARD (Class III),,,,
27,1954,1950,SciTech,False,SCIENTIFIC OR TECHNICAL AWARD (Class III),SCIENTIFIC OR TECHNICAL AWARD (Class III),,,,
27,1954,1950,SciTech,False,SCIENTIFIC OR TECHNICAL AWARD (Class III),SCIENTIFIC OR TECHNICAL AWARD (Class III),,,,
27,1954,1950,SciTech,False,SCIENTIFIC OR TECHNICAL AWARD (Class III),SCIENTIFIC OR TECHNICAL AWARD (Class III),,,,
27,1954,1950,SciTech,False,SCIENTIFIC OR TECHNICAL AWARD (Class III),SCIENTIFIC OR TECHNICAL AWARD (Class III),,,,
27,1954,1950,SciTech,False,SCIENTIFIC OR TECHNICAL AWARD (Class III),SCIENTIFIC OR TECHNICAL AWARD (Class III),,,,
27,1954,1950,Special,False,HONORARY AWARD,HONORARY AWARD,,,,
27,1954,1950,Special,False,HONORARY AWARD,HONORARY AWARD,The Little Kidnappers,,tt0046006,
27,1954,1950,Special,False,HONORARY AWARD,HONORARY AWARD,The Little Kidnappers,,tt0046006,
27,1954,1950,Special,False,HONORARY AWARD,HONORARY AWARD,,,,
27,1954,1950,Special,False,HONORARY AWARD,HONORARY AWARD,,,,
27,1954,1950,Special,False,HONORARY AWARD,HONORARY AWARD,,,,
27,1954,1950,Title,True,BEST PICTURE,BEST MOTION PICTURE,On the Waterfront,"Sam Spiegel, Producer",tt0047296,Crime
27,1954,1950,Title,True,DOCUMENTARY (Feature),DOCUMENTARY (Feature),The Vanishing Prairie,"Walt Disney, Producer",tt0047642,
27,1954,1950,Title,True,DOCUMENTARY (Short Subject),DOCUMENTARY (Short Subject),Thursday's Children,World Wide Pictures and Morse Films,tt0047585,
27,1954,1950,Title,True,INTERNATIONAL FEATURE FILM,HONORARY FOREIGN LANGUAGE FILM AWARD,Gate of Hell,,tt0045935,
27,1954,1950,Title,True,SHORT FILM (Animated),SHORT SUBJECT (Cartoon),When Magoo Flew,"Stephen Bosustow, Producer",tt0047672,
27,1954,1950,Title,True,SHORT SUBJECT (One-reel),SHORT SUBJECT (One-reel),This Mechanical Age,"Robert Youngson, Producer",tt0047578,
27,1954,1950,Title,True,SHORT SUBJECT (Two-reel),SHORT SUBJECT (Two-reel),A Time Out of War,"Denis Sanders and Terry Sanders, Producers",tt0047587,
27,1954,1950,Writing,True,WRITING (Adapted Screenplay),WRITING (Screenplay),The Country Girl,George Seaton,tt0046874,Drama
27,1954,1950,Writing,True,WRITING (Original Screenplay),WRITING (Story and Screenplay),On the Waterfront,Budd Schulberg,tt0047296,Crime
27,1954,1950,Writing,True,WRITING (Original Story),WRITING (Motion Picture Story),Broken Lance,Philip Yordan,tt0046808,
28,1955,1950,Acting,True,ACTOR IN A LEADING ROLE,ACTOR,Marty,Ernest Borgnine,tt0048356,Drama
28,1955,1950,Acting,True,ACTOR IN A SUPPORTING ROLE,ACTOR IN A SUPPORTING ROLE,Mister Roberts,Jack Lemmon,tt0048380,Comedy
28,1955,1950,Acting,True,ACTRESS IN A LEADING ROLE,ACTRESS,The Rose Tattoo,Anna Magnani,tt0048563,Drama
28,1955,1950,Acting,True,ACTRESS IN A SUPPORTING ROLE,ACTRESS IN A SUPPORTING ROLE,East of Eden,Jo Van Fleet,tt0048028,Drama
28,1955,1950,Directing,True,DIRECTING,DIRECTING,Marty,Delbert Mann,tt0048356,Drama
28,1955,1950,Music,True,MUSIC (Original Score),MUSIC (Music Score of a Dramatic or Comedy Picture),Love Is a Many-Splendored Thing,Alfred Newman,tt0048316,
28,1955,1950,Music,True,MUSIC (Original Song Score or Adaptation Score),MUSIC (Scoring of a Musical Picture),Oklahoma!,"Robert Russell Bennett, Jay Blackton, Adolph Deutsch",tt0048445,
28,1955,1950,Music,True,MUSIC (Original Song),MUSIC (Song),Love Is a Many-Splendored Thing,Music by Sammy Fain; Lyrics by Paul Francis Webster,tt0048316,
28,1955,1950,Production,True,ART DIRECTION (Black-and-White),ART DIRECTION (Black-and-White),The Rose Tattoo,"Art Direction: Hal Pereira, Tambi Larsen; Set Decoration: Sam Comer, Arthur Krams",tt0048563,Drama
28,1955,1950,Production,True,ART DIRECTION (Color),ART DIRECTION (Color),Picnic,"Art Direction: William Flannery, Jo Mielziner; Set Decoration: Robert Priestley",tt0048491,
28,1955,1950,Production,True,CINEMATOGRAPHY (Black-and-White),CINEMATOGRAPHY (Black-and-White),The Rose Tattoo,James Wong Howe,tt0048563,Drama
28,1955,1950,Production,True,CINEMATOGRAPHY (Color),CINEMATOGRAPHY (Color),To Catch a Thief,Robert Burks,tt0048728,
28,1955,1950,Production,True,COSTUME DESIGN (Black-and-White),COSTUME DESIGN (Black-and-White),I'll Cry Tomorrow,Helen Rose,tt0048191,
28,1955,1950,Production,True,COSTUME DESIGN (Color),COSTUME DESIGN (Color),Love Is a Many-Splendored Thing,Charles LeMaire,tt0048316,
28,1955,1950,Production,True,FILM EDITING,FILM EDITING,Picnic,"Charles Nelson, William A. Lyon",tt0048491,
28,1955,1950,Production,True,SOUND RECORDING,SOUND RECORDING,Oklahoma!,"Todd-AO Sound Department, Fred Hynes, Sound Director",tt0048445,
28,1955,1950,Production,True,VISUAL EFFECTS,SPECIAL EFFECTS,The Bridges at Toko-Ri,Paramount Studio,tt0046806,
28,1955,1950,SciTech,False,SCIENTIFIC OR TECHNICAL AWARD (Class I),SCIENTIFIC OR TECHNICAL AWARD (Class I),,,,
28,1955,1950,SciTech,False,SCIENTIFIC OR TECHNICAL AWARD (Class II),SCIENTIFIC OR TECHNICAL AWARD (Class II),,,,
28,1955,1950,SciTech,False,SCIENTIFIC OR TECHNICAL AWARD (Class II),SCIENTIFIC OR TECHNICAL AWARD (Class II),,,,
28,1955,1950,SciTech,False,SCIENTIFIC OR TECHNICAL AWARD (Class III),SCIENTIFIC OR TECHNICAL AWARD (Class III),,,,
28,1955,1950,SciTech,False,SCIENTIFIC OR TECHNICAL AWARD (Class III),SCIENTIFIC OR TECHNICAL AWARD (Class III),,,,
28,1955,1950,SciTech,False,SCIENTIFIC OR TECHNICAL AWARD (Class III),SCIENTIFIC OR TECHNICAL AWARD (Class III),,,,
28,1955,1950,SciTech,False,SCIENTIFIC OR TECHNICAL AWARD (Class III),SCIENTIFIC OR TECHNICAL AWARD (Class III),,,,
28,1955,1950,SciTech,False,SCIENTIFIC OR TECHNICAL AWARD (Class III),SCIENTIFIC OR TECHNICAL AWARD (Class III),,,,
28,1955,1950,SciTech,False,SCIENTIFIC OR TECHNICAL AWARD (Class III),SCIENTIFIC OR TECHNICAL AWARD (Class III),,,,
28,1955,1950,Title,True,BEST PICTURE,BEST MOTION PICTURE,Marty,"Harold Hecht, Producer",tt0048356,Drama
28,1955,1950,Title,True,DOCUMENTARY (Feature),DOCUMENTARY (Feature),Helen Keller in Her Story,"Nancy Hamilton, Producer",tt0048157,
28,1955,1950,Title,True,DOCUMENTARY (Short Subject),DOCUMENTARY (Short Subject),Men against the Arctic,"Walt Disney, Producer",tt0048369,
28,1955,1950,Title,True,INTERNATIONAL FEATURE FILM,HONORARY FOREIGN LANGUAGE FILM AWARD,"Samurai, The Legend of Musashi",,tt0047444,
28,1955,1950,Title,True,SHORT FILM (Animated),SHORT SUBJECT (Cartoon),Speedy Gonzales,"Edward Selzer, Producer",tt0048649,
28,1955,1950,Title,True,SHORT SUBJECT (One-reel),SHORT SUBJECT (One-reel),Survival City,"Edmund Reek, Producer",tt0048677,
28,1955,1950,Title,True,SHORT SUBJECT (Two-reel),SHORT SUBJECT (Two-reel),The Face of Lincoln,"Wilbur T. Blume, Producer",tt0048049,
28,1955,1950,Writing,True,WRITING (Adapted Screenplay),WRITING (Screenplay),Marty,Paddy Chayefsky,tt0048356,Drama
28,1955,1950,Writing,True,WRITING (Original Screenplay),WRITING (Story and Screenplay),Interrupted Melody,"William Ludwig, Sonya Levien",tt0048210,Drama
28,1955,1950,Writing,True,WRITING (Original Story),WRITING (Motion Picture Story),Love Me or Leave Me,Daniel Fuchs,tt0048317,
29,1956,1950,Acting,True,ACTOR IN A LEADING ROLE,ACTOR,The King and I,Yul Brynner,tt0049408,Romance
29,1956,1950,Acting,True,ACTOR IN A SUPPORTING ROLE,ACTOR IN A SUPPORTING ROLE,Lust for Life,Anthony Quinn,tt0049456,Drama
29,1956,1950,Acting,True,ACTRESS IN A LEADING ROLE,ACTRESS,Anastasia,Ingrid Bergman,tt0048947,Drama
29,1956,1950,Acting,True,ACTRESS IN A SUPPORTING ROLE,ACTRESS IN A SUPPORTING ROLE,Written on the Wind,Dorothy Malone,tt0049966,Drama
29,1956,1950,Directing,True,DIRECTING,DIRECTING,Giant,George Stevens,tt0049261,Drama
29,1956,1950,Music,True,MUSIC (Original Score),MUSIC (Music Score of a Dramatic or Comedy Picture),Around the World in 80 Days,Victor Young,tt0048960,Adventure
29,1956,1950,Music,True,MUSIC (Original Song Score or Adaptation Score),MUSIC (Scoring of a Musical Picture),The King and I,"Alfred Newman, Ken Darby",tt0049408,Romance
29,1956,1950,Music,True,MUSIC (Original Song),MUSIC (Song),The Man Who Knew Too Much,Music and Lyrics by Jay Livingston and Ray Evans,tt0049470,
29,1956,1950,Production,True,ART DIRECTION (Black-and-White),ART DIRECTION (Black-and-White),Somebody Up There Likes Me,"Art Direction: Cedric Gibbons, Malcolm F. Brown; Set Decoration: Edwin B. Willis, F. Keogh Gleason",tt0049778,
29,1956,1950,Production,True,ART DIRECTION (Color),ART DIRECTION (Color),The King and I,"Art Direction: Lyle R. Wheeler, John DeCuir; Set Decoration: Walter M. Scott, Paul S. Fox",tt0049408,Romance
29,1956,1950,Production,True,CINEMATOGRAPHY (Black-and-White),CINEMATOGRAPHY (Black-and-White),Somebody Up There Likes Me,Joseph Ruttenberg,tt0049778,
29,1956,1950,Production,True,CINEMATOGRAPHY (Color),CINEMATOGRAPHY (Color),Around the World in 80 Days,Lionel Lindon,tt0048960,Adventure
29,1956,1950,Production,True,COSTUME DESIGN (Black-and-White),COSTUME DESIGN (Black-and-White),The Solid Gold Cadillac,Jean Louis,tt0049777,
29,1956,1950,Production,True,COSTUME DESIGN (Color),COSTUME DESIGN (Color),The King and I,Irene Sharaff,tt0049408,Romance
29,1956,1950,Production,True,FILM EDITING,FILM EDITING,Around the World in 80 Days,"Gene Ruggiero, Paul Weatherwax",tt0048960,Adventure
29,1956,1950,Production,True,SOUND RECORDING,SOUND RECORDING,The King and I,"20th Century-Fox Studio Sound Department, Carl Faulkner, Sound Director",tt0049408,Romance
29,1956,1950,Production,True,VISUAL EFFECTS,SPECIAL EFFECTS,The Ten Commandments,John Fulton,tt0049833,
29,1956,1950,SciTech,False,SCIENTIFIC OR TECHNICAL AWARD (Class III),SCIENTIFIC OR TECHNICAL AWARD (Class III),,,,
29,1956,1950,SciTech,False,SCIENTIFIC OR TECHNICAL AWARD (Class III),SCIENTIFIC OR TECHNICAL AWARD (Class III),,,,
29,1956,1950,SciTech,False,SCIENTIFIC OR TECHNICAL AWARD (Class III),SCIENTIFIC OR TECHNICAL AWARD (Class III),,,,
29,1956,1950,SciTech,False,SCIENTIFIC OR TECHNICAL AWARD (Class III),SCIENTIFIC OR TECHNICAL AWARD (Class III),,,,
29,1956,1950,SciTech,False,SCIENTIFIC OR TECHNICAL AWARD (Class III),SCIENTIFIC OR TECHNICAL AWARD (Class III),,,,
29,1956,1950,SciTech,False,SCIENTIFIC OR TECHNICAL AWARD (Class III),SCIENTIFIC OR TECHNICAL AWARD (Class III),,,,
29,1956,1950,Special,False,HONORARY AWARD,HONORARY AWARD,,,,
29,1956,1950,Special,False,IRVING G. THALBERG MEMORIAL AWARD,IRVING G. THALBERG MEMORIAL AWARD,,Buddy Adler,,
29,1956,1950,Special,False,JEAN HERSHOLT HUMANITARIAN AWARD,JEAN HERSHOLT HUMANITARIAN AWARD,,Y. Frank Freeman,,
29,1956,1950,Title,True,BEST PICTURE,BEST MOTION PICTURE,Around the World in 80 Days,"Michael Todd, Producer",tt0048960,Adventure
29,1956,1950,Title,True,DOCUMENTARY (Feature),DOCUMENTARY (Feature),The Silent World,"Jacques-Yves Cousteau, Producer",tt0049518,
29,1956,1950,Title,True,DOCUMENTARY (Short Subject),DOCUMENTARY (Short Subject),The True Story of the Civil War,"Louis Clyde Stoumen, Producer",tt0049885,
29,1956,1950,Title,True,INTERNATIONAL FEATURE FILM,FOREIGN LANGUAGE FILM,La Strada,"Italy; Dino De Laurentiis and Carlo Ponti, Producers",tt0047528,
29,1956,1950,Title,True,SHORT FILM (Animated),SHORT SUBJECT (Cartoon),Mister Magoo's Puddle Jumper,"Stephen Bosustow, Producer",tt0049510,
29,1956,1950,Title,True,SHORT SUBJECT (One-reel),SHORT SUBJECT (One-reel),Crashing the Water Barrier,"Konstantin Kalser, Producer",tt0049102,
29,1956,1950,Title,True,SHORT SUBJECT (Two-reel),SHORT SUBJECT (Two-reel),The Bespoke Overcoat,Romulus Films,tt0049000,
29,1956,1950,Writing,True,WRITING (Adapted Screenplay),WRITING (Screenplay--Adapted),Around the World in 80 Days,"James Poe, John Farrow, S.J. Perelman",tt0048960,Adventure
29,1956,1950,Writing,True,WRITING (Original Screenplay),WRITING (Screenplay--Original),The Red Balloon,Albert Lamorisse,tt0048980,Comedy
29,1956,1950,Writing,True,WRITING (Original Story),WRITING (Motion Picture Story),The Brave One,Dalton Trumbo,tt0049030,
30,1957,1950,Acting,True,ACTOR IN A LEADING ROLE,ACTOR,The Bridge on the River Kwai,Alec Guinness,tt0050212,Drama
30,1957,1950,Acting,True,ACTOR IN A SUPPORTING ROLE,ACTOR IN A SUPPORTING ROLE,Sayonara,Red Buttons,tt0050933,Drama
30,1957,1950,Acting,True,ACTRESS IN A LEADING ROLE,ACTRESS,The Three Faces of Eve,Joanne Woodward,tt0051077,Drama
30,1957,1950,Acting,True,ACTRESS IN A SUPPORTING ROLE,ACTRESS IN A SUPPORTING ROLE,Sayonara,Miyoshi Umeki,tt0050933,Drama
30,1957,1950,Directing,True,DIRECTING,DIRECTING,The Bridge on the River Kwai,David Lean,tt0050212,Drama
30,1957,1950,Music,True,MUSIC (Original Song Score or Adaptation Score),MUSIC (Scoring),The Bridge on the River Kwai,Malcolm Arnold,tt0050212,Drama
30,1957,1950,Music,True,MUSIC (Original Song),MUSIC (Song),The Joker Is Wild,Music by James Van Heusen; Lyrics by Sammy Cahn,tt0050569,
30,1957,1950,Production,True,ART DIRECTION,ART DIRECTION,Sayonara,Art Direction: Ted Haworth; Set Decoration: Robert Priestley,tt0050933,Drama
30,1957,1950,Production,True,CINEMATOGRAPHY,CINEMATOGRAPHY,The Bridge on the River Kwai,Jack Hildyard,tt0050212,Drama
30,1957,1950,Production,True,COSTUME DESIGN,COSTUME DESIGN,Les Girls,Orry-Kelly,tt0050631,
30,1957,1950,Production,True,FILM EDITING,FILM EDITING,The Bridge on the River Kwai,Peter Taylor,tt0050212,Drama
30,1957,1950,Production,True,SOUND RECORDING,SOUND RECORDING,Sayonara,"Warner Bros. Studio Sound Department, George Groves, Sound Director",tt0050933,Drama
30,1957,1950,Production,True,VISUAL EFFECTS,SPECIAL EFFECTS,The Enemy Below,Audible Effects by Walter Rossi,tt0050356,
30,1957,1950,SciTech,False,SCIENTIFIC OR TECHNICAL AWARD (Class I),SCIENTIFIC OR TECHNICAL AWARD (Class I),,,,
30,1957,1950,SciTech,False,SCIENTIFIC OR TECHNICAL AWARD (Class I),SCIENTIFIC OR TECHNICAL AWARD (Class I),,,,
30,1957,1950,SciTech,False,SCIENTIFIC OR TECHNICAL AWARD (Class II),SCIENTIFIC OR TECHNICAL AWARD (Class II),,,,
30,1957,1950,SciTech,False,SCIENTIFIC OR TECHNICAL AWARD (Class II),SCIENTIFIC OR TECHNICAL AWARD (Class II),,,,
30,1957,1950,SciTech,False,SCIENTIFIC OR TECHNICAL AWARD (Class III),SCIENTIFIC OR TECHNICAL AWARD (Class III),,,,
30,1957,1950,Special,False,HONORARY AWARD,HONORARY AWARD,,,,
30,1957,1950,Special,False,HONORARY AWARD,HONORARY AWARD,,,,
30,1957,1950,Special,False,HONORARY AWARD,HONORARY AWARD,,,,
30,1957,1950,Special,False,HONORARY AWARD,HONORARY AWARD,,,,
30,1957,1950,Special,False,JEAN HERSHOLT HUMANITARIAN AWARD,JEAN HERSHOLT HUMANITARIAN AWARD,,Samuel Goldwyn,,
30,1957,1950,Title,True,BEST PICTURE,BEST MOTION PICTURE,The Bridge on the River Kwai,"Sam Spiegel, Producer",tt0050212,Drama
30,1957,1950,Title,True,DOCUMENTARY (Feature),DOCUMENTARY (Feature),Albert Schweitzer,"Jerome Hill, Producer",tt0050109,
30,1957,1950,Title,True,INTERNATIONAL FEATURE FILM,FOREIGN LANGUAGE FILM,The Nights of Cabiria,Italy,tt0050783,
30,1957,1950,Title,True,SHORT FILM (Animated),SHORT SUBJECT (Cartoon),Birds Anonymous,"Edward Selzer, Producer",tt0050194,
30,1957,1950,Title,True,SHORT FILM (Live Action),SHORT SUBJECT (Live Action),The Wetback Hound,"Larry Lansburgh, Producer",tt0051187,
30,1957,1950,Writing,True,WRITING (Adapted Screenplay),WRITING (Screenplay--based on material from another medium),The Bridge on the River Kwai,"Michael Wilson, Carl Foreman, Pierre Boulle",tt0050212,Drama
30,1957,1950,Writing,True,WRITING (Original Screenplay),WRITING (Story and Screenplay--written directly for the screen),Designing Woman,George Wells,tt0050306,Comedy
31,1958,1950,Acting,True,ACTOR IN A LEADING ROLE,ACTOR,Separate Tables,David Niven,tt0052182,Drama
31,1958,1950,Acting,True,ACTOR IN A SUPPORTING ROLE,ACTOR IN A SUPPORTING ROLE,The Big Country,Burl Ives,tt0051411,Drama
31,1958,1950,Acting,True,ACTRESS IN A LEADING ROLE,ACTRESS,I Want to Live!,Susan Hayward,tt0051758,Drama
31,1958,1950,Acting,True,ACTRESS IN A SUPPORTING ROLE,ACTRESS IN A SUPPORTING ROLE,Separate Tables,Wendy Hiller,tt0052182,Drama
31,1958,1950,Directing,True,DIRECTING,DIRECTING,Gigi,Vincente Minnelli,tt0051658,Comedy
31,1958,1950,Music,True,MUSIC (Original Score),MUSIC (Music Score of a Dramatic or Comedy Picture),The Old Man and the Sea,Dimitri Tiomkin,tt0052027,
31,1958,1950,Music,True,MUSIC (Original Song Score or Adaptation Score),MUSIC (Scoring of a Musical Picture),Gigi,Andre Previn,tt0051658,Comedy
31,1958,1950,Music,True,MUSIC (Original Song),MUSIC (Song),Gigi,Music by Frederick Loewe; Lyrics by Alan Jay Lerner,tt0051658,Comedy
31,1958,1950,Production,True,ART DIRECTION,ART DIRECTION,Gigi,"Art Direction: William A. Horning, Preston Ames; Set Decoration: Henry Grace, Keogh Gleason",tt0051658,Comedy
31,1958,1950,Production,True,CINEMATOGRAPHY (Black-and-White),CINEMATOGRAPHY (Black-and-White),The Defiant Ones,Sam Leavitt,tt0051525,Crime
31,1958,1950,Production,True,CINEMATOGRAPHY (Color),CINEMATOGRAPHY (Color),Gigi,Joseph Ruttenberg,tt0051658,Comedy
31,1958,1950,Production,True,COSTUME DESIGN,COSTUME DESIGN,Gigi,Cecil Beaton,tt0051658,Comedy
31,1958,1950,Production,True,FILM EDITING,FILM EDITING,Gigi,Adrienne Fazan,tt0051658,Comedy
31,1958,1950,Production,True,SOUND MIXING,SOUND,South Pacific,"Todd-AO Sound Department, Fred Hynes, Sound Director",tt0052225,
31,1958,1950,Production,True,VISUAL EFFECTS,SPECIAL EFFECTS,tom thumb,Visual Effects by Tom Howard,tt0052427,
31,1958,1950,SciTech,False,SCIENTIFIC OR TECHNICAL AWARD (Class II),SCIENTIFIC OR TECHNICAL AWARD (Class II),,,,
31,1958,1950,SciTech,False,SCIENTIFIC OR TECHNICAL AWARD (Class II),SCIENTIFIC OR TECHNICAL AWARD (Class II),,,,
31,1958,1950,SciTech,False,SCIENTIFIC OR TECHNICAL AWARD (Class III),SCIENTIFIC OR TECHNICAL AWARD (Class III),,,,
31,1958,1950,SciTech,False,SCIENTIFIC OR TECHNICAL AWARD (Class III),SCIENTIFIC OR TECHNICAL AWARD (Class III),,,,
31,1958,1950,Special,False,HONORARY AWARD,HONORARY AWARD,,,,
31,1958,1950,Special,False,IRVING G. THALBERG MEMORIAL AWARD,IRVING G. THALBERG MEMORIAL AWARD,,Jack L. Warner,,
31,1958,1950,Title,True,BEST PICTURE,BEST MOTION PICTURE,Gigi,"Arthur Freed, Producer",tt0051658,Comedy
31,1958,1950,Title,True,DOCUMENTARY (Feature),DOCUMENTARY (Feature),White Wilderness,"Ben Sharpsteen, Producer",tt0052389,
31,1958,1950,Title,True,DOCUMENTARY (Short Subject),DOCUMENTARY (Short Subject),Ama Girls,"Ben Sharpsteen, Producer",tt0051339,
31,1958,1950,Title,True,INTERNATIONAL FEATURE FILM,FOREIGN LANGUAGE FILM,My Uncle,France,tt0050706,
31,1958,1950,Title,True,SHORT FILM (Animated),SHORT SUBJECT (Cartoon),Knighty Knight Bugs,"John W. Burton, Producer",tt0051825,
31,1958,1950,Title,True,SHORT FILM (Live Action),SHORT SUBJECT (Live Action),Grand Canyon,"Walt Disney, Producer",tt0051677,
31,1958,1950,Writing,True,WRITING (Adapted Screenplay),WRITING (Screenplay--based on material from another medium),Gigi,Alan Jay Lerner,tt0051658,Comedy
31,1958,1950,Writing,True,WRITING (Original Screenplay),WRITING (Story and Screenplay--written directly for the screen),The Defiant Ones,"Nedrick Young, Harold Jacob Smith",tt0051525,Crime
32,1959,1950,Acting,True,ACTOR IN A LEADING ROLE,ACTOR,Ben-Hur,Charlton Heston,tt0052618,History
32,1959,1950,Acting,True,ACTOR IN A SUPPORTING ROLE,ACTOR IN A SUPPORTING ROLE,Ben-Hur,Hugh Griffith,tt0052618,History
32,1959,1950,Acting,True,ACTRESS IN A LEADING ROLE,ACTRESS,Room at the Top,Simone Signoret,tt0053226,Drama
32,1959,1950,Acting,True,ACTRESS IN A SUPPORTING ROLE,ACTRESS IN A SUPPORTING ROLE,The Diary of Anne Frank,Shelley Winters,tt0052738,Drama
32,1959,1950,Directing,True,DIRECTING,DIRECTING,Ben-Hur,William Wyler,tt0052618,History
32,1959,1950,Music,True,MUSIC (Original Score),MUSIC (Music Score of a Dramatic or Comedy Picture),Ben-Hur,Miklos Rozsa,tt0052618,History
32,1959,1950,Music,True,MUSIC (Original Song Score or Adaptation Score),MUSIC (Scoring of a Musical Picture),Porgy and Bess,"Andre Previn, Ken Darby",tt0053182,
32,1959,1950,Music,True,MUSIC (Original Song),MUSIC (Song),A Hole in the Head,Music by James Van Heusen; Lyrics by Sammy Cahn,tt0052896,
32,1959,1950,Production,True,ART DIRECTION (Black-and-White),ART DIRECTION (Black-and-White),The Diary of Anne Frank,"Art Direction: Lyle R. Wheeler, George W. Davis; Set Decoration: Walter M. Scott, Stuart A. Reiss",tt0052738,Drama
32,1959,1950,Production,True,ART DIRECTION (Color),ART DIRECTION (Color),Ben-Hur,"Art Direction: William A. Horning, Edward Carfagno; Set Decoration: Hugh Hunt",tt0052618,History
32,1959,1950,Production,True,CINEMATOGRAPHY (Black-and-White),CINEMATOGRAPHY (Black-and-White),The Diary of Anne Frank,William C. Mellor,tt0052738,Drama
32,1959,1950,Production,True,CINEMATOGRAPHY (Color),CINEMATOGRAPHY (Color),Ben-Hur,Robert L. Surtees,tt0052618,History
32,1959,1950,Production,True,COSTUME DESIGN (Black-and-White),COSTUME DESIGN (Black-and-White),Some Like It Hot,Orry-Kelly,tt0053291,
32,1959,1950,Production,True,COSTUME DESIGN (Color),COSTUME DESIGN (Color),Ben-Hur,Elizabeth Haffenden,tt0052618,History
32,1959,1950,Production,True,FILM EDITING,FILM EDITING,Ben-Hur,"Ralph E. Winters, John D. Dunning",tt0052618,History
32,1959,1950,Production,True,SOUND MIXING,SOUND,Ben-Hur,"Metro-Goldwyn-Mayer Studio Sound Department, Franklin E. Milton, Sound Director",tt0052618,History
32,1959,1950,Production,True,VISUAL EFFECTS,SPECIAL EFFECTS,Ben-Hur,"Visual Effects by A. Arnold Gillespie, Robert MacDonald; Audible Effects by Milo Lory",tt0052618,History
32,1959,1950,SciTech,False,SCIENTIFIC OR TECHNICAL AWARD (Class II),SCIENTIFIC OR TECHNICAL AWARD (Class II),,,,
32,1959,1950,SciTech,False,SCIENTIFIC OR TECHNICAL AWARD (Class II),SCIENTIFIC OR TECHNICAL AWARD (Class II),,,,
32,1959,1950,SciTech,False,SCIENTIFIC OR TECHNICAL AWARD (Class II),SCIENTIFIC OR TECHNICAL AWARD (Class II),,,,
32,1959,1950,SciTech,False,SCIENTIFIC OR TECHNICAL AWARD (Class II),SCIENTIFIC OR TECHNICAL AWARD (Class II),,,,
32,1959,1950,SciTech,False,SCIENTIFIC OR TECHNICAL AWARD (Class II),SCIENTIFIC OR TECHNICAL AWARD (Class II),,,,
32,1959,1950,SciTech,False,SCIENTIFIC OR TECHNICAL AWARD (Class III),SCIENTIFIC OR TECHNICAL AWARD (Class III),,,,
32,1959,1950,SciTech,False,SCIENTIFIC OR TECHNICAL AWARD (Class III),SCIENTIFIC OR TECHNICAL AWARD (Class III),,,,
32,1959,1950,Special,False,HONORARY AWARD,HONORARY AWARD,,,,
32,1959,1950,Special,False,HONORARY AWARD,HONORARY AWARD,,,,
32,1959,1950,Special,False,JEAN HERSHOLT HUMANITARIAN AWARD,JEAN HERSHOLT HUMANITARIAN AWARD,,Bob Hope,,
32,1959,1950,Title,True,BEST PICTURE,BEST MOTION PICTURE,Ben-Hur,"Sam Zimbalist, Producer",tt0052618,History
32,1959,1950,Title,True,DOCUMENTARY (Feature),DOCUMENTARY (Feature),Serengeti Shall Not Die,"Bernhard Grzimek, Producer",tt0053268,
32,1959,1950,Title,True,DOCUMENTARY (Short Subject),DOCUMENTARY (Short Subject),Glass,"Bert Haanstra, Producer",tt0052852,
32,1959,1950,Title,True,INTERNATIONAL FEATURE FILM,FOREIGN LANGUAGE FILM,Black Orpheus,France,tt0053146,
32,1959,1950,Title,True,SHORT FILM (Animated),SHORT SUBJECT (Cartoon),Moonbird,"John Hubley, Producer",tt0053080,
32,1959,1950,Title,True,SHORT FILM (Live Action),SHORT SUBJECT (Live Action),The Golden Fish,"Jacques-Yves Cousteau, Producer",tt0052855,
32,1959,1950,Writing,True,WRITING (Adapted Screenplay),WRITING (Screenplay--based on material from another medium),Room at the Top,Neil Paterson,tt0053226,Drama
32,1959,1950,Writing,True,WRITING (Original Screenplay),WRITING (Story and Screenplay--written directly for the screen),Pillow Talk,"Story by Russell Rouse, Clarence Greene; Screenplay by Stanley Shapiro, Maurice Richlin",tt0053172,Comedy
33,1960,1960,Acting,True,ACTOR IN A LEADING ROLE,ACTOR,Elmer Gantry,Burt Lancaster,tt0053793,Drama
33,1960,1960,Acting,True,ACTOR IN A SUPPORTING ROLE,ACTOR IN A SUPPORTING ROLE,Spartacus,Peter Ustinov,tt0054331,History
33,1960,1960,Acting,True,ACTRESS IN A LEADING ROLE,ACTRESS,Butterfield 8,Elizabeth Taylor,tt0053622,Drama
33,1960,1960,Acting,True,ACTRESS IN A SUPPORTING ROLE,ACTRESS IN A SUPPORTING ROLE,Elmer Gantry,Shirley Jones,tt0053793,Drama
33,1960,1960,Directing,True,DIRECTING,DIRECTING,The Apartment,Billy Wilder,tt0053604,Comedy
33,1960,1960,Music,True,MUSIC (Original Score),MUSIC (Music Score of a Dramatic or Comedy Picture),Exodus,Ernest Gold,tt0053804,
33,1960,1960,Music,True,MUSIC (Original Song Score or Adaptation Score),MUSIC (Scoring of a Musical Picture),Song without End (The Story of Franz Liszt),"Morris Stoloff, Harry Sukman",tt0054324,
33,1960,1960,Music,True,MUSIC (Original Song),MUSIC (Song),Never on Sunday,Music and Lyrics by Manos Hadjidakis,tt0054198,
33,1960,1960,Production,True,ART DIRECTION (Black-and-White),ART DIRECTION (Black-and-White),The Apartment,Art Direction: Alexander Trauner; Set Decoration: Edward G. Boyle,tt0053604,Comedy
33,1960,1960,Production,True,ART DIRECTION (Color),ART DIRECTION (Color),Spartacus,"Art Direction: Alexander Golitzen, Eric Orbom; Set Decoration: Russell A. Gausman, Julia Heron",tt0054331,History
33,1960,1960,Production,True,CINEMATOGRAPHY (Black-and-White),CINEMATOGRAPHY (Black-and-White),Sons and Lovers,Freddie Francis,tt0054326,
33,1960,1960,Production,True,CINEMATOGRAPHY (Color),CINEMATOGRAPHY (Color),Spartacus,Russell Metty,tt0054331,History
33,1960,1960,Production,True,COSTUME DESIGN (Black-and-White),COSTUME DESIGN (Black-and-White),The Facts of Life,"Edith Head, Edward Stevenson",tt0053810,
33,1960,1960,Production,True,COSTUME DESIGN (Color),COSTUME DESIGN (Color),Spartacus,"Valles, Bill Thomas",tt0054331,History
33,1960,1960,Production,True,FILM EDITING,FILM EDITING,The Apartment,Daniel Mandell,tt0053604,Comedy
33,1960,1960,Production,True,SOUND MIXING,SOUND,The Alamo,"Samuel Goldwyn Studio Sound Department, Gordon E. Sawyer, Sound Director; and Todd-AO Sound Department, Fred Hynes, Sound Director",tt0053580,
33,1960,1960,Production,True,VISUAL EFFECTS,SPECIAL EFFECTS,The Time Machine,"Visual Effects by Gene Warren, Tim Baar",tt0054387,
33,1960,1960,SciTech,False,SCIENTIFIC OR TECHNICAL AWARD (Class II),SCIENTIFIC OR TECHNICAL AWARD (Class II),,,,
33,1960,1960,SciTech,False,SCIENTIFIC OR TECHNICAL AWARD (Class III),SCIENTIFIC OR TECHNICAL AWARD (Class III),,,,
33,1960,1960,SciTech,False,SCIENTIFIC OR TECHNICAL AWARD (Class III),SCIENTIFIC OR TECHNICAL AWARD (Class III),,,,
33,1960,1960,SciTech,False,SCIENTIFIC OR TECHNICAL AWARD (Class III),SCIENTIFIC OR TECHNICAL AWARD (Class III),,,,
33,1960,1960,Special,False,HONORARY AWARD,HONORARY AWARD,Pollyanna,,tt0054195,
33,1960,1960,Special,False,HONORARY AWARD,HONORARY AWARD,,,,
33,1960,1960,Special,False,HONORARY AWARD,HONORARY AWARD,,,,
33,1960,1960,Special,False,JEAN HERSHOLT HUMANITARIAN AWARD,JEAN HERSHOLT HUMANITARIAN AWARD,,Sol Lesser,,
33,1960,1960,Title,True,BEST PICTURE,BEST MOTION PICTURE,The Apartment,"Billy Wilder, Producer",tt0053604,Comedy
33,1960,1960,Title,True,DOCUMENTARY (Feature),DOCUMENTARY (Feature),The Horse with the Flying Tail,"Larry Lansburgh, Producer",tt0054993,
33,1960,1960,Title,True,DOCUMENTARY (Short Subject),DOCUMENTARY (Short Subject),Giuseppina,"James Hill, Producer",tt0053866,
33,1960,1960,Title,True,INTERNATIONAL FEATURE FILM,FOREIGN LANGUAGE FILM,The Virgin Spring,Sweden,tt0053976,
33,1960,1960,Title,True,SHORT FILM (Animated),SHORT SUBJECT (Cartoon),Munro,"William L. Snyder, Producer",tt0054100,
33,1960,1960,Title,True,SHORT FILM (Live Action),SHORT SUBJECT (Live Action),Day of the Painter,"Ezra R. Baker, Producer",tt0053753,
33,1960,1960,Writing,True,WRITING (Adapted Screenplay),WRITING (Screenplay--based on material from another medium),Elmer Gantry,Richard Brooks,tt0053793,Drama
33,1960,1960,Writing,True,WRITING (Original Screenplay),WRITING (Story and Screenplay--written directly for the screen),The Apartment,"Billy Wilder, I. A. L. Diamond",tt0053604,Comedy
34,1961,1960,Acting,True,ACTOR IN A LEADING ROLE,ACTOR,Judgment at Nuremberg,Maximilian Schell,tt0055031,Drama
34,1961,1960,Acting,True,ACTOR IN A SUPPORTING ROLE,ACTOR IN A SUPPORTING ROLE,West Side Story,George Chakiris,tt0055614,Crime
34,1961,1960,Acting,True,ACTRESS IN A LEADING ROLE,ACTRESS,Two Women,Sophia Loren,tt0054749,Drama
34,1961,1960,Acting,True,ACTRESS IN A SUPPORTING ROLE,ACTRESS IN A SUPPORTING ROLE,West Side Story,Rita Moreno,tt0055614,Crime
34,1961,1960,Directing,True,DIRECTING,DIRECTING,West Side Story,"Robert Wise, Jerome Robbins",tt0055614,Crime
34,1961,1960,Music,True,MUSIC (Original Score),MUSIC (Music Score of a Dramatic or Comedy Picture),Breakfast at Tiffany's,Henry Mancini,tt0054698,
34,1961,1960,Music,True,MUSIC (Original Song Score or Adaptation Score),MUSIC (Scoring of a Musical Picture),West Side Story,"Saul Chaplin, Johnny Green, Sid Ramin, Irwin Kostal",tt0055614,Crime
34,1961,1960,Music,True,MUSIC (Original Song),MUSIC (Song),Breakfast at Tiffany's,Music by Henry Mancini; Lyrics by Johnny Mercer,tt0054698,
34,1961,1960,Production,True,ART DIRECTION (Black-and-White),ART DIRECTION (Black-and-White),The Hustler,Art Direction: Harry Horner; Set Decoration: Gene Callahan,tt0054997,
34,1961,1960,Production,True,ART DIRECTION (Color),ART DIRECTION (Color),West Side Story,Art Direction: Boris Leven; Set Decoration: Victor A. Gangelin,tt0055614,Crime
34,1961,1960,Production,True,CINEMATOGRAPHY (Black-and-White),CINEMATOGRAPHY (Black-and-White),The Hustler,Eugen Shuftan,tt0054997,
34,1961,1960,Production,True,CINEMATOGRAPHY (Color),CINEMATOGRAPHY (Color),West Side Story,Daniel L. Fapp,tt0055614,Crime
34,1961,1960,Production,True,COSTUME DESIGN (Black-and-White),COSTUME DESIGN (Black-and-White),La Dolce Vita,Piero Gherardi,tt0053779,
34,1961,1960,Production,True,COSTUME DESIGN (Color),COSTUME DESIGN (Color),West Side Story,Irene Sharaff,tt0055614,Crime
34,1961,1960,Production,True,FILM EDITING,FILM EDITING,West Side Story,Thomas Stanford,tt0055614,Crime
34,1961,1960,Production,True,SOUND MIXING,SOUND,West Side Story,"Todd- AO Sound Department, Fred Hynes, Sound Director; and Samuel Goldwyn Studio Sound Department, Gordon E. Sawyer, Sound Director",tt0055614,Crime
34,1961,1960,Production,True,VISUAL EFFECTS,SPECIAL EFFECTS,The Guns of Navarone,Visual Effects by Bill Warrington; Audible Effects by Vivian C. Greenham,tt0054953,
34,1961,1960,SciTech,False,SCIENTIFIC OR TECHNICAL AWARD (Class II),SCIENTIFIC OR TECHNICAL AWARD (Class II),,,,
34,1961,1960,SciTech,False,SCIENTIFIC OR TECHNICAL AWARD (Class II),SCIENTIFIC OR TECHNICAL AWARD (Class II),,,,
34,1961,1960,SciTech,False,SCIENTIFIC OR TECHNICAL AWARD (Class II),SCIENTIFIC OR TECHNICAL AWARD (Class II),,,,
34,1961,1960,SciTech,False,SCIENTIFIC OR TECHNICAL AWARD (Class III),SCIENTIFIC OR TECHNICAL AWARD (Class III),,,,
34,1961,1960,SciTech,False,SCIENTIFIC OR TECHNICAL AWARD (Class III),SCIENTIFIC OR TECHNICAL AWARD (Class III),,,,
34,1961,1960,Special,False,HONORARY AWARD,HONORARY AWARD,,,,
34,1961,1960,Special,False,HONORARY AWARD,HONORARY AWARD,,,,
34,1961,1960,Special,False,HONORARY AWARD,HONORARY AWARD,A Force in Readiness,,tt0121293,
34,1961,1960,Special,False,IRVING G. THALBERG MEMORIAL AWARD,IRVING G. THALBERG MEMORIAL AWARD,,Stanley Kramer,,
34,1961,1960,Special,False,JEAN HERSHOLT HUMANITARIAN AWARD,JEAN HERSHOLT HUMANITARIAN AWARD,,George Seaton,,
34,1961,1960,Title,True,BEST PICTURE,BEST MOTION PICTURE,West Side Story,"Robert Wise, Producer",tt0055614,Crime
34,1961,1960,Title,True,DOCUMENTARY (Feature),DOCUMENTARY (Feature),Le Ciel et la Boue (Sky Above and Mud Beneath),"Arthur Cohn and Rene Lafuite, Producers",tt0053714,
34,1961,1960,Title,True,DOCUMENTARY (Short Subject),DOCUMENTARY (Short Subject),Project Hope,"Frank P. Bibas, Producer",tt0055333,
34,1961,1960,Title,True,INTERNATIONAL FEATURE FILM,FOREIGN LANGUAGE FILM,Through a Glass Darkly,Sweden,tt0055499,
34,1961,1960,Title,True,SHORT FILM (Animated),SHORT SUBJECT (Cartoon),Ersatz (The Substitute),Zagreb Film,tt0054854,
34,1961,1960,Title,True,SHORT FILM (Live Action),SHORT SUBJECT (Live Action),Seawards the Great Ships,Templar Film Studios,tt0055420,
34,1961,1960,Writing,True,WRITING (Adapted Screenplay),WRITING (Screenplay--based on material from another medium),Judgment at Nuremberg,Abby Mann,tt0055031,Drama
34,1961,1960,Writing,True,WRITING (Original Screenplay),WRITING (Story and Screenplay--written directly for the screen),Splendor in the Grass,William Inge,tt0055471,Drama
35,1962,1960,Acting,True,ACTOR IN A LEADING ROLE,ACTOR,To Kill a Mockingbird,Gregory Peck,tt0056592,Drama
35,1962,1960,Acting,True,ACTOR IN A SUPPORTING ROLE,ACTOR IN A SUPPORTING ROLE,Sweet Bird of Youth,Ed Begley,tt0056541,Drama
35,1962,1960,Acting,True,ACTRESS IN A LEADING ROLE,ACTRESS,The Miracle Worker,Anne Bancroft,tt0056241,Drama
35,1962,1960,Acting,True,ACTRESS IN A SUPPORTING ROLE,ACTRESS IN A SUPPORTING ROLE,The Miracle Worker,Patty Duke,tt0056241,Drama
35,1962,1960,Directing,True,DIRECTING,DIRECTING,Lawrence of Arabia,David Lean,tt0056172,Adventure
35,1962,1960,Music,True,MUSIC (Original Score),MUSIC (Music Score--substantially original),Lawrence of Arabia,Maurice Jarre,tt0056172,Adventure
35,1962,1960,Music,True,MUSIC (Original Song Score or Adaptation Score),MUSIC (Scoring of Music--adaptation or treatment),Meredith Willson's The Music Man,Ray Heindorf,tt0056262,
35,1962,1960,Music,True,MUSIC (Original Song),MUSIC (Song),Days of Wine and Roses,Music by Henry Mancini; Lyrics by Johnny Mercer,tt0055895,
35,1962,1960,Production,True,ART DIRECTION (Black-and-White),ART DIRECTION (Black-and-White),To Kill a Mockingbird,"Art Direction: Alexander Golitzen, Henry Bumstead; Set Decoration: Oliver Emert",tt0056592,Drama
35,1962,1960,Production,True,ART DIRECTION (Color),ART DIRECTION (Color),Lawrence of Arabia,"Art Direction: John Box, John Stoll; Set Decoration: Dario Simoni",tt0056172,Adventure
35,1962,1960,Production,True,CINEMATOGRAPHY (Black-and-White),CINEMATOGRAPHY (Black-and-White),The Longest Day,"Jean Bourgoin, Walter Wottitz, (Henri Persin)",tt0056197,
35,1962,1960,Production,True,CINEMATOGRAPHY (Color),CINEMATOGRAPHY (Color),Lawrence of Arabia,Fred A. Young,tt0056172,Adventure
35,1962,1960,Production,True,COSTUME DESIGN (Black-and-White),COSTUME DESIGN (Black-and-White),What Ever Happened to Baby Jane?,Norma Koch,tt0056687,
35,1962,1960,Production,True,COSTUME DESIGN (Color),COSTUME DESIGN (Color),The Wonderful World of the Brothers Grimm,Mary Wills,tt0056700,
35,1962,1960,Production,True,FILM EDITING,FILM EDITING,Lawrence of Arabia,Anne Coates,tt0056172,Adventure
35,1962,1960,Production,True,SOUND MIXING,SOUND,Lawrence of Arabia,"Shepperton Studio Sound Department, John Cox, Sound Director",tt0056172,Adventure
35,1962,1960,Production,True,VISUAL EFFECTS,SPECIAL EFFECTS,The Longest Day,Visual Effects by Robert MacDonald; Audible Effects by Jacques Maumont,tt0056197,
35,1962,1960,SciTech,False,SCIENTIFIC OR TECHNICAL AWARD (Class II),SCIENTIFIC OR TECHNICAL AWARD (Class II),,,,
35,1962,1960,SciTech,False,SCIENTIFIC OR TECHNICAL AWARD (Class II),SCIENTIFIC OR TECHNICAL AWARD (Class II),,,,
35,1962,1960,SciTech,False,SCIENTIFIC OR TECHNICAL AWARD (Class II),SCIENTIFIC OR TECHNICAL AWARD (Class II),,,,
35,1962,1960,SciTech,False,SCIENTIFIC OR TECHNICAL AWARD (Class II),SCIENTIFIC OR TECHNICAL AWARD (Class II),,,,
35,1962,1960,SciTech,False,SCIENTIFIC OR TECHNICAL AWARD (Class III),SCIENTIFIC OR TECHNICAL AWARD (Class III),,,,
35,1962,1960,SciTech,False,SCIENTIFIC OR TECHNICAL AWARD (Class III),SCIENTIFIC OR TECHNICAL AWARD (Class III),,,,
35,1962,1960,Special,False,JEAN HERSHOLT HUMANITARIAN AWARD,JEAN HERSHOLT HUMANITARIAN AWARD,,Steve Broidy,,
35,1962,1960,Title,True,BEST PICTURE,BEST PICTURE,Lawrence of Arabia,"Sam Spiegel, Producer",tt0056172,Adventure
35,1962,1960,Title,True,DOCUMENTARY (Feature),DOCUMENTARY (Feature),Black Fox,"Louis Clyde Stoumen, Producer",tt0055801,
35,1962,1960,Title,True,DOCUMENTARY (Short Subject),DOCUMENTARY (Short Subject),Dylan Thomas,"Jack Howells, Producer",tt0055943,
35,1962,1960,Title,True,INTERNATIONAL FEATURE FILM,FOREIGN LANGUAGE FILM,Sundays and Cybele,France,tt0055910,
35,1962,1960,Title,True,SHORT FILM (Animated),SHORT SUBJECT (Cartoon),The Hole,"John Hubley and Faith Hubley, Producers",tt0056075,
35,1962,1960,Title,True,SHORT FILM (Live Action),SHORT SUBJECT (Live Action),Heureux Anniversaire (Happy Anniversary),"Pierre Etaix and J.C. Carrière, Producers",tt0056066,
35,1962,1960,Writing,True,WRITING (Adapted Screenplay),WRITING (Screenplay--based on material from another medium),To Kill a Mockingbird,Horton Foote,tt0056592,Drama
35,1962,1960,Writing,True,WRITING (Original Screenplay),WRITING (Story and Screenplay--written directly for the screen),Divorce--Italian Style,"Ennio de Concini, Alfredo Giannetti, Pietro Germi",tt0055913,Comedy
36,1963,1960,Acting,True,ACTOR IN A LEADING ROLE,ACTOR,Lilies of the Field,Sidney Poitier,tt0057251,Comedy
36,1963,1960,Acting,True,ACTOR IN A SUPPORTING ROLE,ACTOR IN A SUPPORTING ROLE,Hud,Melvyn Douglas,tt0057163,Drama
36,1963,1960,Acting,True,ACTRESS IN A LEADING ROLE,ACTRESS,Hud,Patricia Neal,tt0057163,Drama
36,1963,1960,Acting,True,ACTRESS IN A SUPPORTING ROLE,ACTRESS IN A SUPPORTING ROLE,The V.I.P.s,Margaret Rutherford,tt0057634,Drama
36,1963,1960,Directing,True,DIRECTING,DIRECTING,Tom Jones,Tony Richardson,tt0057590,Comedy
36,1963,1960,Music,True,MUSIC (Original Score),MUSIC (Music Score--substantially original),Tom Jones,John Addison,tt0057590,Comedy
36,1963,1960,Music,True,MUSIC (Original Song Score or Adaptation Score),MUSIC (Scoring of Music--adaptation or treatment),Irma La Douce,Andre Previn,tt0057187,
36,1963,1960,Music,True,MUSIC (Original Song),MUSIC (Song),Papa's Delicate Condition,Music by James Van Heusen; Lyrics by Sammy Cahn,tt0057400,
36,1963,1960,Production,True,ART DIRECTION (Black-and-White),ART DIRECTION (Black-and-White),America America,Gene Callahan,tt0056825,
36,1963,1960,Production,True,ART DIRECTION (Color),ART DIRECTION (Color),Cleopatra,"Art Direction: John DeCuir, Jack Martin Smith, Hilyard Brown, Herman Blumenthal, Elven Webb, Maurice Pelling, Boris Juraga; Set Decoration: Walter M. Scott, Paul S. Fox, Ray Moyer",tt0056937,
36,1963,1960,Production,True,CINEMATOGRAPHY (Black-and-White),CINEMATOGRAPHY (Black-and-White),Hud,James Wong Howe,tt0057163,Drama
36,1963,1960,Production,True,CINEMATOGRAPHY (Color),CINEMATOGRAPHY (Color),Cleopatra,Leon Shamroy,tt0056937,
36,1963,1960,Production,True,COSTUME DESIGN (Black-and-White),COSTUME DESIGN (Black-and-White),Federico Fellini's 8-1/2,Piero Gherardi,tt0056801,
36,1963,1960,Production,True,COSTUME DESIGN (Color),COSTUME DESIGN (Color),Cleopatra,"Irene Sharaff, Vittorio Nino Novarese, Renie",tt0056937,
36,1963,1960,Production,True,FILM EDITING,FILM EDITING,How the West Was Won,Harold F. Kress,tt0056085,Western
36,1963,1960,Production,True,SOUND EDITING,SOUND EFFECTS,"It's a Mad, Mad, Mad, Mad World",Walter G. Elliott,tt0057193,
36,1963,1960,Production,True,SOUND MIXING,SOUND,How the West Was Won,"Metro-Goldwyn-Mayer Studio Sound Department, Franklin E. Milton, Sound Director",tt0056085,Western
36,1963,1960,Production,True,VISUAL EFFECTS,SPECIAL EFFECTS,Cleopatra,"Emil Kosa, Jr.",tt0056937,
36,1963,1960,SciTech,False,SCIENTIFIC OR TECHNICAL AWARD (Class III),SCIENTIFIC OR TECHNICAL AWARD (Class III),,,,
36,1963,1960,Special,False,IRVING G. THALBERG MEMORIAL AWARD,IRVING G. THALBERG MEMORIAL AWARD,,Sam Spiegel,,
36,1963,1960,Title,True,BEST PICTURE,BEST PICTURE,Tom Jones,"Tony Richardson, Producer",tt0057590,Comedy
36,1963,1960,Title,True,DOCUMENTARY (Feature),DOCUMENTARY (Feature),Robert Frost: A Lover's Quarrel with the World,"Robert Hughes, Producer",tt0057459,
36,1963,1960,Title,True,DOCUMENTARY (Short Subject),DOCUMENTARY (Short Subject),Chagall,"Simon Schiffrin, Producer",tt0056920,
36,1963,1960,Title,True,INTERNATIONAL FEATURE FILM,FOREIGN LANGUAGE FILM,Federico Fellini's 8-1/2,Italy,tt0056801,
36,1963,1960,Title,True,SHORT FILM (Animated),SHORT SUBJECT (Cartoon),The Critic,"Ernest Pintoff, Producer",tt0056965,
36,1963,1960,Title,True,SHORT FILM (Live Action),SHORT SUBJECT (Live Action),An Occurrence at Owl Creek Bridge,"Paul de Roubaix and Marcel Ichac, Producers",tt0056300,
36,1963,1960,Writing,True,WRITING (Adapted Screenplay),WRITING (Screenplay--based on material from another medium),Tom Jones,John Osborne,tt0057590,Comedy
36,1963,1960,Writing,True,WRITING (Original Screenplay),WRITING (Story and Screenplay--written directly for the screen),How the West Was Won,James R. Webb,tt0056085,Western
37,1964,1960,Acting,True,ACTOR IN A LEADING ROLE,ACTOR,My Fair Lady,Rex Harrison,tt0058385,Comedy
37,1964,1960,Acting,True,ACTOR IN A SUPPORTING ROLE,ACTOR IN A SUPPORTING ROLE,Topkapi,Peter Ustinov,tt0058672,Comedy
37,1964,1960,Acting,True,ACTRESS IN A LEADING ROLE,ACTRESS,Mary Poppins,Julie Andrews,tt0058331,Comedy
37,1964,1960,Acting,True,ACTRESS IN A SUPPORTING ROLE,ACTRESS IN A SUPPORTING ROLE,Zorba the Greek,Lila Kedrova,tt0057831,Drama
37,1964,1960,Directing,True,DIRECTING,DIRECTING,My Fair Lady,George Cukor,tt0058385,Comedy
37,1964,1960,Music,True,MUSIC (Original Score),MUSIC (Music Score--substantially original),Mary Poppins,"Richard M. Sherman, Robert B. Sherman",tt0058331,Comedy
37,1964,1960,Music,True,MUSIC (Original Song Score or Adaptation Score),MUSIC (Scoring of Music--adaptation or treatment),My Fair Lady,Andre Previn,tt0058385,Comedy
37,1964,1960,Music,True,MUSIC (Original Song),MUSIC (Song),Mary Poppins,Music and Lyrics by Richard M. Sherman and Robert B. Sherman,tt0058331,Comedy
37,1964,1960,Production,True,ART DIRECTION (Black-and-White),ART DIRECTION (Black-and-White),Zorba the Greek,Vassilis Fotopoulos,tt0057831,Drama
37,1964,1960,Production,True,ART DIRECTION (Color),ART DIRECTION (Color),My Fair Lady,"Art Direction: Gene Allen, Cecil Beaton; Set Decoration: George James Hopkins",tt0058385,Comedy
37,1964,1960,Production,True,CINEMATOGRAPHY (Black-and-White),CINEMATOGRAPHY (Black-and-White),Zorba the Greek,Walter Lassally,tt0057831,Drama
37,1964,1960,Production,True,CINEMATOGRAPHY (Color),CINEMATOGRAPHY (Color),My Fair Lady,Harry Stradling,tt0058385,Comedy
37,1964,1960,Production,True,COSTUME DESIGN (Black-and-White),COSTUME DESIGN (Black-and-White),The Night of the Iguana,Dorothy Jeakins,tt0058404,
37,1964,1960,Production,True,COSTUME DESIGN (Color),COSTUME DESIGN (Color),My Fair Lady,Cecil Beaton,tt0058385,Comedy
37,1964,1960,Production,True,FILM EDITING,FILM EDITING,Mary Poppins,Cotton Warburton,tt0058331,Comedy
37,1964,1960,Production,True,SOUND EDITING,SOUND EFFECTS,Goldfinger,Norman Wanstall,tt0058150,
37,1964,1960,Production,True,SOUND MIXING,SOUND,My Fair Lady,"Warner Bros. Studio Sound Department, George R. Groves, Sound Director",tt0058385,Comedy
37,1964,1960,Production,True,VISUAL EFFECTS,SPECIAL VISUAL EFFECTS,Mary Poppins,"Peter Ellenshaw, Eustace Lycett, Hamilton Luske",tt0058331,Comedy
37,1964,1960,SciTech,False,SCIENTIFIC OR TECHNICAL AWARD (Class I),SCIENTIFIC OR TECHNICAL AWARD (Class I),,,,
37,1964,1960,SciTech,False,SCIENTIFIC OR TECHNICAL AWARD (Class II),SCIENTIFIC OR TECHNICAL AWARD (Class II),,,,
37,1964,1960,SciTech,False,SCIENTIFIC OR TECHNICAL AWARD (Class II),SCIENTIFIC OR TECHNICAL AWARD (Class II),,,,
37,1964,1960,SciTech,False,SCIENTIFIC OR TECHNICAL AWARD (Class III),SCIENTIFIC OR TECHNICAL AWARD (Class III),,,,
37,1964,1960,SciTech,False,SCIENTIFIC OR TECHNICAL AWARD (Class III),SCIENTIFIC OR TECHNICAL AWARD (Class III),,,,
37,1964,1960,SciTech,False,SCIENTIFIC OR TECHNICAL AWARD (Class III),SCIENTIFIC OR TECHNICAL AWARD (Class III),,,,
37,1964,1960,SciTech,False,SCIENTIFIC OR TECHNICAL AWARD (Class III),SCIENTIFIC OR TECHNICAL AWARD (Class III),,,,
37,1964,1960,SciTech,False,SCIENTIFIC OR TECHNICAL AWARD (Class III),SCIENTIFIC OR TECHNICAL AWARD (Class III),,,,
37,1964,1960,SciTech,False,SCIENTIFIC OR TECHNICAL AWARD (Class III),SCIENTIFIC OR TECHNICAL AWARD (Class III),,,,
37,1964,1960,Special,False,HONORARY AWARD,HONORARY AWARD,7 Faces of Dr. Lao.,,tt0057812,
37,1964,1960,Title,True,BEST PICTURE,BEST PICTURE,My Fair Lady,"Jack L. Warner, Producer",tt0058385,Comedy
37,1964,1960,Title,True,DOCUMENTARY (Feature),DOCUMENTARY (Feature),Jacques-Yves Cousteau's World without Sun,"Jacques-Yves Cousteau, Producer",tt0058364,
37,1964,1960,Title,True,DOCUMENTARY (Short Subject),DOCUMENTARY (Short Subject),Nine from Little Rock,"Charles Guggenheim, Producer",tt0058410,
37,1964,1960,Title,True,INTERNATIONAL FEATURE FILM,FOREIGN LANGUAGE FILM,"Yesterday, Today and Tomorrow",Italy,tt0057171,
37,1964,1960,Title,True,SHORT FILM (Animated),SHORT SUBJECT (Cartoon),The Pink Phink,"David H. DePatie and Friz Freleng, Producers",tt0058472,
37,1964,1960,Title,True,SHORT FILM (Live Action),SHORT SUBJECT (Live Action),Casals Conducts: 1964,"Edward Schreiber, Producer",tt0057922,
37,1964,1960,Writing,True,WRITING (Adapted Screenplay),WRITING (Screenplay--based on material from another medium),Becket,Edward Anhalt,tt0057877,Drama
37,1964,1960,Writing,True,WRITING (Original Screenplay),WRITING (Story and Screenplay--written directly for the screen),Father Goose,"Story by S. H. Barnett; Screenplay by Peter Stone, Frank Tarloff",tt0058092,Adventure
38,1965,1960,Acting,True,ACTOR IN A LEADING ROLE,ACTOR,Cat Ballou,Lee Marvin,tt0059017,Western
38,1965,1960,Acting,True,ACTOR IN A SUPPORTING ROLE,ACTOR IN A SUPPORTING ROLE,A Thousand Clowns,Martin Balsam,tt0059798,Comedy
38,1965,1960,Acting,True,ACTRESS IN A LEADING ROLE,ACTRESS,Darling,Julie Christie,tt0059084,Drama
38,1965,1960,Acting,True,ACTRESS IN A SUPPORTING ROLE,ACTRESS IN A SUPPORTING ROLE,A Patch of Blue,Shelley Winters,tt0059573,Drama
38,1965,1960,Directing,True,DIRECTING,DIRECTING,The Sound of Music,Robert Wise,tt0059742,Drama
38,1965,1960,Music,True,MUSIC (Original Score),MUSIC (Music Score--substantially original),Doctor Zhivago,Maurice Jarre,tt0059113,Drama
38,1965,1960,Music,True,MUSIC (Original Song Score or Adaptation Score),MUSIC (Scoring of Music--adaptation or treatment),The Sound of Music,Irwin Kostal,tt0059742,Drama
38,1965,1960,Music,True,MUSIC (Original Song),MUSIC (Song),The Sandpiper,Music by Johnny Mandel; Lyrics by Paul Francis Webster,tt0059674,
38,1965,1960,Production,True,ART DIRECTION (Black-and-White),ART DIRECTION (Black-and-White),Ship of Fools,Art Direction: Robert Clatworthy; Set Decoration: Joseph Kish,tt0059712,
38,1965,1960,Production,True,ART DIRECTION (Color),ART DIRECTION (Color),Doctor Zhivago,"Art Direction: John Box, Terry Marsh; Set Decoration: Dario Simoni",tt0059113,Drama
38,1965,1960,Production,True,CINEMATOGRAPHY (Black-and-White),CINEMATOGRAPHY (Black-and-White),Ship of Fools,Ernest Laszlo,tt0059712,
38,1965,1960,Production,True,CINEMATOGRAPHY (Color),CINEMATOGRAPHY (Color),Doctor Zhivago,Freddie Young,tt0059113,Drama
38,1965,1960,Production,True,COSTUME DESIGN (Black-and-White),COSTUME DESIGN (Black-and-White),Darling,Julie Harris,tt0059084,Drama
38,1965,1960,Production,True,COSTUME DESIGN (Color),COSTUME DESIGN (Color),Doctor Zhivago,Phyllis Dalton,tt0059113,Drama
38,1965,1960,Production,True,FILM EDITING,FILM EDITING,The Sound of Music,William Reynolds,tt0059742,Drama
38,1965,1960,Production,True,SOUND EDITING,SOUND EFFECTS,The Great Race,Tregoweth Brown,tt0059243,
38,1965,1960,Production,True,SOUND MIXING,SOUND,The Sound of Music,"20th Century-Fox Studio Sound Department, James P. Corcoran, Sound Director; and Todd-AO Sound Department, Fred Hynes, Sound Director",tt0059742,Drama
38,1965,1960,Production,True,VISUAL EFFECTS,SPECIAL VISUAL EFFECTS,Thunderball,John Stears,tt0059800,
38,1965,1960,SciTech,False,SCIENTIFIC OR TECHNICAL AWARD (Class II),SCIENTIFIC OR TECHNICAL AWARD (Class II),,,,
38,1965,1960,SciTech,False,SCIENTIFIC OR TECHNICAL AWARD (Class II),SCIENTIFIC OR TECHNICAL AWARD (Class II),,,,
38,1965,1960,Special,False,HONORARY AWARD,HONORARY AWARD,,,,
38,1965,1960,Special,False,IRVING G. THALBERG MEMORIAL AWARD,IRVING G. THALBERG MEMORIAL AWARD,,William Wyler,,
38,1965,1960,Special,False,JEAN HERSHOLT HUMANITARIAN AWARD,JEAN HERSHOLT HUMANITARIAN AWARD,,Edmond L. DePatie,,
38,1965,1960,Title,True,BEST PICTURE,BEST PICTURE,The Sound of Music,"Robert Wise, Producer",tt0059742,Drama
38,1965,1960,Title,True,DOCUMENTARY (Feature),DOCUMENTARY (Feature),The Eleanor Roosevelt Story,"Sidney Glazier, Producer",tt0059145,
38,1965,1960,Title,True,DOCUMENTARY (Short Subject),DOCUMENTARY (Short Subject),To Be Alive!,"Francis Thompson, Producer",tt0059814,
38,1965,1960,Title,True,INTERNATIONAL FEATURE FILM,FOREIGN LANGUAGE FILM,The Shop on Main Street,Czechoslovakia,tt0059527,
38,1965,1960,Title,True,SHORT FILM (Animated),SHORT SUBJECT (Cartoon),The Dot and the Line,"Chuck Jones and Les Goldman, Producers",tt0059122,
38,1965,1960,Title,True,SHORT FILM (Live Action),SHORT SUBJECT (Live Action),The Chicken (Le Poulet),"Claude Berri, Producer",tt0059613,
38,1965,1960,Writing,True,WRITING (Adapted Screenplay),WRITING (Screenplay--based on material from another medium),Doctor Zhivago,Robert Bolt,tt0059113,Drama
38,1965,1960,Writing,True,WRITING (Original Screenplay),WRITING (Story and Screenplay--written directly for the screen),Darling,Frederic Raphael,tt0059084,Drama
39,1966,1960,Acting,True,ACTOR IN A LEADING ROLE,ACTOR,A Man for All Seasons,Paul Scofield,tt0060665,Drama
39,1966,1960,Acting,True,ACTOR IN A SUPPORTING ROLE,ACTOR IN A SUPPORTING ROLE,The Fortune Cookie,Walter Matthau,tt0060424,Comedy
39,1966,1960,Acting,True,ACTRESS IN A LEADING ROLE,ACTRESS,Who's Afraid of Virginia Woolf?,Elizabeth Taylor,tt0061184,Drama
39,1966,1960,Acting,True,ACTRESS IN A SUPPORTING ROLE,ACTRESS IN A SUPPORTING ROLE,Who's Afraid of Virginia Woolf?,Sandy Dennis,tt0061184,Drama
39,1966,1960,Directing,True,DIRECTING,DIRECTING,A Man for All Seasons,Fred Zinnemann,tt0060665,Drama
39,1966,1960,Music,True,MUSIC (Original Score),MUSIC (Original Music Score),Born Free,John Barry,tt0060182,
39,1966,1960,Music,True,MUSIC (Original Song Score or Adaptation Score),MUSIC (Scoring of Music--adaptation or treatment),A Funny Thing Happened on the Way to the Forum,Ken Thorne,tt0060438,
39,1966,1960,Music,True,MUSIC (Original Song),MUSIC (Song),Born Free,Music by John Barry; Lyrics by Don Black,tt0060182,
39,1966,1960,Production,True,ART DIRECTION (Black-and-White),ART DIRECTION (Black-and-White),Who's Afraid of Virginia Woolf?,Art Direction: Richard Sylbert; Set Decoration: George James Hopkins,tt0061184,Drama
39,1966,1960,Production,True,ART DIRECTION (Color),ART DIRECTION (Color),Fantastic Voyage,"Art Direction: Jack Martin Smith, Dale Hennesy; Set Decoration: Walter M. Scott, Stuart A. Reiss",tt0060397,
39,1966,1960,Production,True,CINEMATOGRAPHY (Black-and-White),CINEMATOGRAPHY (Black-and-White),Who's Afraid of Virginia Woolf?,Haskell Wexler,tt0061184,Drama
39,1966,1960,Production,True,CINEMATOGRAPHY (Color),CINEMATOGRAPHY (Color),A Man for All Seasons,Ted Moore,tt0060665,Drama
39,1966,1960,Production,True,COSTUME DESIGN (Black-and-White),COSTUME DESIGN (Black-and-White),Who's Afraid of Virginia Woolf?,Irene Sharaff,tt0061184,Drama
39,1966,1960,Production,True,COSTUME DESIGN (Color),COSTUME DESIGN (Color),A Man for All Seasons,"Elizabeth Haffenden, Joan Bridge",tt0060665,Drama
39,1966,1960,Production,True,FILM EDITING,FILM EDITING,Grand Prix,"Fredric Steinkamp, Henry Berman, Stewart Linder, Frank Santillo",tt0060472,
39,1966,1960,Production,True,SOUND EDITING,SOUND EFFECTS,Grand Prix,Gordon Daniel,tt0060472,
39,1966,1960,Production,True,SOUND MIXING,SOUND,Grand Prix,"Metro-Goldwyn-Mayer Studio Sound Department, Franklin E. Milton, Sound Director",tt0060472,
39,1966,1960,Production,True,VISUAL EFFECTS,SPECIAL VISUAL EFFECTS,Fantastic Voyage,Art Cruickshank,tt0060397,
39,1966,1960,SciTech,False,SCIENTIFIC OR TECHNICAL AWARD (Class II),SCIENTIFIC OR TECHNICAL AWARD (Class II),,,,
39,1966,1960,SciTech,False,SCIENTIFIC OR TECHNICAL AWARD (Class II),SCIENTIFIC OR TECHNICAL AWARD (Class II),,,,
39,1966,1960,SciTech,False,SCIENTIFIC OR TECHNICAL AWARD (Class III),SCIENTIFIC OR TECHNICAL AWARD (Class III),,,,
39,1966,1960,SciTech,False,SCIENTIFIC OR TECHNICAL AWARD (Class III),SCIENTIFIC OR TECHNICAL AWARD (Class III),,,,
39,1966,1960,SciTech,False,SCIENTIFIC OR TECHNICAL AWARD (Class III),SCIENTIFIC OR TECHNICAL AWARD (Class III),,,,
39,1966,1960,Special,False,HONORARY AWARD,HONORARY AWARD,,,,
39,1966,1960,Special,False,HONORARY AWARD,HONORARY AWARD,,,,
39,1966,1960,Special,False,IRVING G. THALBERG MEMORIAL AWARD,IRVING G. THALBERG MEMORIAL AWARD,,Robert Wise,,
39,1966,1960,Special,False,JEAN HERSHOLT HUMANITARIAN AWARD,JEAN HERSHOLT HUMANITARIAN AWARD,,George Bagnall,,
39,1966,1960,Title,True,BEST PICTURE,BEST PICTURE,A Man for All Seasons,"Fred Zinnemann, Producer",tt0060665,Drama
39,1966,1960,Title,True,DOCUMENTARY (Feature),DOCUMENTARY (Feature),The War Game,"Peter Watkins, Producer",tt0059894,
39,1966,1960,Title,True,DOCUMENTARY (Short Subject),DOCUMENTARY (Short Subject),A Year toward Tomorrow,"Edmond A. Levy, Producer",tt0061205,
39,1966,1960,Title,True,INTERNATIONAL FEATURE FILM,FOREIGN LANGUAGE FILM,A Man and a Woman,France,tt0061138,Drama
39,1966,1960,Title,True,SHORT FILM (Animated),SHORT SUBJECT (Cartoon),Herb Alpert and the Tijuana Brass Double Feature,"John Hubley and Faith Hubley, Producers",tt0060503,
39,1966,1960,Title,True,SHORT FILM (Live Action),SHORT SUBJECT (Live Action),Wild Wings,"Edgar Anstey, Producer",tt0061192,
39,1966,1960,Writing,True,WRITING (Adapted Screenplay),WRITING (Screenplay--based on material from another medium),A Man for All Seasons,Robert Bolt,tt0060665,Drama
39,1966,1960,Writing,True,WRITING (Original Screenplay),WRITING (Story and Screenplay--written directly for the screen),A Man and a Woman,"Story by Claude Lelouch; Screenplay by Claude Lelouch, Pierre Uytterhoeven",tt0061138,Drama
40,1967,1960,Acting,True,ACTOR IN A LEADING ROLE,ACTOR,In the Heat of the Night,Rod Steiger,tt0061811,Crime
40,1967,1960,Acting,True,ACTOR IN A SUPPORTING ROLE,ACTOR IN A SUPPORTING ROLE,Cool Hand Luke,George Kennedy,tt0061512,Drama
40,1967,1960,Acting,True,ACTRESS IN A LEADING ROLE,ACTRESS,Guess Who's Coming to Dinner,Katharine Hepburn,tt0061735,Drama
40,1967,1960,Acting,True,ACTRESS IN A SUPPORTING ROLE,ACTRESS IN A SUPPORTING ROLE,Bonnie and Clyde,Estelle Parsons,tt0061418,Crime
40,1967,1960,Directing,True,DIRECTING,DIRECTING,The Graduate,Mike Nichols,tt0061722,Drama
40,1967,1960,Music,True,MUSIC (Original Score),MUSIC (Original Music Score),Thoroughly Modern Millie,Elmer Bernstein,tt0062362,
40,1967,1960,Music,True,MUSIC (Original Song Score or Adaptation Score),MUSIC (Scoring of Music--adaptation or treatment),Camelot,"Alfred Newman, Ken Darby",tt0061439,
40,1967,1960,Music,True,MUSIC (Original Song),MUSIC (Song),Doctor Dolittle,Music and Lyrics by Leslie Bricusse,tt0061584,
40,1967,1960,Production,True,ART DIRECTION,ART DIRECTION,Camelot,"Art Direction: John Truscott, Edward Carrere; Set Decoration: John W. Brown",tt0061439,
40,1967,1960,Production,True,CINEMATOGRAPHY,CINEMATOGRAPHY,Bonnie and Clyde,Burnett Guffey,tt0061418,Crime
40,1967,1960,Production,True,COSTUME DESIGN,COSTUME DESIGN,Camelot,John Truscott,tt0061439,
40,1967,1960,Production,True,FILM EDITING,FILM EDITING,In the Heat of the Night,Hal Ashby,tt0061811,Crime
40,1967,1960,Production,True,SOUND EDITING,SOUND EFFECTS,The Dirty Dozen,John Poyner,tt0061578,
40,1967,1960,Production,True,SOUND MIXING,SOUND,In the Heat of the Night,Samuel Goldwyn Studio Sound Department,tt0061811,Crime
40,1967,1960,Production,True,VISUAL EFFECTS,SPECIAL VISUAL EFFECTS,Doctor Dolittle,L. B. Abbott,tt0061584,
40,1967,1960,SciTech,False,SCIENTIFIC OR TECHNICAL AWARD (Class III),SCIENTIFIC OR TECHNICAL AWARD (Class III),,,,
40,1967,1960,SciTech,False,SCIENTIFIC OR TECHNICAL AWARD (Class III),SCIENTIFIC OR TECHNICAL AWARD (Class III),,,,
40,1967,1960,SciTech,False,SCIENTIFIC OR TECHNICAL AWARD (Class III),SCIENTIFIC OR TECHNICAL AWARD (Class III),,,,
40,1967,1960,SciTech,False,SCIENTIFIC OR TECHNICAL AWARD (Class III),SCIENTIFIC OR TECHNICAL AWARD (Class III),,,,
40,1967,1960,Special,False,HONORARY AWARD,HONORARY AWARD,,,,
40,1967,1960,Special,False,IRVING G. THALBERG MEMORIAL AWARD,IRVING G. THALBERG MEMORIAL AWARD,,Alfred Hitchcock,,
40,1967,1960,Special,False,JEAN HERSHOLT HUMANITARIAN AWARD,JEAN HERSHOLT HUMANITARIAN AWARD,,Gregory Peck,,
40,1967,1960,Title,True,BEST PICTURE,BEST PICTURE,In the Heat of the Night,"Walter Mirisch, Producer",tt0061811,Crime
40,1967,1960,Title,True,DOCUMENTARY (Feature),DOCUMENTARY (Feature),The Anderson Platoon,"Pierre Schoendoerffer, Producer",tt0062244,
40,1967,1960,Title,True,DOCUMENTARY (Short Subject),DOCUMENTARY (Short Subject),The Redwoods,"Mark Harris and Trevor Greenwood, Producers",tt0062184,
40,1967,1960,Title,True,INTERNATIONAL FEATURE FILM,FOREIGN LANGUAGE FILM,Closely Watched Trains,Czechoslovakia,tt0060802,
40,1967,1960,Title,True,SHORT FILM (Animated),SHORT SUBJECT (Cartoon),The Box,"Fred Wolf, Producer",tt0061421,
40,1967,1960,Title,True,SHORT FILM (Live Action),SHORT SUBJECT (Live Action),A Place to Stand,"Christopher Chapman, Producer",tt0062131,
40,1967,1960,Writing,True,WRITING (Adapted Screenplay),WRITING (Screenplay--based on material from another medium),In the Heat of the Night,Stirling Silliphant,tt0061811,Crime
40,1967,1960,Writing,True,WRITING (Original Screenplay),WRITING (Story and Screenplay--written directly for the screen),Guess Who's Coming to Dinner,William Rose,tt0061735,Drama
41,1968,1960,Acting,True,ACTOR IN A LEADING ROLE,ACTOR,Charly,Cliff Robertson,tt0062794,Drama
41,1968,1960,Acting,True,ACTOR IN A SUPPORTING ROLE,ACTOR IN A SUPPORTING ROLE,The Subject Was Roses,Jack Albertson,tt0063654,Drama
41,1968,1960,Acting,True,ACTRESS IN A LEADING ROLE,ACTRESS,Funny Girl,Barbra Streisand,tt0062994,Comedy
41,1968,1960,Acting,True,ACTRESS IN A LEADING ROLE,ACTRESS,The Lion in Winter,Katharine Hepburn,tt0063227,Drama
41,1968,1960,Acting,True,ACTRESS IN A SUPPORTING ROLE,ACTRESS IN A SUPPORTING ROLE,Rosemary's Baby,Ruth Gordon,tt0063522,Drama
41,1968,1960,Directing,True,DIRECTING,DIRECTING,Oliver!,Carol Reed,tt0063385,Drama
41,1968,1960,Music,True,MUSIC (Original Score),MUSIC (Original Score--for a motion picture [not a musical]),The Lion in Winter,John Barry,tt0063227,Drama
41,1968,1960,Music,True,MUSIC (Original Song Score or Adaptation Score),MUSIC (Score of a Musical Picture--original or adaptation),Oliver!,Adaptation score by John Green,tt0063385,Drama
41,1968,1960,Music,True,MUSIC (Original Song),MUSIC (Song--Original for the Picture),The Thomas Crown Affair,Music by Michel Legrand; Lyrics by Alan Bergman and Marilyn Bergman,tt0063688,
41,1968,1960,Production,True,ART DIRECTION,ART DIRECTION,Oliver!,"Art Direction: John Box, Terence Marsh; Set Decoration: Vernon Dixon, Ken Muggleston",tt0063385,Drama
41,1968,1960,Production,True,CINEMATOGRAPHY,CINEMATOGRAPHY,Romeo and Juliet,Pasqualino De Santis,tt0063518,
41,1968,1960,Production,True,COSTUME DESIGN,COSTUME DESIGN,Romeo and Juliet,Danilo Donati,tt0063518,
41,1968,1960,Production,True,FILM EDITING,FILM EDITING,Bullitt,Frank P. Keller,tt0062765,
41,1968,1960,Production,True,SOUND MIXING,SOUND,Oliver!,Shepperton Studio Sound Department,tt0063385,Drama
41,1968,1960,Production,True,VISUAL EFFECTS,SPECIAL VISUAL EFFECTS,2001: A Space Odyssey,Stanley Kubrick,tt0062622,
41,1968,1960,SciTech,False,SCIENTIFIC OR TECHNICAL AWARD (Class I),SCIENTIFIC OR TECHNICAL AWARD (Class I),,,,
41,1968,1960,SciTech,False,SCIENTIFIC OR TECHNICAL AWARD (Class I),SCIENTIFIC OR TECHNICAL AWARD (Class I),,,,
41,1968,1960,SciTech,False,SCIENTIFIC OR TECHNICAL AWARD (Class II),SCIENTIFIC OR TECHNICAL AWARD (Class II),,,,
41,1968,1960,SciTech,False,SCIENTIFIC OR TECHNICAL AWARD (Class II),SCIENTIFIC OR TECHNICAL AWARD (Class II),,,,
41,1968,1960,SciTech,False,SCIENTIFIC OR TECHNICAL AWARD (Class II),SCIENTIFIC OR TECHNICAL AWARD (Class II),,,,
41,1968,1960,SciTech,False,SCIENTIFIC OR TECHNICAL AWARD (Class II),SCIENTIFIC OR TECHNICAL AWARD (Class II),,,,
41,1968,1960,SciTech,False,SCIENTIFIC OR TECHNICAL AWARD (Class II),SCIENTIFIC OR TECHNICAL AWARD (Class II),,,,
41,1968,1960,SciTech,False,SCIENTIFIC OR TECHNICAL AWARD (Class II),SCIENTIFIC OR TECHNICAL AWARD (Class II),,,,
41,1968,1960,SciTech,False,SCIENTIFIC OR TECHNICAL AWARD (Class II),SCIENTIFIC OR TECHNICAL AWARD (Class II),,,,
41,1968,1960,SciTech,False,SCIENTIFIC OR TECHNICAL AWARD (Class III),SCIENTIFIC OR TECHNICAL AWARD (Class III),,,,
41,1968,1960,SciTech,False,SCIENTIFIC OR TECHNICAL AWARD (Class III),SCIENTIFIC OR TECHNICAL AWARD (Class III),,,,
41,1968,1960,Special,False,HONORARY AWARD,HONORARY AWARD,Oliver!,,tt0063385,Drama
41,1968,1960,Special,False,HONORARY AWARD,HONORARY AWARD,Planet of the Apes,,tt0063442,
41,1968,1960,Special,False,JEAN HERSHOLT HUMANITARIAN AWARD,JEAN HERSHOLT HUMANITARIAN AWARD,,Martha Raye,,
41,1968,1960,Title,True,BEST PICTURE,BEST PICTURE,Oliver!,"John Woolf, Producer",tt0063385,Drama
41,1968,1960,Title,True,DOCUMENTARY (Feature),DOCUMENTARY (Feature),Journey into Self,"Bill McGaw, Producer",tt0063160,
41,1968,1960,Title,True,DOCUMENTARY (Short Subject),DOCUMENTARY (Short Subject),Why Man Creates,"Saul Bass, Producer",tt0063804,
41,1968,1960,Title,True,INTERNATIONAL FEATURE FILM,FOREIGN LANGUAGE FILM,War and Peace,Union of Soviet Socialist Republics,tt0063794,
41,1968,1960,Title,True,SHORT FILM (Animated),SHORT SUBJECT (Cartoon),Winnie the Pooh and the Blustery Day,"Walt Disney, Producer",tt0063819,
41,1968,1960,Title,True,SHORT FILM (Live Action),SHORT SUBJECT (Live Action),Robert Kennedy Remembered,"Charles Guggenheim, Producer",tt0063514,
41,1968,1960,Writing,True,WRITING (Adapted Screenplay),WRITING (Screenplay--based on material from another medium),The Lion in Winter,James Goldman,tt0063227,Drama
41,1968,1960,Writing,True,WRITING (Original Screenplay),WRITING (Story and Screenplay--written directly for the screen),The Producers,Mel Brooks,tt0063462,Comedy
42,1969,1960,Acting,True,ACTOR IN A LEADING ROLE,ACTOR,True Grit,John Wayne,tt0065126,Western
42,1969,1960,Acting,True,ACTOR IN A SUPPORTING ROLE,ACTOR IN A SUPPORTING ROLE,"They Shoot Horses, Don't They?",Gig Young,tt0065088,Drama
42,1969,1960,Acting,True,ACTRESS IN A LEADING ROLE,ACTRESS,The Prime of Miss Jean Brodie,Maggie Smith,tt0064840,Drama
42,1969,1960,Acting,True,ACTRESS IN A SUPPORTING ROLE,ACTRESS IN A SUPPORTING ROLE,Cactus Flower,Goldie Hawn,tt0064117,Comedy
42,1969,1960,Directing,True,DIRECTING,DIRECTING,Midnight Cowboy,John Schlesinger,tt0064665,Drama
42,1969,1960,Music,True,MUSIC (Original Score),MUSIC (Original Score--for a motion picture [not a musical]),Butch Cassidy and the Sundance Kid,Burt Bacharach,tt0064115,Western
42,1969,1960,Music,True,MUSIC (Original Song Score or Adaptation Score),MUSIC (Score of a Musical Picture--original or adaptation),"Hello, Dolly!",Adaptation score by Lennie Hayton and Lionel Newman,tt0064418,
42,1969,1960,Music,True,MUSIC (Original Song),MUSIC (Song--Original for the Picture),Butch Cassidy and the Sundance Kid,Music by Burt Bacharach; Lyrics by Hal David,tt0064115,Western
42,1969,1960,Production,True,ART DIRECTION,ART DIRECTION,"Hello, Dolly!","Art Direction: John DeCuir, Jack Martin Smith, Herman Blumenthal; Set Decoration: Walter M. Scott, George Hopkins, Raphael Bretton",tt0064418,
42,1969,1960,Production,True,CINEMATOGRAPHY,CINEMATOGRAPHY,Butch Cassidy and the Sundance Kid,Conrad Hall,tt0064115,Western
42,1969,1960,Production,True,COSTUME DESIGN,COSTUME DESIGN,Anne of the Thousand Days,Margaret Furse,tt0064030,
42,1969,1960,Production,True,FILM EDITING,FILM EDITING,Z,Françoise Bonnot,tt0065234,
42,1969,1960,Production,True,SOUND MIXING,SOUND,"Hello, Dolly!","Jack Solomon, Murray Spivack",tt0064418,
42,1969,1960,Production,True,VISUAL EFFECTS,SPECIAL VISUAL EFFECTS,Marooned,Robbie Robertson,tt0064639,
42,1969,1960,SciTech,False,SCIENTIFIC OR TECHNICAL AWARD (Class II),SCIENTIFIC OR TECHNICAL AWARD (Class II),,,,
42,1969,1960,SciTech,False,SCIENTIFIC OR TECHNICAL AWARD (Class II),SCIENTIFIC OR TECHNICAL AWARD (Class II),,,,
42,1969,1960,SciTech,False,SCIENTIFIC OR TECHNICAL AWARD (Class II),SCIENTIFIC OR TECHNICAL AWARD (Class II),,,,
42,1969,1960,SciTech,False,SCIENTIFIC OR TECHNICAL AWARD (Class III),SCIENTIFIC OR TECHNICAL AWARD (Class III),,,,
42,1969,1960,SciTech,False,SCIENTIFIC OR TECHNICAL AWARD (Class III),SCIENTIFIC OR TECHNICAL AWARD (Class III),,,,
42,1969,1960,SciTech,False,SCIENTIFIC OR TECHNICAL AWARD (Class III),SCIENTIFIC OR TECHNICAL AWARD (Class III),,,,
42,1969,1960,SciTech,False,SCIENTIFIC OR TECHNICAL AWARD (Class III),SCIENTIFIC OR TECHNICAL AWARD (Class III),,,,
42,1969,1960,Special,False,HONORARY AWARD,HONORARY AWARD,,,,
42,1969,1960,Special,False,JEAN HERSHOLT HUMANITARIAN AWARD,JEAN HERSHOLT HUMANITARIAN AWARD,,George Jessel,,
42,1969,1960,Title,True,BEST PICTURE,BEST PICTURE,Midnight Cowboy,"Jerome Hellman, Producer",tt0064665,Drama
42,1969,1960,Title,True,DOCUMENTARY (Feature),DOCUMENTARY (Feature),Arthur Rubinstein - The Love of Life,"Bernard Chevry, Producer",tt0064043,
42,1969,1960,Title,True,DOCUMENTARY (Short Subject),DOCUMENTARY (Short Subject),Czechoslovakia 1968,"Denis Sanders and Robert M. Fresco, Producers",tt0064200,
42,1969,1960,Title,True,INTERNATIONAL FEATURE FILM,FOREIGN LANGUAGE FILM,Z,Algeria,tt0065234,
42,1969,1960,Title,True,SHORT FILM (Animated),SHORT SUBJECT (Cartoon),It's Tough to Be a Bird,"Ward Kimball, Producer",tt0064504,
42,1969,1960,Title,True,SHORT FILM (Live Action),SHORT SUBJECT (Live Action),The Magic Machines,"Joan Keller Stern, Producer",tt0064623,
42,1969,1960,Writing,True,WRITING (Adapted Screenplay),WRITING (Screenplay--based on material from another medium),Midnight Cowboy,Waldo Salt,tt0064665,Drama
42,1969,1960,Writing,True,WRITING (Original Screenplay),WRITING (Story and Screenplay--based on material not previously published or produced),Butch Cassidy and the Sundance Kid,William Goldman,tt0064115,Western
43,1970,1970,Acting,True,ACTOR IN A LEADING ROLE,ACTOR,Patton,George C. Scott,tt0066206,War
43,1970,1970,Acting,True,ACTOR IN A SUPPORTING ROLE,ACTOR IN A SUPPORTING ROLE,Ryan's Daughter,John Mills,tt0066319,Romance
43,1970,1970,Acting,True,ACTRESS IN A LEADING ROLE,ACTRESS,Women in Love,Glenda Jackson,tt0066579,Drama
43,1970,1970,Acting,True,ACTRESS IN A SUPPORTING ROLE,ACTRESS IN A SUPPORTING ROLE,Airport,Helen Hayes,tt0065377,Drama
43,1970,1970,Directing,True,DIRECTING,DIRECTING,Patton,Franklin J. Schaffner,tt0066206,War
43,1970,1970,Music,True,MUSIC (Original Score),MUSIC (Original Score),Love Story,Francis Lai,tt0066011,
43,1970,1970,Music,True,MUSIC (Original Song Score or Adaptation Score),MUSIC (Original Song Score),Let It Be,Music and lyrics by The Beatles,tt0065976,
43,1970,1970,Music,True,MUSIC (Original Song),MUSIC (Song--Original for the Picture),Lovers and Other Strangers,Music by Fred Karlin; Lyrics by Robb Royer (aka Robb Wilson) and James Griffin (aka Arthur James),tt0066016,
43,1970,1970,Production,True,ART DIRECTION,ART DIRECTION,Patton,"Art Direction: Urie McCleary, Gil Parrondo; Set Decoration: Antonio Mateos, Pierre-Louis Thevenet",tt0066206,War
43,1970,1970,Production,True,CINEMATOGRAPHY,CINEMATOGRAPHY,Ryan's Daughter,Freddie Young,tt0066319,Romance
43,1970,1970,Production,True,COSTUME DESIGN,COSTUME DESIGN,Cromwell,Nino Novarese,tt0065593,
43,1970,1970,Production,True,FILM EDITING,FILM EDITING,Patton,Hugh S. Fowler,tt0066206,War
43,1970,1970,Production,True,SOUND MIXING,SOUND,Patton,"Douglas Williams, Don Bassman",tt0066206,War
43,1970,1970,Production,True,VISUAL EFFECTS,SPECIAL VISUAL EFFECTS,Tora! Tora! Tora!,"A. D. Flowers, L. B. Abbott",tt0066473,
43,1970,1970,SciTech,False,SCIENTIFIC OR TECHNICAL AWARD (Class II),SCIENTIFIC OR TECHNICAL AWARD (Class II),,,,
43,1970,1970,SciTech,False,SCIENTIFIC OR TECHNICAL AWARD (Class III),SCIENTIFIC OR TECHNICAL AWARD (Class III),,,,
43,1970,1970,SciTech,False,SCIENTIFIC OR TECHNICAL AWARD (Class III),SCIENTIFIC OR TECHNICAL AWARD (Class III),,,,
43,1970,1970,SciTech,False,SCIENTIFIC OR TECHNICAL AWARD (Class III),SCIENTIFIC OR TECHNICAL AWARD (Class III),,,,
43,1970,1970,SciTech,False,SCIENTIFIC OR TECHNICAL AWARD (Class III),SCIENTIFIC OR TECHNICAL AWARD (Class III),,,,
43,1970,1970,Special,False,HONORARY AWARD,HONORARY AWARD,,,,
43,1970,1970,Special,False,HONORARY AWARD,HONORARY AWARD,,,,
43,1970,1970,Special,False,IRVING G. THALBERG MEMORIAL AWARD,IRVING G. THALBERG MEMORIAL AWARD,,Ingmar Bergman,,
43,1970,1970,Special,False,JEAN HERSHOLT HUMANITARIAN AWARD,JEAN HERSHOLT HUMANITARIAN AWARD,,Frank Sinatra,,
43,1970,1970,Title,True,BEST PICTURE,BEST PICTURE,Patton,"Frank McCarthy, Producer",tt0066206,War
43,1970,1970,Title,True,DOCUMENTARY (Feature),DOCUMENTARY (Feature),Woodstock,"Bob Maurice, Producer",tt0066580,
43,1970,1970,Title,True,DOCUMENTARY (Short Subject),DOCUMENTARY (Short Subject),Interviews with My Lai Veterans,"Joseph Strick, Producer",tt0065894,
43,1970,1970,Title,True,INTERNATIONAL FEATURE FILM,FOREIGN LANGUAGE FILM,Investigation of a Citizen above Suspicion,Italy,tt0065889,
43,1970,1970,Title,True,SHORT FILM (Animated),SHORT SUBJECT (Cartoon),Is It Always Right to Be Right?,"Nick Bosustow, Producer",tt0065901,
43,1970,1970,Title,True,SHORT FILM (Live Action),SHORT SUBJECT (Live Action),The Resurrection of Broncho Billy,"John Longenecker, Producer",tt0066294,
43,1970,1970,Writing,True,WRITING (Adapted Screenplay),WRITING (Screenplay--based on material from another medium),M*A*S*H,"Ring Lardner, Jr.",tt0066026,Comedy
43,1970,1970,Writing,True,WRITING (Original Screenplay),WRITING (Story and Screenplay--based on factual material or material not previously published or produced),Patton,"Francis Ford Coppola, Edmund H. North",tt0066206,War
44,1971,1970,Acting,True,ACTOR IN A LEADING ROLE,ACTOR,The French Connection,Gene Hackman,tt0067116,Action
44,1971,1970,Acting,True,ACTOR IN A SUPPORTING ROLE,ACTOR IN A SUPPORTING ROLE,The Last Picture Show,Ben Johnson,tt0067328,Drama
44,1971,1970,Acting,True,ACTRESS IN A LEADING ROLE,ACTRESS,Klute,Jane Fonda,tt0067309,Thriller
44,1971,1970,Acting,True,ACTRESS IN A SUPPORTING ROLE,ACTRESS IN A SUPPORTING ROLE,The Last Picture Show,Cloris Leachman,tt0067328,Drama
44,1971,1970,Directing,True,DIRECTING,DIRECTING,The French Connection,William Friedkin,tt0067116,Action
44,1971,1970,Music,True,MUSIC (Original Score),MUSIC (Original Dramatic Score),Summer of '42,Michel Legrand,tt0067803,
44,1971,1970,Music,True,MUSIC (Original Song Score or Adaptation Score),MUSIC (Scoring: Adaptation and Original Song Score),Fiddler on the Roof,Adaptation Score by John Williams,tt0067093,
44,1971,1970,Music,True,MUSIC (Original Song),MUSIC (Song--Original for the Picture),Shaft,Music and Lyrics by Isaac Hayes,tt0067741,
44,1971,1970,Production,True,ART DIRECTION,ART DIRECTION,Nicholas and Alexandra,"Art Direction: John Box, Ernest Archer, Jack Maxsted, Gil Parrondo; Set Decoration: Vernon Dixon",tt0067483,
44,1971,1970,Production,True,CINEMATOGRAPHY,CINEMATOGRAPHY,Fiddler on the Roof,Oswald Morris,tt0067093,
44,1971,1970,Production,True,COSTUME DESIGN,COSTUME DESIGN,Nicholas and Alexandra,"Yvonne Blake, Antonio Castillo",tt0067483,
44,1971,1970,Production,True,FILM EDITING,FILM EDITING,The French Connection,Jerry Greenberg,tt0067116,Action
44,1971,1970,Production,True,SOUND MIXING,SOUND,Fiddler on the Roof,"Gordon K. McCallum, David Hildyard",tt0067093,
44,1971,1970,Production,True,VISUAL EFFECTS,SPECIAL VISUAL EFFECTS,Bedknobs and Broomsticks,"Alan Maley, Eustace Lycett, Danny Lee",tt0066817,
44,1971,1970,SciTech,False,SCIENTIFIC OR TECHNICAL AWARD (Class II),SCIENTIFIC OR TECHNICAL AWARD (Class II),,,,
44,1971,1970,SciTech,False,SCIENTIFIC OR TECHNICAL AWARD (Class III),SCIENTIFIC OR TECHNICAL AWARD (Class III),,,,
44,1971,1970,SciTech,False,SCIENTIFIC OR TECHNICAL AWARD (Class III),SCIENTIFIC OR TECHNICAL AWARD (Class III),,,,
44,1971,1970,SciTech,False,SCIENTIFIC OR TECHNICAL AWARD (Class III),SCIENTIFIC OR TECHNICAL AWARD (Class III),,,,
44,1971,1970,SciTech,False,SCIENTIFIC OR TECHNICAL AWARD (Class III),SCIENTIFIC OR TECHNICAL AWARD (Class III),,,,
44,1971,1970,SciTech,False,SCIENTIFIC OR TECHNICAL AWARD (Class III),SCIENTIFIC OR TECHNICAL AWARD (Class III),,,,
44,1971,1970,Special,False,HONORARY AWARD,HONORARY AWARD,,,,
44,1971,1970,Title,True,BEST PICTURE,BEST PICTURE,The French Connection,"Philip D'Antoni, Producer",tt0067116,Action
44,1971,1970,Title,True,DOCUMENTARY (Feature),DOCUMENTARY (Feature),The Hellstrom Chronicle,"Walon Green, Producer",tt0067197,
44,1971,1970,Title,True,DOCUMENTARY (Short Subject),DOCUMENTARY (Short Subject),Sentinels of Silence,"Manuel Arango and Robert Amram, Producers",tt0067733,
44,1971,1970,Title,True,INTERNATIONAL FEATURE FILM,FOREIGN LANGUAGE FILM,The Garden of the Finzi Continis,Italy,tt0065777,
44,1971,1970,Title,True,SHORT FILM (Animated),SHORT SUBJECT (Animated),The Crunch Bird,"Ted Petok, Producer",tt0066959,
44,1971,1970,Title,True,SHORT FILM (Live Action),SHORT SUBJECT (Live Action),Sentinels of Silence,"Manuel Arango and Robert Amram, Producers",tt0067733,
44,1971,1970,Writing,True,WRITING (Adapted Screenplay),WRITING (Screenplay--based on material from another medium),The French Connection,Ernest Tidyman,tt0067116,Action
44,1971,1970,Writing,True,WRITING (Original Screenplay),WRITING (Story and Screenplay--based on factual material or material not previously published or produced),The Hospital,Paddy Chayefsky,tt0067217,Comedy
45,1972,1970,Acting,True,ACTOR IN A LEADING ROLE,ACTOR,The Godfather,Marlon Brando,tt0068646,Drama
45,1972,1970,Acting,True,ACTOR IN A SUPPORTING ROLE,ACTOR IN A SUPPORTING ROLE,Cabaret,Joel Grey,tt0068327,Music
45,1972,1970,Acting,True,ACTRESS IN A LEADING ROLE,ACTRESS,Cabaret,Liza Minnelli,tt0068327,Music
45,1972,1970,Acting,True,ACTRESS IN A SUPPORTING ROLE,ACTRESS IN A SUPPORTING ROLE,Butterflies Are Free,Eileen Heckart,tt0068326,Comedy
45,1972,1970,Directing,True,DIRECTING,DIRECTING,Cabaret,Bob Fosse,tt0068327,Music
45,1972,1970,Music,True,MUSIC (Original Score),MUSIC (Original Dramatic Score),Limelight,"Charles Chaplin, Raymond Rasch, Larry Russell",tt0044837,
45,1972,1970,Music,True,MUSIC (Original Song Score or Adaptation Score),MUSIC (Scoring: Adaptation and Original Song Score),Cabaret,Adaptation Score by Ralph Burns,tt0068327,Music
45,1972,1970,Music,True,MUSIC (Original Song),MUSIC (Song--Original for the Picture),The Poseidon Adventure,Music and Lyrics by Al Kasha and Joel Hirschhorn,tt0069113,
45,1972,1970,Production,True,ART DIRECTION,ART DIRECTION,Cabaret,"Art Direction: Rolf Zehetbauer, Jurgen Kiebach; Set Decoration: Herbert Strabel",tt0068327,Music
45,1972,1970,Production,True,CINEMATOGRAPHY,CINEMATOGRAPHY,Cabaret,Geoffrey Unsworth,tt0068327,Music
45,1972,1970,Production,True,COSTUME DESIGN,COSTUME DESIGN,Travels with My Aunt,Anthony Powell,tt0069404,
45,1972,1970,Production,True,FILM EDITING,FILM EDITING,Cabaret,David Bretherton,tt0068327,Music
45,1972,1970,Production,True,SOUND MIXING,SOUND,Cabaret,"Robert Knudson, David Hildyard",tt0068327,Music
45,1972,1970,SciTech,False,SCIENTIFIC OR TECHNICAL AWARD (Class II),SCIENTIFIC OR TECHNICAL AWARD (Class II),,,,
45,1972,1970,SciTech,False,SCIENTIFIC OR TECHNICAL AWARD (Class II),SCIENTIFIC OR TECHNICAL AWARD (Class II),,,,
45,1972,1970,SciTech,False,SCIENTIFIC OR TECHNICAL AWARD (Class II),SCIENTIFIC OR TECHNICAL AWARD (Class II),,,,
45,1972,1970,SciTech,False,SCIENTIFIC OR TECHNICAL AWARD (Class III),SCIENTIFIC OR TECHNICAL AWARD (Class III),,,,
45,1972,1970,SciTech,False,SCIENTIFIC OR TECHNICAL AWARD (Class III),SCIENTIFIC OR TECHNICAL AWARD (Class III),,,,
45,1972,1970,SciTech,False,SCIENTIFIC OR TECHNICAL AWARD (Class III),SCIENTIFIC OR TECHNICAL AWARD (Class III),,,,
45,1972,1970,SciTech,False,SCIENTIFIC OR TECHNICAL AWARD (Class III),SCIENTIFIC OR TECHNICAL AWARD (Class III),,,,
45,1972,1970,SciTech,False,SCIENTIFIC OR TECHNICAL AWARD (Class III),SCIENTIFIC OR TECHNICAL AWARD (Class III),,,,
45,1972,1970,SciTech,False,SCIENTIFIC OR TECHNICAL AWARD (Class III),SCIENTIFIC OR TECHNICAL AWARD (Class III),,,,
45,1972,1970,Special,False,HONORARY AWARD,HONORARY AWARD,,,,
45,1972,1970,Special,False,HONORARY AWARD,HONORARY AWARD,,,,
45,1972,1970,Special,False,JEAN HERSHOLT HUMANITARIAN AWARD,JEAN HERSHOLT HUMANITARIAN AWARD,,Rosalind Russell,,
45,1972,1970,Special,False,SPECIAL ACHIEVEMENT AWARD (Visual Effects),SPECIAL ACHIEVEMENT AWARD (Visual Effects),The Poseidon Adventure,"L. B. Abbott, A. D. Flowers",tt0069113,
45,1972,1970,Title,True,BEST PICTURE,BEST PICTURE,The Godfather,"Albert S. Ruddy, Producer",tt0068646,Drama
45,1972,1970,Title,True,DOCUMENTARY (Feature),DOCUMENTARY (Feature),Marjoe,"Howard Smith and Sarah Kernochan, Producers",tt0068924,
45,1972,1970,Title,True,DOCUMENTARY (Short Subject),DOCUMENTARY (Short Subject),This Tiny World,"Charles Huguenot van der Linden and Martina Huguenot van der Linden, Producers",tt0069373,
45,1972,1970,Title,True,INTERNATIONAL FEATURE FILM,FOREIGN LANGUAGE FILM,The Discreet Charm of the Bourgeoisie,France,tt0068361,
45,1972,1970,Title,True,SHORT FILM (Animated),SHORT SUBJECT (Animated),A Christmas Carol,"Richard Williams, Producer",tt0068373,
45,1972,1970,Title,True,SHORT FILM (Live Action),SHORT SUBJECT (Live Action),Norman Rockwell's World...An American Dream,"Richard Barclay, Producer",tt0069020,
45,1972,1970,Writing,True,WRITING (Adapted Screenplay),WRITING (Screenplay--based on material from another medium),The Godfather,"Mario Puzo, Francis Ford Coppola",tt0068646,Drama
45,1972,1970,Writing,True,WRITING (Original Screenplay),WRITING (Story and Screenplay--based on factual material or material not previously published or produced),The Candidate,Jeremy Larner,tt0068334,Comedy
46,1973,1970,Acting,True,ACTOR IN A LEADING ROLE,ACTOR,Save the Tiger,Jack Lemmon,tt0070640,Drama
46,1973,1970,Acting,True,ACTOR IN A SUPPORTING ROLE,ACTOR IN A SUPPORTING ROLE,The Paper Chase,John Houseman,tt0070509,Drama
46,1973,1970,Acting,True,ACTRESS IN A LEADING ROLE,ACTRESS,A Touch of Class,Glenda Jackson,tt0070819,Comedy
46,1973,1970,Acting,True,ACTRESS IN A SUPPORTING ROLE,ACTRESS IN A SUPPORTING ROLE,Paper Moon,Tatum O'Neal,tt0070510,Comedy
46,1973,1970,Directing,True,DIRECTING,DIRECTING,The Sting,George Roy Hill,tt0070735,Comedy
46,1973,1970,Music,True,MUSIC (Original Score),MUSIC (Original Dramatic Score),The Way We Were,Marvin Hamlisch,tt0070903,
46,1973,1970,Music,True,MUSIC (Original Song Score or Adaptation Score),MUSIC (Scoring: Original Song Score and Adaptation -or- Scoring: Adaptation),The Sting,Adaptation Score by Marvin Hamlisch,tt0070735,Comedy
46,1973,1970,Music,True,MUSIC (Original Song),MUSIC (Song),The Way We Were,Music by Marvin Hamlisch; Lyrics by Alan Bergman and Marilyn Bergman,tt0070903,
46,1973,1970,Production,True,ART DIRECTION,ART DIRECTION,The Sting,Art Direction: Henry Bumstead; Set Decoration: James Payne,tt0070735,Comedy
46,1973,1970,Production,True,CINEMATOGRAPHY,CINEMATOGRAPHY,Cries and Whispers,Sven Nykvist,tt0069467,
46,1973,1970,Production,True,COSTUME DESIGN,COSTUME DESIGN,The Sting,Edith Head,tt0070735,Comedy
46,1973,1970,Production,True,FILM EDITING,FILM EDITING,The Sting,William Reynolds,tt0070735,Comedy
46,1973,1970,Production,True,SOUND MIXING,SOUND,The Exorcist,"Robert Knudson, Chris Newman",tt0070047,Horror
46,1973,1970,SciTech,False,SCIENTIFIC OR TECHNICAL AWARD (Class II),SCIENTIFIC OR TECHNICAL AWARD (Class II),,,,
46,1973,1970,SciTech,False,SCIENTIFIC OR TECHNICAL AWARD (Class II),SCIENTIFIC OR TECHNICAL AWARD (Class II),,,,
46,1973,1970,SciTech,False,SCIENTIFIC OR TECHNICAL AWARD (Class II),SCIENTIFIC OR TECHNICAL AWARD (Class II),,,,
46,1973,1970,SciTech,False,SCIENTIFIC OR TECHNICAL AWARD (Class II),SCIENTIFIC OR TECHNICAL AWARD (Class II),,,,
46,1973,1970,SciTech,False,SCIENTIFIC OR TECHNICAL AWARD (Class III),SCIENTIFIC OR TECHNICAL AWARD (Class III),,,,
46,1973,1970,SciTech,False,SCIENTIFIC OR TECHNICAL AWARD (Class III),SCIENTIFIC OR TECHNICAL AWARD (Class III),,,,
46,1973,1970,Special,False,HONORARY AWARD,HONORARY AWARD,,,,
46,1973,1970,Special,False,HONORARY AWARD,HONORARY AWARD,,,,
46,1973,1970,Special,False,IRVING G. THALBERG MEMORIAL AWARD,IRVING G. THALBERG MEMORIAL AWARD,,Lawrence Weingarten,,
46,1973,1970,Special,False,JEAN HERSHOLT HUMANITARIAN AWARD,JEAN HERSHOLT HUMANITARIAN AWARD,,Lew Wasserman,,
46,1973,1970,Title,True,BEST PICTURE,BEST PICTURE,The Sting,"Tony Bill, Michael Phillips and Julia Phillips, Producers",tt0070735,Comedy
46,1973,1970,Title,True,DOCUMENTARY (Feature),DOCUMENTARY (Feature),The Great American Cowboy,"Kieth Merrill, Producer",tt0070135,
46,1973,1970,Title,True,DOCUMENTARY (Short Subject),DOCUMENTARY (Short Subject),Princeton: A Search for Answers,"Julian Krainin and DeWitt L. Sage, Jr., Producers",tt0070561,
46,1973,1970,Title,True,INTERNATIONAL FEATURE FILM,FOREIGN LANGUAGE FILM,Day for Night,France,tt0070460,
46,1973,1970,Title,True,SHORT FILM (Animated),SHORT SUBJECT (Animated),Frank Film,"Frank Mouris, Producer",tt0070071,
46,1973,1970,Title,True,SHORT FILM (Live Action),SHORT SUBJECT (Live Action),The Bolero,"Allan Miller and William Fertik, Producers",tt0069812,
46,1973,1970,Writing,True,WRITING (Adapted Screenplay),WRITING (Screenplay--based on material from another medium),The Exorcist,William Peter Blatty,tt0070047,Horror
46,1973,1970,Writing,True,WRITING (Original Screenplay),WRITING (Story and Screenplay--based on factual material or material not previously published or produced),The Sting,David S. Ward,tt0070735,Comedy
47,1974,1970,Acting,True,ACTOR IN A LEADING ROLE,ACTOR,Harry and Tonto,Art Carney,tt0071598,Adventure
47,1974,1970,Acting,True,ACTOR IN A SUPPORTING ROLE,ACTOR IN A SUPPORTING ROLE,The Godfather Part II,Robert De Niro,tt0071562,Drama
47,1974,1970,Acting,True,ACTRESS IN A LEADING ROLE,ACTRESS,Alice Doesn't Live Here Anymore,Ellen Burstyn,tt0071115,Romance
47,1974,1970,Acting,True,ACTRESS IN A SUPPORTING ROLE,ACTRESS IN A SUPPORTING ROLE,Murder on the Orient Express,Ingrid Bergman,tt0071877,Drama
47,1974,1970,Directing,True,DIRECTING,DIRECTING,The Godfather Part II,Francis Ford Coppola,tt0071562,Drama
47,1974,1970,Music,True,MUSIC (Original Score),MUSIC (Original Dramatic Score),The Godfather Part II,"Nino Rota, Carmine Coppola",tt0071562,Drama
47,1974,1970,Music,True,MUSIC (Original Song Score or Adaptation Score),MUSIC (Scoring: Original Song Score and Adaptation -or- Scoring: Adaptation),The Great Gatsby,Adaptation Score by Nelson Riddle,tt0071577,
47,1974,1970,Music,True,MUSIC (Original Song),MUSIC (Song),The Towering Inferno,Music and Lyrics by Al Kasha and Joel Hirschhorn,tt0072308,
47,1974,1970,Production,True,ART DIRECTION,ART DIRECTION,The Godfather Part II,"Art Direction: Dean Tavoularis, Angelo Graham; Set Decoration: George R. Nelson",tt0071562,Drama
47,1974,1970,Production,True,CINEMATOGRAPHY,CINEMATOGRAPHY,The Towering Inferno,"Fred Koenekamp, Joseph Biroc",tt0072308,
47,1974,1970,Production,True,COSTUME DESIGN,COSTUME DESIGN,The Great Gatsby,Theoni V. Aldredge,tt0071577,
47,1974,1970,Production,True,FILM EDITING,FILM EDITING,The Towering Inferno,"Harold F. Kress, Carl Kress",tt0072308,
47,1974,1970,Production,True,SOUND MIXING,SOUND,Earthquake,"Ronald Pierce, Melvin Metcalfe, Sr.",tt0071455,
47,1974,1970,SciTech,False,SCIENTIFIC OR TECHNICAL AWARD (Class II),SCIENTIFIC OR TECHNICAL AWARD (Class II),,,,
47,1974,1970,SciTech,False,SCIENTIFIC OR TECHNICAL AWARD (Class II),SCIENTIFIC OR TECHNICAL AWARD (Class II),,,,
47,1974,1970,SciTech,False,SCIENTIFIC OR TECHNICAL AWARD (Class II),SCIENTIFIC OR TECHNICAL AWARD (Class II),,,,
47,1974,1970,SciTech,False,SCIENTIFIC OR TECHNICAL AWARD (Class II),SCIENTIFIC OR TECHNICAL AWARD (Class II),,,,
47,1974,1970,SciTech,False,SCIENTIFIC OR TECHNICAL AWARD (Class II),SCIENTIFIC OR TECHNICAL AWARD (Class II),,,,
47,1974,1970,SciTech,False,SCIENTIFIC OR TECHNICAL AWARD (Class III),SCIENTIFIC OR TECHNICAL AWARD (Class III),,,,
47,1974,1970,SciTech,False,SCIENTIFIC OR TECHNICAL AWARD (Class III),SCIENTIFIC OR TECHNICAL AWARD (Class III),,,,
47,1974,1970,Special,False,HONORARY AWARD,HONORARY AWARD,,,,
47,1974,1970,Special,False,HONORARY AWARD,HONORARY AWARD,,,,
47,1974,1970,Special,False,JEAN HERSHOLT HUMANITARIAN AWARD,JEAN HERSHOLT HUMANITARIAN AWARD,,Arthur B. Krim,,
47,1974,1970,Special,False,SPECIAL ACHIEVEMENT AWARD (Visual Effects),SPECIAL ACHIEVEMENT AWARD (Visual Effects),Earthquake,"Frank Brendel, Glen Robinson, Albert Whitlock",tt0071455,
47,1974,1970,Title,True,BEST PICTURE,BEST PICTURE,The Godfather Part II,"Francis Ford Coppola, Producer; Gray Frederickson and Fred Roos, Co-Producers",tt0071562,Drama
47,1974,1970,Title,True,DOCUMENTARY (Feature),DOCUMENTARY (Feature),Hearts and Minds,"Peter Davis and Bert Schneider, Producers",tt0071604,
47,1974,1970,Title,True,DOCUMENTARY (Short Subject),DOCUMENTARY (Short Subject),Don't,"Robin Lehman, Producer",tt0071430,
47,1974,1970,Title,True,INTERNATIONAL FEATURE FILM,FOREIGN LANGUAGE FILM,Amarcord,Italy,tt0071129,
47,1974,1970,Title,True,SHORT FILM (Animated),SHORT FILM (Animated),Closed Mondays,"Will Vinton and Bob Gardiner, Producers",tt0071337,
47,1974,1970,Title,True,SHORT FILM (Live Action),SHORT FILM (Live Action),One-Eyed Men Are Kings,"Paul Claudon and Edmond Sechan, Producers",tt0071943,
47,1974,1970,Writing,True,WRITING (Adapted Screenplay),WRITING (Screenplay Adapted from Other Material),The Godfather Part II,"Francis Ford Coppola, Mario Puzo",tt0071562,Drama
47,1974,1970,Writing,True,WRITING (Original Screenplay),WRITING (Original Screenplay),Chinatown,Robert Towne,tt0071315,Crime
48,1975,1970,Acting,True,ACTOR IN A LEADING ROLE,ACTOR,One Flew over the Cuckoo's Nest,Jack Nicholson,tt0073486,Drama
48,1975,1970,Acting,True,ACTOR IN A SUPPORTING ROLE,ACTOR IN A SUPPORTING ROLE,The Sunshine Boys,George Burns,tt0073766,Comedy
48,1975,1970,Acting,True,ACTRESS IN A LEADING ROLE,ACTRESS,One Flew over the Cuckoo's Nest,Louise Fletcher,tt0073486,Drama
48,1975,1970,Acting,True,ACTRESS IN A SUPPORTING ROLE,ACTRESS IN A SUPPORTING ROLE,Shampoo,Lee Grant,tt0073692,Comedy
48,1975,1970,Directing,True,DIRECTING,DIRECTING,One Flew over the Cuckoo's Nest,Milos Forman,tt0073486,Drama
48,1975,1970,Music,True,MUSIC (Original Score),MUSIC (Original Score),Jaws,John Williams,tt0073195,
48,1975,1970,Music,True,MUSIC (Original Song Score or Adaptation Score),MUSIC (Scoring: Original Song Score and Adaptation -or- Scoring: Adaptation),Barry Lyndon,Adaptation Score by Leonard Rosenman,tt0072684,
48,1975,1970,Music,True,MUSIC (Original Song),MUSIC (Original Song),Nashville,Music and Lyrics by Keith Carradine,tt0073440,
48,1975,1970,Production,True,ART DIRECTION,ART DIRECTION,Barry Lyndon,"Art Direction: Ken Adam, Roy Walker; Set Decoration: Vernon Dixon",tt0072684,
48,1975,1970,Production,True,CINEMATOGRAPHY,CINEMATOGRAPHY,Barry Lyndon,John Alcott,tt0072684,
48,1975,1970,Production,True,COSTUME DESIGN,COSTUME DESIGN,Barry Lyndon,"Ulla-Britt Soderlund, Milena Canonero",tt0072684,
48,1975,1970,Production,True,FILM EDITING,FILM EDITING,Jaws,Verna Fields,tt0073195,
48,1975,1970,Production,True,SOUND MIXING,SOUND,Jaws,"Robert L. Hoyt, Roger Heman, Earl Madery, John Carter",tt0073195,
48,1975,1970,SciTech,False,SCIENTIFIC OR TECHNICAL AWARD (Class II),SCIENTIFIC OR TECHNICAL AWARD (Class II),,,,
48,1975,1970,SciTech,False,SCIENTIFIC OR TECHNICAL AWARD (Class II),SCIENTIFIC OR TECHNICAL AWARD (Class II),,,,
48,1975,1970,SciTech,False,SCIENTIFIC OR TECHNICAL AWARD (Class III),SCIENTIFIC OR TECHNICAL AWARD (Class III),,,,
48,1975,1970,SciTech,False,SCIENTIFIC OR TECHNICAL AWARD (Class III),SCIENTIFIC OR TECHNICAL AWARD (Class III),,,,
48,1975,1970,SciTech,False,SCIENTIFIC OR TECHNICAL AWARD (Class III),SCIENTIFIC OR TECHNICAL AWARD (Class III),,,,
48,1975,1970,SciTech,False,SCIENTIFIC OR TECHNICAL AWARD (Class III),SCIENTIFIC OR TECHNICAL AWARD (Class III),,,,
48,1975,1970,SciTech,False,SCIENTIFIC OR TECHNICAL AWARD (Class III),SCIENTIFIC OR TECHNICAL AWARD (Class III),,,,
48,1975,1970,SciTech,False,SCIENTIFIC OR TECHNICAL AWARD (Class III),SCIENTIFIC OR TECHNICAL AWARD (Class III),,,,
48,1975,1970,SciTech,False,SCIENTIFIC OR TECHNICAL AWARD (Class III),SCIENTIFIC OR TECHNICAL AWARD (Class III),,,,
48,1975,1970,Special,False,HONORARY AWARD,HONORARY AWARD,,,,
48,1975,1970,Special,False,IRVING G. THALBERG MEMORIAL AWARD,IRVING G. THALBERG MEMORIAL AWARD,,Mervyn LeRoy,,
48,1975,1970,Special,False,JEAN HERSHOLT HUMANITARIAN AWARD,JEAN HERSHOLT HUMANITARIAN AWARD,,Dr. Jules C. Stein,,
48,1975,1970,Special,False,SPECIAL ACHIEVEMENT AWARD (Sound Effects),SPECIAL ACHIEVEMENT AWARD (Sound Effects),The Hindenburg,Peter Berkos,tt0073113,
48,1975,1970,Special,False,SPECIAL ACHIEVEMENT AWARD (Visual Effects),SPECIAL ACHIEVEMENT AWARD (Visual Effects),The Hindenburg,"Albert Whitlock, Glen Robinson",tt0073113,
48,1975,1970,Title,True,BEST PICTURE,BEST PICTURE,One Flew over the Cuckoo's Nest,"Saul Zaentz and Michael Douglas, Producers",tt0073486,Drama
48,1975,1970,Title,True,DOCUMENTARY (Feature),DOCUMENTARY (Feature),The Man Who Skied down Everest,"F. R. Crawley, James Hager and Dale Hartleben, Producers",tt0073340,
48,1975,1970,Title,True,DOCUMENTARY (Short Subject),DOCUMENTARY (Short Subject),The End of the Game,"Claire Wilbur and Robin Lehman, Producers",tt0072939,
48,1975,1970,Title,True,INTERNATIONAL FEATURE FILM,FOREIGN LANGUAGE FILM,Dersu Uzala,Union of Soviet Socialist Republics,tt0071411,
48,1975,1970,Title,True,SHORT FILM (Animated),SHORT FILM (Animated),Great,"Bob Godfrey, Producer",tt0073068,
48,1975,1970,Title,True,SHORT FILM (Live Action),SHORT FILM (Live Action),Angel and Big Joe,"Bert Salzman, Producer",tt0072646,
48,1975,1970,Writing,True,WRITING (Adapted Screenplay),WRITING (Screenplay Adapted from Other Material),One Flew over the Cuckoo's Nest,"Lawrence Hauben, Bo Goldman",tt0073486,Drama
48,1975,1970,Writing,True,WRITING (Original Screenplay),WRITING (Original Screenplay),Dog Day Afternoon,Frank Pierson,tt0072890,Crime
49,1976,1970,Acting,True,ACTOR IN A LEADING ROLE,ACTOR IN A LEADING ROLE,Network,Peter Finch,tt0074958,Drama
49,1976,1970,Acting,True,ACTOR IN A SUPPORTING ROLE,ACTOR IN A SUPPORTING ROLE,All the President's Men,Jason Robards,tt0074119,Drama
49,1976,1970,Acting,True,ACTRESS IN A LEADING ROLE,ACTRESS IN A LEADING ROLE,Network,Faye Dunaway,tt0074958,Drama
49,1976,1970,Acting,True,ACTRESS IN A SUPPORTING ROLE,ACTRESS IN A SUPPORTING ROLE,Network,Beatrice Straight,tt0074958,Drama
49,1976,1970,Directing,True,DIRECTING,DIRECTING,Rocky,John G. Avildsen,tt0075148,Drama
49,1976,1970,Music,True,MUSIC (Original Score),MUSIC (Original Score),The Omen,Jerry Goldsmith,tt0075005,
49,1976,1970,Music,True,MUSIC (Original Song Score or Adaptation Score),MUSIC (Original Song Score and Its Adaptation or Adaptation Score),Bound for Glory,Adaptation Score by Leonard Rosenman,tt0074235,
49,1976,1970,Music,True,MUSIC (Original Song),MUSIC (Original Song),A Star Is Born,Music by Barbra Streisand; Lyrics by Paul Williams,tt0075265,
49,1976,1970,Production,True,ART DIRECTION,ART DIRECTION,All the President's Men,Art Direction: George Jenkins; Set Decoration: George Gaines,tt0074119,Drama
49,1976,1970,Production,True,CINEMATOGRAPHY,CINEMATOGRAPHY,Bound for Glory,Haskell Wexler,tt0074235,
49,1976,1970,Production,True,COSTUME DESIGN,COSTUME DESIGN,Fellini's Casanova,Danilo Donati,tt0074291,
49,1976,1970,Production,True,FILM EDITING,FILM EDITING,Rocky,"Richard Halsey, Scott Conrad",tt0075148,Drama
49,1976,1970,Production,True,SOUND MIXING,SOUND,All the President's Men,"Arthur Piantadosi, Les Fresholtz, Dick Alexander, Jim Webb",tt0074119,Drama
49,1976,1970,SciTech,False,SCIENTIFIC OR TECHNICAL AWARD (Class II),SCIENTIFIC OR TECHNICAL AWARD (Class II),,,,
49,1976,1970,SciTech,False,SCIENTIFIC OR TECHNICAL AWARD (Class II),SCIENTIFIC OR TECHNICAL AWARD (Class II),,,,
49,1976,1970,SciTech,False,SCIENTIFIC OR TECHNICAL AWARD (Class III),SCIENTIFIC OR TECHNICAL AWARD (Class III),,,,
49,1976,1970,SciTech,False,SCIENTIFIC OR TECHNICAL AWARD (Class III),SCIENTIFIC OR TECHNICAL AWARD (Class III),,,,
49,1976,1970,SciTech,False,SCIENTIFIC OR TECHNICAL AWARD (Class III),SCIENTIFIC OR TECHNICAL AWARD (Class III),,,,
49,1976,1970,SciTech,False,SCIENTIFIC OR TECHNICAL AWARD (Class III),SCIENTIFIC OR TECHNICAL AWARD (Class III),,,,
49,1976,1970,SciTech,False,SCIENTIFIC OR TECHNICAL AWARD (Class III),SCIENTIFIC OR TECHNICAL AWARD (Class III),,,,
49,1976,1970,Special,False,IRVING G. THALBERG MEMORIAL AWARD,IRVING G. THALBERG MEMORIAL AWARD,,Pandro S. Berman,,
49,1976,1970,Special,False,SPECIAL ACHIEVEMENT AWARD (Visual Effects),SPECIAL ACHIEVEMENT AWARD (Visual Effects),Logan's Run,"L. B. Abbott, Glen Robinson, Matthew Yuricich",tt0074812,
49,1976,1970,Special,False,SPECIAL ACHIEVEMENT AWARD (Visual Effects),SPECIAL ACHIEVEMENT AWARD (Visual Effects),King Kong,"Carlo Rambaldi, Glen Robinson, Frank Van der Veer",tt0074751,
49,1976,1970,Title,True,BEST PICTURE,BEST PICTURE,Rocky,"Irwin Winkler and Robert Chartoff, Producers",tt0075148,Drama
49,1976,1970,Title,True,DOCUMENTARY (Feature),DOCUMENTARY (Feature),"Harlan County, U.S.A.","Barbara Kopple, Producer",tt0074605,
49,1976,1970,Title,True,DOCUMENTARY (Short Subject),DOCUMENTARY (Short Subject),Number Our Days,"Lynne Littman, Producer",tt0074987,
49,1976,1970,Title,True,INTERNATIONAL FEATURE FILM,FOREIGN LANGUAGE FILM,Black and White in Color,Ivory Coast,tt0074972,
49,1976,1970,Title,True,SHORT FILM (Animated),SHORT FILM (Animated),Leisure,"Suzanne Baker, Producer",tt0074787,
49,1976,1970,Title,True,SHORT FILM (Live Action),SHORT FILM (Live Action),In the Region of Ice,"Andre Guttfreund and Peter Werner, Producers",tt0074675,
49,1976,1970,Writing,True,WRITING (Adapted Screenplay),WRITING (Screenplay--based on material from another medium),All the President's Men,William Goldman,tt0074119,Drama
49,1976,1970,Writing,True,WRITING (Original Screenplay),WRITING (Screenplay Written Directly for the Screen--based on factual material or on story material not previously published or produced),Network,Paddy Chayefsky,tt0074958,Drama
50,1977,1970,Acting,True,ACTOR IN A LEADING ROLE,ACTOR IN A LEADING ROLE,The Goodbye Girl,Richard Dreyfuss,tt0076095,Comedy
50,1977,1970,Acting,True,ACTOR IN A SUPPORTING ROLE,ACTOR IN A SUPPORTING ROLE,Julia,Jason Robards,tt0076245,Drama
50,1977,1970,Acting,True,ACTRESS IN A LEADING ROLE,ACTRESS IN A LEADING ROLE,Annie Hall,Diane Keaton,tt0075686,Comedy
50,1977,1970,Acting,True,ACTRESS IN A SUPPORTING ROLE,ACTRESS IN A SUPPORTING ROLE,Julia,Vanessa Redgrave,tt0076245,Drama
50,1977,1970,Directing,True,DIRECTING,DIRECTING,Annie Hall,Woody Allen,tt0075686,Comedy
50,1977,1970,Music,True,MUSIC (Original Score),MUSIC (Original Score),Star Wars,John Williams,tt0076759,
50,1977,1970,Music,True,MUSIC (Original Song Score or Adaptation Score),MUSIC (Original Song Score and Its Adaptation or Adaptation Score),A Little Night Music,Adaptation Score by Jonathan Tunick,tt0076319,
50,1977,1970,Music,True,MUSIC (Original Song),MUSIC (Original Song),You Light Up My Life,Music and Lyrics by Joseph Brooks,tt0076941,
50,1977,1970,Production,True,ART DIRECTION,ART DIRECTION,Star Wars,"Art Direction: John Barry, Norman Reynolds, Leslie Dilley; Set Decoration: Roger Christian",tt0076759,
50,1977,1970,Production,True,CINEMATOGRAPHY,CINEMATOGRAPHY,Close Encounters of the Third Kind,Vilmos Zsigmond,tt0075860,
50,1977,1970,Production,True,COSTUME DESIGN,COSTUME DESIGN,Star Wars,John Mollo,tt0076759,
50,1977,1970,Production,True,FILM EDITING,FILM EDITING,Star Wars,"Paul Hirsch, Marcia Lucas, Richard Chew",tt0076759,
50,1977,1970,Production,True,SOUND MIXING,SOUND,Star Wars,"Don MacDougall, Ray West, Bob Minkler, Derek Ball",tt0076759,
50,1977,1970,Production,True,VISUAL EFFECTS,VISUAL EFFECTS,Star Wars,"John Stears, John Dykstra, Richard Edlund, Grant McCune, Robert Blalack",tt0076759,
50,1977,1970,SciTech,False,SCIENTIFIC OR TECHNICAL AWARD (Class I),SCIENTIFIC OR TECHNICAL AWARD (Class I),,,,
50,1977,1970,SciTech,False,SCIENTIFIC OR TECHNICAL AWARD (Class II),SCIENTIFIC OR TECHNICAL AWARD (Class II),,,,
50,1977,1970,SciTech,False,SCIENTIFIC OR TECHNICAL AWARD (Class II),SCIENTIFIC OR TECHNICAL AWARD (Class II),,,,
50,1977,1970,SciTech,False,SCIENTIFIC OR TECHNICAL AWARD (Class II),SCIENTIFIC OR TECHNICAL AWARD (Class II),,,,
50,1977,1970,SciTech,False,SCIENTIFIC OR TECHNICAL AWARD (Class II),SCIENTIFIC OR TECHNICAL AWARD (Class II),,,,
50,1977,1970,SciTech,False,SCIENTIFIC OR TECHNICAL AWARD (Class II),SCIENTIFIC OR TECHNICAL AWARD (Class II),,,,
50,1977,1970,SciTech,False,SCIENTIFIC OR TECHNICAL AWARD (Class II),SCIENTIFIC OR TECHNICAL AWARD (Class II),,,,
50,1977,1970,SciTech,False,SCIENTIFIC OR TECHNICAL AWARD (Class III),SCIENTIFIC OR TECHNICAL AWARD (Class III),,,,
50,1977,1970,SciTech,False,SCIENTIFIC OR TECHNICAL AWARD (Class III),SCIENTIFIC OR TECHNICAL AWARD (Class III),,,,
50,1977,1970,SciTech,False,SCIENTIFIC OR TECHNICAL AWARD (Class III),SCIENTIFIC OR TECHNICAL AWARD (Class III),,,,
50,1977,1970,SciTech,False,SCIENTIFIC OR TECHNICAL AWARD (Class III),SCIENTIFIC OR TECHNICAL AWARD (Class III),,,,
50,1977,1970,SciTech,False,SCIENTIFIC OR TECHNICAL AWARD (Class III),SCIENTIFIC OR TECHNICAL AWARD (Class III),,,,
50,1977,1970,SciTech,False,SCIENTIFIC OR TECHNICAL AWARD (Class III),SCIENTIFIC OR TECHNICAL AWARD (Class III),,,,
50,1977,1970,Special,False,HONORARY AWARD,HONORARY AWARD,,,,
50,1977,1970,Special,False,IRVING G. THALBERG MEMORIAL AWARD,IRVING G. THALBERG MEMORIAL AWARD,,Walter Mirisch,,
50,1977,1970,Special,False,JEAN HERSHOLT HUMANITARIAN AWARD,JEAN HERSHOLT HUMANITARIAN AWARD,,Charlton Heston,,
50,1977,1970,Special,False,MEDAL OF COMMENDATION,MEDAL OF COMMENDATION,,,,
50,1977,1970,Special,False,MEDAL OF COMMENDATION,MEDAL OF COMMENDATION,,,,
50,1977,1970,Special,False,SPECIAL ACHIEVEMENT AWARD,SPECIAL ACHIEVEMENT AWARD,Star Wars,,tt0076759,
50,1977,1970,Special,False,SPECIAL ACHIEVEMENT AWARD (Sound Effects Editing),SPECIAL ACHIEVEMENT AWARD (Sound Effects Editing),Close Encounters of the Third Kind,Frank E. Warner,tt0075860,
50,1977,1970,Title,True,BEST PICTURE,BEST PICTURE,Annie Hall,"Charles H. Joffe, Producer",tt0075686,Comedy
50,1977,1970,Title,True,DOCUMENTARY (Feature),DOCUMENTARY (Feature),Who Are the DeBolts? And Where Did They Get Nineteen Kids?,"John Korty, Dan McCann and Warren L. Lockhart, Producers",tt0076918,
50,1977,1970,Title,True,DOCUMENTARY (Short Subject),DOCUMENTARY (Short Subject),Gravity Is My Enemy,"John Joseph and Jan Stussy, Producers",tt0076105,
50,1977,1970,Title,True,INTERNATIONAL FEATURE FILM,FOREIGN LANGUAGE FILM,Madame Rosa,France,tt0076348,
50,1977,1970,Title,True,SHORT FILM (Animated),SHORT FILM (Animated),The Sand Castle,"Co Hoedeman, Producer",tt0075847,
50,1977,1970,Title,True,SHORT FILM (Live Action),SHORT FILM (Live Action),I'll Find a Way,"Beverly Shaffer and Yuki Yoshida, Producers",tt0076173,
50,1977,1970,Writing,True,WRITING (Adapted Screenplay),WRITING (Screenplay--based on material from another medium),Julia,Alvin Sargent,tt0076245,Drama
50,1977,1970,Writing,True,WRITING (Original Screenplay),WRITING (Screenplay Written Directly for the Screen--based on factual material or on story material not previously published or produced),Annie Hall,"Woody Allen, Marshall Brickman",tt0075686,Comedy
51,1978,1970,Acting,True,ACTOR IN A LEADING ROLE,ACTOR IN A LEADING ROLE,Coming Home,Jon Voight,tt0077362,Drama
51,1978,1970,Acting,True,ACTOR IN A SUPPORTING ROLE,ACTOR IN A SUPPORTING ROLE,The Deer Hunter,Christopher Walken,tt0077416,Drama
51,1978,1970,Acting,True,ACTRESS IN A LEADING ROLE,ACTRESS IN A LEADING ROLE,Coming Home,Jane Fonda,tt0077362,Drama
51,1978,1970,Acting,True,ACTRESS IN A SUPPORTING ROLE,ACTRESS IN A SUPPORTING ROLE,California Suite,Maggie Smith,tt0077289,Comedy
51,1978,1970,Directing,True,DIRECTING,DIRECTING,The Deer Hunter,Michael Cimino,tt0077416,Drama
51,1978,1970,Music,True,MUSIC (Original Score),MUSIC (Original Score),Midnight Express,Giorgio Moroder,tt0077928,Drama
51,1978,1970,Music,True,MUSIC (Original Song Score or Adaptation Score),MUSIC (Adaptation Score),The Buddy Holly Story,Joe Renzetti,tt0077280,
51,1978,1970,Music,True,MUSIC (Original Song),MUSIC (Original Song),Thank God It's Friday,Music and Lyrics by Paul Jabara,tt0078382,
51,1978,1970,Production,True,ART DIRECTION,ART DIRECTION,Heaven Can Wait,"Art Direction: Paul Sylbert, Edwin O'Donovan; Set Decoration: George Gaines",tt0077663,
51,1978,1970,Production,True,CINEMATOGRAPHY,CINEMATOGRAPHY,Days of Heaven,Nestor Almendros,tt0077405,
51,1978,1970,Production,True,COSTUME DESIGN,COSTUME DESIGN,Death on the Nile,Anthony Powell,tt0077413,
51,1978,1970,Production,True,FILM EDITING,FILM EDITING,The Deer Hunter,Peter Zinner,tt0077416,Drama
51,1978,1970,Production,True,SOUND MIXING,SOUND,The Deer Hunter,"Richard Portman, William McCaughey, Aaron Rochin, Darin Knight",tt0077416,Drama
51,1978,1970,SciTech,False,SCIENTIFIC AND TECHNICAL AWARD (Academy Award of Merit),SCIENTIFIC OR TECHNICAL AWARD (Academy Award of Merit),,,,
51,1978,1970,SciTech,False,SCIENTIFIC AND TECHNICAL AWARD (Academy Award of Merit),SCIENTIFIC OR TECHNICAL AWARD (Academy Award of Merit),,,,
51,1978,1970,SciTech,False,SCIENTIFIC AND TECHNICAL AWARD (Academy Award of Merit),SCIENTIFIC OR TECHNICAL AWARD (Academy Award of Merit),,,,
51,1978,1970,SciTech,False,SCIENTIFIC AND TECHNICAL AWARD (Scientific and Engineering Award),SCIENTIFIC OR TECHNICAL AWARD (Scientific and Engineering Award),,,,
51,1978,1970,SciTech,False,SCIENTIFIC AND TECHNICAL AWARD (Technical Achievement Award),SCIENTIFIC OR TECHNICAL AWARD (Technical Achievement Award),,,,
51,1978,1970,SciTech,False,SCIENTIFIC AND TECHNICAL AWARD (Technical Achievement Award),SCIENTIFIC OR TECHNICAL AWARD (Technical Achievement Award),,,,
51,1978,1970,SciTech,False,SCIENTIFIC AND TECHNICAL AWARD (Technical Achievement Award),SCIENTIFIC OR TECHNICAL AWARD (Technical Achievement Award),,,,
51,1978,1970,SciTech,False,SCIENTIFIC AND TECHNICAL AWARD (Technical Achievement Award),SCIENTIFIC OR TECHNICAL AWARD (Technical Achievement Award),,,,
51,1978,1970,SciTech,False,SCIENTIFIC AND TECHNICAL AWARD (Technical Achievement Award),SCIENTIFIC OR TECHNICAL AWARD (Technical Achievement Award),,,,
51,1978,1970,SciTech,False,SCIENTIFIC AND TECHNICAL AWARD (Technical Achievement Award),SCIENTIFIC OR TECHNICAL AWARD (Technical Achievement Award),,,,
51,1978,1970,Special,False,HONORARY AWARD,HONORARY AWARD,,,,
51,1978,1970,Special,False,HONORARY AWARD,HONORARY AWARD,,,,
51,1978,1970,Special,False,HONORARY AWARD,HONORARY AWARD,,,,
51,1978,1970,Special,False,HONORARY AWARD,HONORARY AWARD,,,,
51,1978,1970,Special,False,JEAN HERSHOLT HUMANITARIAN AWARD,JEAN HERSHOLT HUMANITARIAN AWARD,,Leo Jaffe,,
51,1978,1970,Special,False,MEDAL OF COMMENDATION,MEDAL OF COMMENDATION,,,,
51,1978,1970,Special,False,MEDAL OF COMMENDATION,MEDAL OF COMMENDATION,,,,
51,1978,1970,Special,False,MEDAL OF COMMENDATION,MEDAL OF COMMENDATION,,,,
51,1978,1970,Special,False,SPECIAL ACHIEVEMENT AWARD (Visual Effects),SPECIAL ACHIEVEMENT AWARD (Visual Effects),Superman,"Les Bowie, Colin Chilvers, Denys Coop, Roy Field, Derek Meddings, Zoran Perisic",tt0078346,
51,1978,1970,Title,True,BEST PICTURE,BEST PICTURE,The Deer Hunter,"Barry Spikings, Michael Deeley, Michael Cimino and John Peverall, Producers",tt0077416,Drama
51,1978,1970,Title,True,DOCUMENTARY (Feature),DOCUMENTARY (Feature),Scared Straight!,"Arnold Shapiro, Producer",tt0078205,
51,1978,1970,Title,True,DOCUMENTARY (Short Subject),DOCUMENTARY (Short Subject),The Flight of the Gossamer Condor,"Jacqueline Phillips Shedd and Ben Shedd, Producers",tt0077564,
51,1978,1970,Title,True,INTERNATIONAL FEATURE FILM,FOREIGN LANGUAGE FILM,Get Out Your Handkerchiefs,France,tt0078122,
51,1978,1970,Title,True,SHORT FILM (Animated),SHORT FILM (Animated),Special Delivery,"Eunice Macaulay and John Weldon, Producers",tt0206312,
51,1978,1970,Title,True,SHORT FILM (Live Action),SHORT FILM (Live Action),Teenage Father,"Taylor Hackford, Producer",tt0078372,
51,1978,1970,Writing,True,WRITING (Adapted Screenplay),WRITING (Screenplay Based on Material from Another Medium),Midnight Express,Oliver Stone,tt0077928,Drama
51,1978,1970,Writing,True,WRITING (Original Screenplay),WRITING (Screenplay Written Directly for the Screen),Coming Home,"Story by Nancy Dowd; Screenplay by Waldo Salt, Robert C. Jones",tt0077362,Drama
52,1979,1970,Acting,True,ACTOR IN A LEADING ROLE,ACTOR IN A LEADING ROLE,Kramer vs. Kramer,Dustin Hoffman,tt0079417,Drama
52,1979,1970,Acting,True,ACTOR IN A SUPPORTING ROLE,ACTOR IN A SUPPORTING ROLE,Being There,Melvyn Douglas,tt0078841,Comedy
52,1979,1970,Acting,True,ACTRESS IN A LEADING ROLE,ACTRESS IN A LEADING ROLE,Norma Rae,Sally Field,tt0079638,Drama
52,1979,1970,Acting,True,ACTRESS IN A SUPPORTING ROLE,ACTRESS IN A SUPPORTING ROLE,Kramer vs. Kramer,Meryl Streep,tt0079417,Drama
52,1979,1970,Directing,True,DIRECTING,DIRECTING,Kramer vs. Kramer,Robert Benton,tt0079417,Drama
52,1979,1970,Music,True,MUSIC (Original Score),MUSIC (Original Score),A Little Romance,Georges Delerue,tt0079477,
52,1979,1970,Music,True,MUSIC (Original Song Score or Adaptation Score),MUSIC (Original Song Score and Its Adaptation -or- Adaptation Score),All That Jazz,Adaptation Score by Ralph Burns,tt0078754,
52,1979,1970,Music,True,MUSIC (Original Song),MUSIC (Original Song),Norma Rae,Music by David Shire; Lyric by Norman Gimbel,tt0079638,Drama
52,1979,1970,Production,True,ART DIRECTION,ART DIRECTION,All That Jazz,"Art Direction: Philip Rosenberg, Tony Walton; Set Decoration: Edward Stewart, Gary Brink",tt0078754,
52,1979,1970,Production,True,CINEMATOGRAPHY,CINEMATOGRAPHY,Apocalypse Now,Vittorio Storaro,tt0078788,
52,1979,1970,Production,True,COSTUME DESIGN,COSTUME DESIGN,All That Jazz,Albert Wolsky,tt0078754,
52,1979,1970,Production,True,FILM EDITING,FILM EDITING,All That Jazz,Alan Heim,tt0078754,
52,1979,1970,Production,True,SOUND MIXING,SOUND,Apocalypse Now,"Walter Murch, Mark Berger, Richard Beggs, Nat Boxer",tt0078788,
52,1979,1970,Production,True,VISUAL EFFECTS,VISUAL EFFECTS,Alien,"H.R. Giger, Carlo Rambaldi, Brian Johnson, Nick Allder, Denys Ayling",tt0078748,
52,1979,1970,SciTech,False,SCIENTIFIC AND TECHNICAL AWARD (Academy Award of Merit),SCIENTIFIC OR TECHNICAL AWARD (Academy Award of Merit),,,,
52,1979,1970,SciTech,False,SCIENTIFIC AND TECHNICAL AWARD (Scientific and Engineering Award),SCIENTIFIC OR TECHNICAL AWARD (Scientific and Engineering Award),,,,
52,1979,1970,SciTech,False,SCIENTIFIC AND TECHNICAL AWARD (Technical Achievement Award),SCIENTIFIC OR TECHNICAL AWARD (Technical Achievement Award),,,,
52,1979,1970,SciTech,False,SCIENTIFIC AND TECHNICAL AWARD (Technical Achievement Award),SCIENTIFIC OR TECHNICAL AWARD (Technical Achievement Award),,,,
52,1979,1970,SciTech,False,SCIENTIFIC AND TECHNICAL AWARD (Technical Achievement Award),SCIENTIFIC OR TECHNICAL AWARD (Technical Achievement Award),,,,
52,1979,1970,SciTech,False,SCIENTIFIC AND TECHNICAL AWARD (Technical Achievement Award),SCIENTIFIC OR TECHNICAL AWARD (Technical Achievement Award),,,,
52,1979,1970,SciTech,False,SCIENTIFIC AND TECHNICAL AWARD (Technical Achievement Award),SCIENTIFIC OR TECHNICAL AWARD (Technical Achievement Award),,,,
52,1979,1970,SciTech,False,SCIENTIFIC AND TECHNICAL AWARD (Technical Achievement Award),SCIENTIFIC OR TECHNICAL AWARD (Technical Achievement Award),,,,
52,1979,1970,SciTech,False,SCIENTIFIC AND TECHNICAL AWARD (Technical Achievement Award),SCIENTIFIC OR TECHNICAL AWARD (Technical Achievement Award),,,,
52,1979,1970,SciTech,False,SCIENTIFIC AND TECHNICAL AWARD (Technical Achievement Award),SCIENTIFIC OR TECHNICAL AWARD (Technical Achievement Award),,,,
52,1979,1970,Special,False,HONORARY AWARD,HONORARY AWARD,,,,
52,1979,1970,Special,False,HONORARY AWARD,HONORARY AWARD,,,,
52,1979,1970,Special,False,IRVING G. THALBERG MEMORIAL AWARD,IRVING G. THALBERG MEMORIAL AWARD,,Ray Stark,,
52,1979,1970,Special,False,JEAN HERSHOLT HUMANITARIAN AWARD,JEAN HERSHOLT HUMANITARIAN AWARD,,Robert Benjamin,,
52,1979,1970,Special,False,MEDAL OF COMMENDATION,MEDAL OF COMMENDATION,,,,
52,1979,1970,Special,False,MEDAL OF COMMENDATION,MEDAL OF COMMENDATION,,,,
52,1979,1970,Special,False,MEDAL OF COMMENDATION,MEDAL OF COMMENDATION,,,,
52,1979,1970,Special,False,SPECIAL ACHIEVEMENT AWARD (Sound Editing),SPECIAL ACHIEVEMENT AWARD (Sound Editing),The Black Stallion,Alan Splet,tt0078872,
52,1979,1970,Title,True,BEST PICTURE,BEST PICTURE,Kramer vs. Kramer,"Stanley R. Jaffe, Producer",tt0079417,Drama
52,1979,1970,Title,True,DOCUMENTARY (Feature),DOCUMENTARY (Feature),Best Boy,"Ira Wohl, Producer",tt0078850,
52,1979,1970,Title,True,DOCUMENTARY (Short Subject),DOCUMENTARY (Short Subject),Paul Robeson: Tribute to an Artist,"Saul J. Turell, Producer",tt0079704,
52,1979,1970,Title,True,INTERNATIONAL FEATURE FILM,FOREIGN LANGUAGE FILM,The Tin Drum,Federal Republic of Germany,tt0078875,
52,1979,1970,Title,True,SHORT FILM (Animated),SHORT FILM (Animated),Every Child,"Derek Lamb, Producer",tt0079126,
52,1979,1970,Title,True,SHORT FILM (Live Action),SHORT FILM (Live Action),Board and Care,"Sarah Pillsbury and Ron Ellis, Producers",tt0078885,
52,1979,1970,Writing,True,WRITING (Adapted Screenplay),WRITING (Screenplay Based on Material from Another Medium),Kramer vs. Kramer,Robert Benton,tt0079417,Drama
52,1979,1970,Writing,True,WRITING (Original Screenplay),WRITING (Screenplay Written Directly for the Screen),Breaking Away,Steve Tesich,tt0078902,Drama
53,1980,1980,Acting,True,ACTOR IN A LEADING ROLE,ACTOR IN A LEADING ROLE,Raging Bull,Robert De Niro,tt0081398,Drama
53,1980,1980,Acting,True,ACTOR IN A SUPPORTING ROLE,ACTOR IN A SUPPORTING ROLE,Ordinary People,Timothy Hutton,tt0081283,Drama
53,1980,1980,Acting,True,ACTRESS IN A LEADING ROLE,ACTRESS IN A LEADING ROLE,Coal Miner's Daughter,Sissy Spacek,tt0080549,Music
53,1980,1980,Acting,True,ACTRESS IN A SUPPORTING ROLE,ACTRESS IN A SUPPORTING ROLE,Melvin and Howard,Mary Steenburgen,tt0081150,Comedy
53,1980,1980,Directing,True,DIRECTING,DIRECTING,Ordinary People,Robert Redford,tt0081283,Drama
53,1980,1980,Music,True,MUSIC (Original Score),MUSIC (Original Score),Fame,Michael Gore,tt0080716,
53,1980,1980,Music,True,MUSIC (Original Song),MUSIC (Original Song),Fame,Music by Michael Gore; Lyric by Dean Pitchford,tt0080716,
53,1980,1980,Production,True,ART DIRECTION,ART DIRECTION,Tess,"Art Direction: Pierre Guffroy, Jack Stephens",tt0080009,
53,1980,1980,Production,True,CINEMATOGRAPHY,CINEMATOGRAPHY,Tess,"Geoffrey Unsworth, Ghislain Cloquet",tt0080009,
53,1980,1980,Production,True,COSTUME DESIGN,COSTUME DESIGN,Tess,Anthony Powell,tt0080009,
53,1980,1980,Production,True,FILM EDITING,FILM EDITING,Raging Bull,Thelma Schoonmaker,tt0081398,Drama
53,1980,1980,Production,True,SOUND MIXING,SOUND,The Empire Strikes Back,"Bill Varney, Steve Maslow, Gregg Landaker, Peter Sutton",tt0080684,
53,1980,1980,SciTech,False,SCIENTIFIC AND TECHNICAL AWARD (Academy Award of Merit),SCIENTIFIC OR TECHNICAL AWARD (Academy Award of Merit),,,,
53,1980,1980,SciTech,False,SCIENTIFIC AND TECHNICAL AWARD (Scientific and Engineering Award),SCIENTIFIC OR TECHNICAL AWARD (Scientific and Engineering Award),,,,
53,1980,1980,SciTech,False,SCIENTIFIC AND TECHNICAL AWARD (Scientific and Engineering Award),SCIENTIFIC OR TECHNICAL AWARD (Scientific and Engineering Award),,,,
53,1980,1980,SciTech,False,SCIENTIFIC AND TECHNICAL AWARD (Scientific and Engineering Award),SCIENTIFIC OR TECHNICAL AWARD (Scientific and Engineering Award),,,,
53,1980,1980,SciTech,False,SCIENTIFIC AND TECHNICAL AWARD (Scientific and Engineering Award),SCIENTIFIC OR TECHNICAL AWARD (Scientific and Engineering Award),,,,
53,1980,1980,SciTech,False,SCIENTIFIC AND TECHNICAL AWARD (Scientific and Engineering Award),SCIENTIFIC OR TECHNICAL AWARD (Scientific and Engineering Award),,,,
53,1980,1980,SciTech,False,SCIENTIFIC AND TECHNICAL AWARD (Technical Achievement Award),SCIENTIFIC OR TECHNICAL AWARD (Technical Achievement Award),,,,
53,1980,1980,SciTech,False,SCIENTIFIC AND TECHNICAL AWARD (Technical Achievement Award),SCIENTIFIC OR TECHNICAL AWARD (Technical Achievement Award),,,,
53,1980,1980,SciTech,False,SCIENTIFIC AND TECHNICAL AWARD (Technical Achievement Award),SCIENTIFIC OR TECHNICAL AWARD (Technical Achievement Award),,,,
53,1980,1980,SciTech,False,SCIENTIFIC AND TECHNICAL AWARD (Technical Achievement Award),SCIENTIFIC OR TECHNICAL AWARD (Technical Achievement Award),,,,
53,1980,1980,SciTech,False,SCIENTIFIC AND TECHNICAL AWARD (Technical Achievement Award),SCIENTIFIC OR TECHNICAL AWARD (Technical Achievement Award),,,,
53,1980,1980,SciTech,False,SCIENTIFIC AND TECHNICAL AWARD (Technical Achievement Award),SCIENTIFIC OR TECHNICAL AWARD (Technical Achievement Award),,,,
53,1980,1980,SciTech,False,SCIENTIFIC AND TECHNICAL AWARD (Technical Achievement Award),SCIENTIFIC OR TECHNICAL AWARD (Technical Achievement Award),,,,
53,1980,1980,Special,False,HONORARY AWARD,HONORARY AWARD,,,,
53,1980,1980,Special,False,MEDAL OF COMMENDATION,MEDAL OF COMMENDATION,,,,
53,1980,1980,Special,False,SPECIAL ACHIEVEMENT AWARD (Visual Effects),SPECIAL ACHIEVEMENT AWARD (Visual Effects),The Empire Strikes Back,"Brian Johnson, Richard Edlund, Dennis Muren, Bruce Nicholson",tt0080684,
53,1980,1980,Title,True,BEST PICTURE,BEST PICTURE,Ordinary People,"Ronald L. Schwary, Producer",tt0081283,Drama
53,1980,1980,Title,True,DOCUMENTARY (Feature),DOCUMENTARY (Feature),From Mao to Mozart: Isaac Stern in China,"Murray Lerner, Producer",tt0080762,
53,1980,1980,Title,True,DOCUMENTARY (Short Subject),DOCUMENTARY (Short Subject),Karl Hess: Toward Liberty,"Roland Hallé and Peter W. Ladue, Producers",tt0080987,
53,1980,1980,Title,True,INTERNATIONAL FEATURE FILM,FOREIGN LANGUAGE FILM,Moscow Does Not Believe in Tears,Union of Soviet Socialist Republics,tt0079579,
53,1980,1980,Title,True,SHORT FILM (Animated),SHORT FILM (Animated),The Fly,"Ferenc Rofusz, Producer",tt0081040,
53,1980,1980,Title,True,SHORT FILM (Live Action),SHORT FILM (Dramatic Live Action),The Dollar Bottom,"Lloyd Phillips, Producer",tt0080643,
53,1980,1980,Writing,True,WRITING (Adapted Screenplay),WRITING (Screenplay Based on Material from Another Medium),Ordinary People,Alvin Sargent,tt0081283,Drama
53,1980,1980,Writing,True,WRITING (Original Screenplay),WRITING (Screenplay Written Directly for the Screen),Melvin and Howard,Bo Goldman,tt0081150,Comedy
54,1981,1980,Acting,True,ACTOR IN A LEADING ROLE,ACTOR IN A LEADING ROLE,On Golden Pond,Henry Fonda,tt0082846,Drama
54,1981,1980,Acting,True,ACTOR IN A SUPPORTING ROLE,ACTOR IN A SUPPORTING ROLE,Arthur,John Gielgud,tt0082031,Comedy
54,1981,1980,Acting,True,ACTRESS IN A LEADING ROLE,ACTRESS IN A LEADING ROLE,On Golden Pond,Katharine Hepburn,tt0082846,Drama
54,1981,1980,Acting,True,ACTRESS IN A SUPPORTING ROLE,ACTRESS IN A SUPPORTING ROLE,Reds,Maureen Stapleton,tt0082979,Drama
54,1981,1980,Directing,True,DIRECTING,DIRECTING,Reds,Warren Beatty,tt0082979,Drama
54,1981,1980,Music,True,MUSIC (Original Score),MUSIC (Original Score),Chariots of Fire,Vangelis,tt0082158,Drama
54,1981,1980,Music,True,MUSIC (Original Song),MUSIC (Original Song),Arthur,"Music and Lyric by Burt Bacharach, Carole Bayer Sager, Christopher Cross and Peter Allen",tt0082031,Comedy
54,1981,1980,Production,True,ART DIRECTION,ART DIRECTION,Raiders of the Lost Ark,"Art Direction: Norman Reynolds, Leslie Dilley; Set Decoration: Michael Ford",tt0082971,
54,1981,1980,Production,True,CINEMATOGRAPHY,CINEMATOGRAPHY,Reds,Vittorio Storaro,tt0082979,Drama
54,1981,1980,Production,True,COSTUME DESIGN,COSTUME DESIGN,Chariots of Fire,Milena Canonero,tt0082158,Drama
54,1981,1980,Production,True,FILM EDITING,FILM EDITING,Raiders of the Lost Ark,Michael Kahn,tt0082971,
54,1981,1980,Production,True,MAKEUP AND HAIRSTYLING,MAKEUP,An American Werewolf in London,Rick Baker,tt0082010,
54,1981,1980,Production,True,SOUND MIXING,SOUND,Raiders of the Lost Ark,"Bill Varney, Steve Maslow, Gregg Landaker, Roy Charman",tt0082971,
54,1981,1980,Production,True,VISUAL EFFECTS,VISUAL EFFECTS,Raiders of the Lost Ark,"Richard Edlund, Kit West, Bruce Nicholson, Joe Johnston",tt0082971,
54,1981,1980,SciTech,False,SCIENTIFIC AND TECHNICAL AWARD (Academy Award of Merit),SCIENTIFIC OR TECHNICAL AWARD (Academy Award of Merit),,,,
54,1981,1980,SciTech,False,SCIENTIFIC AND TECHNICAL AWARD (Scientific and Engineering Award),SCIENTIFIC OR TECHNICAL AWARD (Scientific and Engineering Award),,,,
54,1981,1980,SciTech,False,SCIENTIFIC AND TECHNICAL AWARD (Scientific and Engineering Award),SCIENTIFIC OR TECHNICAL AWARD (Scientific and Engineering Award),,,,
54,1981,1980,SciTech,False,SCIENTIFIC AND TECHNICAL AWARD (Scientific and Engineering Award),SCIENTIFIC OR TECHNICAL AWARD (Scientific and Engineering Award),,,,
54,1981,1980,SciTech,False,SCIENTIFIC AND TECHNICAL AWARD (Scientific and Engineering Award),SCIENTIFIC OR TECHNICAL AWARD (Scientific and Engineering Award),,,,
54,1981,1980,SciTech,False,SCIENTIFIC AND TECHNICAL AWARD (Scientific and Engineering Award),SCIENTIFIC OR TECHNICAL AWARD (Scientific and Engineering Award),,,,
54,1981,1980,SciTech,False,SCIENTIFIC AND TECHNICAL AWARD (Technical Achievement Award),SCIENTIFIC OR TECHNICAL AWARD (Technical Achievement Award),,,,
54,1981,1980,SciTech,False,SCIENTIFIC AND TECHNICAL AWARD (Technical Achievement Award),SCIENTIFIC OR TECHNICAL AWARD (Technical Achievement Award),,,,
54,1981,1980,SciTech,False,SCIENTIFIC AND TECHNICAL AWARD (Technical Achievement Award),SCIENTIFIC OR TECHNICAL AWARD (Technical Achievement Award),,,,
54,1981,1980,SciTech,False,SCIENTIFIC AND TECHNICAL AWARD (Technical Achievement Award),SCIENTIFIC OR TECHNICAL AWARD (Technical Achievement Award),,,,
54,1981,1980,SciTech,False,SCIENTIFIC AND TECHNICAL AWARD (Technical Achievement Award),SCIENTIFIC OR TECHNICAL AWARD (Technical Achievement Award),,,,
54,1981,1980,SciTech,False,SCIENTIFIC AND TECHNICAL AWARD (Technical Achievement Award),SCIENTIFIC OR TECHNICAL AWARD (Technical Achievement Award),,,,
54,1981,1980,SciTech,False,SCIENTIFIC AND TECHNICAL AWARD (Technical Achievement Award),SCIENTIFIC OR TECHNICAL AWARD (Technical Achievement Award),,,,
54,1981,1980,SciTech,False,SCIENTIFIC AND TECHNICAL AWARD (Technical Achievement Award),SCIENTIFIC OR TECHNICAL AWARD (Technical Achievement Award),,,,
54,1981,1980,Special,False,GORDON E. SAWYER AWARD,GORDON E. SAWYER AWARD,,,,
54,1981,1980,Special,False,HONORARY AWARD,HONORARY AWARD,,,,
54,1981,1980,Special,False,IRVING G. THALBERG MEMORIAL AWARD,IRVING G. THALBERG MEMORIAL AWARD,,Albert R. Broccoli,,
54,1981,1980,Special,False,JEAN HERSHOLT HUMANITARIAN AWARD,JEAN HERSHOLT HUMANITARIAN AWARD,,Danny Kaye,,
54,1981,1980,Special,False,SPECIAL ACHIEVEMENT AWARD (Sound Effects Editing),SPECIAL ACHIEVEMENT AWARD (Sound Effects Editing),Raiders of the Lost Ark,"Ben Burtt, Richard L. Anderson",tt0082971,
54,1981,1980,Title,True,BEST PICTURE,BEST PICTURE,Chariots of Fire,"David Puttnam, Producer",tt0082158,Drama
54,1981,1980,Title,True,DOCUMENTARY (Feature),DOCUMENTARY (Feature),Genocide,"Arnold Schwartzman and Rabbi Marvin Hier, Producers",tt0082443,
54,1981,1980,Title,True,DOCUMENTARY (Short Subject),DOCUMENTARY (Short Subject),Close Harmony,"Nigel Noble, Producer",tt0082187,
54,1981,1980,Title,True,INTERNATIONAL FEATURE FILM,FOREIGN LANGUAGE FILM,Mephisto,Hungary,tt0082736,
54,1981,1980,Title,True,SHORT FILM (Animated),SHORT FILM (Animated),Crac,"Frédéric Back, Producer",tt0082209,
54,1981,1980,Title,True,SHORT FILM (Live Action),SHORT FILM (Live Action),Violet,"Paul Kemp and Shelley Levinson, Producers",tt0083293,
54,1981,1980,Writing,True,WRITING (Adapted Screenplay),WRITING (Screenplay Based on Material from Another Medium),On Golden Pond,Ernest Thompson,tt0082846,Drama
54,1981,1980,Writing,True,WRITING (Original Screenplay),WRITING (Screenplay Written Directly for the Screen),Chariots of Fire,Colin Welland,tt0082158,Drama
55,1982,1980,Acting,True,ACTOR IN A LEADING ROLE,ACTOR IN A LEADING ROLE,Gandhi,Ben Kingsley,tt0083987,Drama
55,1982,1980,Acting,True,ACTOR IN A SUPPORTING ROLE,ACTOR IN A SUPPORTING ROLE,An Officer and a Gentleman,"Louis Gossett, Jr.",tt0084434,Drama
55,1982,1980,Acting,True,ACTRESS IN A LEADING ROLE,ACTRESS IN A LEADING ROLE,Sophie's Choice,Meryl Streep,tt0084707,Drama
55,1982,1980,Acting,True,ACTRESS IN A SUPPORTING ROLE,ACTRESS IN A SUPPORTING ROLE,Tootsie,Jessica Lange,tt0084805,Comedy
55,1982,1980,Directing,True,DIRECTING,DIRECTING,Gandhi,Richard Attenborough,tt0083987,Drama
55,1982,1980,Music,True,MUSIC (Original Score),MUSIC (Original Score),E.T. The Extra-Terrestrial,John Williams,tt0083866,
55,1982,1980,Music,True,MUSIC (Original Song Score or Adaptation Score),MUSIC (Original Song Score and Its Adaptation -or- Adaptation Score),Victor/Victoria,Song Score by Henry Mancini and Leslie Bricusse; Adaptation Score by Henry Mancini,tt0084865,
55,1982,1980,Music,True,MUSIC (Original Song),MUSIC (Original Song),An Officer and a Gentleman,Music by Jack Nitzsche and Buffy Sainte-Marie; Lyric by Will Jennings,tt0084434,Drama
55,1982,1980,Production,True,ART DIRECTION,ART DIRECTION,Gandhi,"Art Direction: Stuart Craig, Bob Laing; Set Decoration: Michael Seirton",tt0083987,Drama
55,1982,1980,Production,True,CINEMATOGRAPHY,CINEMATOGRAPHY,Gandhi,"Billy Williams, Ronnie Taylor",tt0083987,Drama
55,1982,1980,Production,True,COSTUME DESIGN,COSTUME DESIGN,Gandhi,"John Mollo, Bhanu Athaiya",tt0083987,Drama
55,1982,1980,Production,True,FILM EDITING,FILM EDITING,Gandhi,John Bloom,tt0083987,Drama
55,1982,1980,Production,True,MAKEUP AND HAIRSTYLING,MAKEUP,Quest for Fire,"Sarah Monzani, Michèle Burke",tt0082484,
55,1982,1980,Production,True,SOUND EDITING,SOUND EFFECTS EDITING,E.T. The Extra-Terrestrial,"Charles L. Campbell, Ben Burtt",tt0083866,
55,1982,1980,Production,True,SOUND MIXING,SOUND,E.T. The Extra-Terrestrial,"Robert Knudson, Robert Glass, Don Digirolamo, Gene Cantamessa",tt0083866,
55,1982,1980,Production,True,VISUAL EFFECTS,VISUAL EFFECTS,E.T. The Extra-Terrestrial,"Carlo Rambaldi, Dennis Muren, Kenneth F. Smith",tt0083866,
55,1982,1980,SciTech,False,SCIENTIFIC AND TECHNICAL AWARD (Academy Award of Merit),SCIENTIFIC OR TECHNICAL AWARD (Academy Award of Merit),,,,
55,1982,1980,SciTech,False,SCIENTIFIC AND TECHNICAL AWARD (Scientific and Engineering Award),SCIENTIFIC OR TECHNICAL AWARD (Scientific and Engineering Award),,,,
55,1982,1980,SciTech,False,SCIENTIFIC AND TECHNICAL AWARD (Scientific and Engineering Award),SCIENTIFIC OR TECHNICAL AWARD (Scientific and Engineering Award),,,,
55,1982,1980,SciTech,False,SCIENTIFIC AND TECHNICAL AWARD (Scientific and Engineering Award),SCIENTIFIC OR TECHNICAL AWARD (Scientific and Engineering Award),,,,
55,1982,1980,SciTech,False,SCIENTIFIC AND TECHNICAL AWARD (Scientific and Engineering Award),SCIENTIFIC OR TECHNICAL AWARD (Scientific and Engineering Award),,,,
55,1982,1980,SciTech,False,SCIENTIFIC AND TECHNICAL AWARD (Scientific and Engineering Award),SCIENTIFIC OR TECHNICAL AWARD (Scientific and Engineering Award),,,,
55,1982,1980,SciTech,False,SCIENTIFIC AND TECHNICAL AWARD (Scientific and Engineering Award),SCIENTIFIC OR TECHNICAL AWARD (Scientific and Engineering Award),,,,
55,1982,1980,SciTech,False,SCIENTIFIC AND TECHNICAL AWARD (Technical Achievement Award),SCIENTIFIC OR TECHNICAL AWARD (Technical Achievement Award),,,,
55,1982,1980,SciTech,False,SCIENTIFIC AND TECHNICAL AWARD (Technical Achievement Award),SCIENTIFIC OR TECHNICAL AWARD (Technical Achievement Award),,,,
55,1982,1980,SciTech,False,SCIENTIFIC AND TECHNICAL AWARD (Technical Achievement Award),SCIENTIFIC OR TECHNICAL AWARD (Technical Achievement Award),,,,
55,1982,1980,SciTech,False,SCIENTIFIC AND TECHNICAL AWARD (Technical Achievement Award),SCIENTIFIC OR TECHNICAL AWARD (Technical Achievement Award),,,,
55,1982,1980,Special,False,GORDON E. SAWYER AWARD,GORDON E. SAWYER AWARD,,,,
55,1982,1980,Special,False,HONORARY AWARD,HONORARY AWARD,,,,
55,1982,1980,Special,False,JEAN HERSHOLT HUMANITARIAN AWARD,JEAN HERSHOLT HUMANITARIAN AWARD,,Walter Mirisch,,
55,1982,1980,Title,True,BEST PICTURE,BEST PICTURE,Gandhi,"Richard Attenborough, Producer",tt0083987,Drama
55,1982,1980,Title,True,DOCUMENTARY (Feature),DOCUMENTARY (Feature),Just Another Missing Kid,"John Zaritsky, Producer",tt0169446,
55,1982,1980,Title,True,DOCUMENTARY (Short Subject),DOCUMENTARY (Short Subject),If You Love This Planet,"Edward Le Lorrain and Terri Nash, Producers",tt0084118,
55,1982,1980,Title,True,INTERNATIONAL FEATURE FILM,FOREIGN LANGUAGE FILM,Volver a Empezar ('To Begin Again'),Spain,tt0084874,
55,1982,1980,Title,True,SHORT FILM (Animated),SHORT FILM (Animated),Tango,"Zbigniew Rybczynski, Producer",tt0084764,
55,1982,1980,Title,True,SHORT FILM (Live Action),SHORT FILM (Live Action),A Shocking Accident,"Christine Oestreicher, Producer",tt0084672,
55,1982,1980,Writing,True,WRITING (Adapted Screenplay),WRITING (Screenplay Based on Material from Another Medium),Missing,"Costa-Gavras, Donald Stewart",tt0084335,Drama
55,1982,1980,Writing,True,WRITING (Original Screenplay),WRITING (Screenplay Written Directly for the Screen),Gandhi,John Briley,tt0083987,Drama
56,1983,1980,Acting,True,ACTOR IN A LEADING ROLE,ACTOR IN A LEADING ROLE,Tender Mercies,Robert Duvall,tt0086423,Drama
56,1983,1980,Acting,True,ACTOR IN A SUPPORTING ROLE,ACTOR IN A SUPPORTING ROLE,Terms of Endearment,Jack Nicholson,tt0086425,Drama
56,1983,1980,Acting,True,ACTRESS IN A LEADING ROLE,ACTRESS IN A LEADING ROLE,Terms of Endearment,Shirley MacLaine,tt0086425,Drama
56,1983,1980,Acting,True,ACTRESS IN A SUPPORTING ROLE,ACTRESS IN A SUPPORTING ROLE,The Year of Living Dangerously,Linda Hunt,tt0086617,Romance
56,1983,1980,Directing,True,DIRECTING,DIRECTING,Terms of Endearment,James L. Brooks,tt0086425,Drama
56,1983,1980,Music,True,MUSIC (Original Score),MUSIC (Original Score),The Right Stuff,Bill Conti,tt0086197,
56,1983,1980,Music,True,MUSIC (Original Song Score or Adaptation Score),MUSIC (Original Song Score or Adaptation Score),Yentl,"Song Score by Michel Legrand, Alan Bergman and Marilyn Bergman",tt0086619,
56,1983,1980,Music,True,MUSIC (Original Song),MUSIC (Original Song),Flashdance,Music by Giorgio Moroder; Lyric by Keith Forsey and Irene Cara,tt0085549,
56,1983,1980,Production,True,ART DIRECTION,ART DIRECTION,Fanny & Alexander,Anna Asp,tt0083922,
56,1983,1980,Production,True,CINEMATOGRAPHY,CINEMATOGRAPHY,Fanny & Alexander,Sven Nykvist,tt0083922,
56,1983,1980,Production,True,COSTUME DESIGN,COSTUME DESIGN,Fanny & Alexander,Marik Vos,tt0083922,
56,1983,1980,Production,True,FILM EDITING,FILM EDITING,The Right Stuff,"Glenn Farr, Lisa Fruchtman, Stephen A. Rotter, Douglas Stewart, Tom Rolf",tt0086197,
56,1983,1980,Production,True,SOUND EDITING,SOUND EFFECTS EDITING,The Right Stuff,Jay Boekelheide,tt0086197,
56,1983,1980,Production,True,SOUND MIXING,SOUND,The Right Stuff,"Mark Berger, Tom Scott, Randy Thom, David MacMillan",tt0086197,
56,1983,1980,SciTech,False,SCIENTIFIC AND TECHNICAL AWARD (Academy Award of Merit),SCIENTIFIC OR TECHNICAL AWARD (Academy Award of Merit),,,,
56,1983,1980,SciTech,False,SCIENTIFIC AND TECHNICAL AWARD (Scientific and Engineering Award),SCIENTIFIC OR TECHNICAL AWARD (Scientific and Engineering Award),,,,
56,1983,1980,SciTech,False,SCIENTIFIC AND TECHNICAL AWARD (Scientific and Engineering Award),SCIENTIFIC OR TECHNICAL AWARD (Scientific and Engineering Award),,,,
56,1983,1980,SciTech,False,SCIENTIFIC AND TECHNICAL AWARD (Scientific and Engineering Award),SCIENTIFIC OR TECHNICAL AWARD (Scientific and Engineering Award),,,,
56,1983,1980,SciTech,False,SCIENTIFIC AND TECHNICAL AWARD (Technical Achievement Award),SCIENTIFIC OR TECHNICAL AWARD (Technical Achievement Award),,,,
56,1983,1980,SciTech,False,SCIENTIFIC AND TECHNICAL AWARD (Technical Achievement Award),SCIENTIFIC OR TECHNICAL AWARD (Technical Achievement Award),,,,
56,1983,1980,SciTech,False,SCIENTIFIC AND TECHNICAL AWARD (Technical Achievement Award),SCIENTIFIC OR TECHNICAL AWARD (Technical Achievement Award),,,,
56,1983,1980,SciTech,False,SCIENTIFIC AND TECHNICAL AWARD (Technical Achievement Award),SCIENTIFIC OR TECHNICAL AWARD (Technical Achievement Award),,,,
56,1983,1980,SciTech,False,SCIENTIFIC AND TECHNICAL AWARD (Technical Achievement Award),SCIENTIFIC OR TECHNICAL AWARD (Technical Achievement Award),,,,
56,1983,1980,SciTech,False,SCIENTIFIC AND TECHNICAL AWARD (Technical Achievement Award),SCIENTIFIC OR TECHNICAL AWARD (Technical Achievement Award),,,,
56,1983,1980,Special,False,GORDON E. SAWYER AWARD,GORDON E. SAWYER AWARD,,,,
56,1983,1980,Special,False,HONORARY AWARD,HONORARY AWARD,,,,
56,1983,1980,Special,False,JEAN HERSHOLT HUMANITARIAN AWARD,JEAN HERSHOLT HUMANITARIAN AWARD,,M. J. Frankovich,,
56,1983,1980,Special,False,SPECIAL ACHIEVEMENT AWARD (Visual Effects),SPECIAL ACHIEVEMENT AWARD (Visual Effects),Return of the Jedi,"Richard Edlund, Dennis Muren, Ken Ralston, Phil Tippett",tt0086190,
56,1983,1980,Title,True,BEST PICTURE,BEST PICTURE,Terms of Endearment,"James L. Brooks, Producer",tt0086425,Drama
56,1983,1980,Title,True,DOCUMENTARY (Feature),DOCUMENTARY (Feature),He Makes Me Feel Like Dancin',"Emile Ardolino, Producer",tt0085655,
56,1983,1980,Title,True,DOCUMENTARY (Short Subject),DOCUMENTARY (Short Subject),Flamenco at 5:15,"Cynthia Scott and Adam Symansky, Producers",tt0085548,
56,1983,1980,Title,True,INTERNATIONAL FEATURE FILM,FOREIGN LANGUAGE FILM,Fanny & Alexander,Sweden,tt0083922,
56,1983,1980,Title,True,SHORT FILM (Animated),SHORT FILM (Animated),Sundae in New York,"Jimmy Picker, Producer",tt0086388,
56,1983,1980,Title,True,SHORT FILM (Live Action),SHORT FILM (Live Action),Boys and Girls,"Janice L. Platt, Producer",tt0083688,
56,1983,1980,Writing,True,WRITING (Adapted Screenplay),WRITING (Screenplay Based on Material from Another Medium),Terms of Endearment,James L. Brooks,tt0086425,Drama
56,1983,1980,Writing,True,WRITING (Original Screenplay),WRITING (Screenplay Written Directly for the Screen),Tender Mercies,Horton Foote,tt0086423,Drama
57,1984,1980,Acting,True,ACTOR IN A LEADING ROLE,ACTOR IN A LEADING ROLE,Amadeus,F. Murray Abraham,tt0086879,Drama
57,1984,1980,Acting,True,ACTOR IN A SUPPORTING ROLE,ACTOR IN A SUPPORTING ROLE,The Killing Fields,Haing S. Ngor,tt0087553,Drama
57,1984,1980,Acting,True,ACTRESS IN A LEADING ROLE,ACTRESS IN A LEADING ROLE,Places in the Heart,Sally Field,tt0087921,Drama
57,1984,1980,Acting,True,ACTRESS IN A SUPPORTING ROLE,ACTRESS IN A SUPPORTING ROLE,A Passage to India,Peggy Ashcroft,tt0087892,Drama
57,1984,1980,Directing,True,DIRECTING,DIRECTING,Amadeus,Milos Forman,tt0086879,Drama
57,1984,1980,Music,True,MUSIC (Original Score),MUSIC (Original Score),A Passage to India,Maurice Jarre,tt0087892,Drama
57,1984,1980,Music,True,MUSIC (Original Song Score or Adaptation Score),MUSIC (Original Song Score),Purple Rain,Prince,tt0087957,
57,1984,1980,Music,True,MUSIC (Original Song),MUSIC (Original Song),The Woman in Red,Music and Lyric by Stevie Wonder,tt0088414,
57,1984,1980,Production,True,ART DIRECTION,ART DIRECTION,Amadeus,Art Direction: Patrizia Von Brandenstein; Set Decoration: Karel Cerny,tt0086879,Drama
57,1984,1980,Production,True,CINEMATOGRAPHY,CINEMATOGRAPHY,The Killing Fields,Chris Menges,tt0087553,Drama
57,1984,1980,Production,True,COSTUME DESIGN,COSTUME DESIGN,Amadeus,Theodor Pistek,tt0086879,Drama
57,1984,1980,Production,True,FILM EDITING,FILM EDITING,The Killing Fields,Jim Clark,tt0087553,Drama
57,1984,1980,Production,True,MAKEUP AND HAIRSTYLING,MAKEUP,Amadeus,"Paul LeBlanc, Dick Smith",tt0086879,Drama
57,1984,1980,Production,True,SOUND MIXING,SOUND,Amadeus,"Mark Berger, Tom Scott, Todd Boekelheide, Chris Newman",tt0086879,Drama
57,1984,1980,Production,True,VISUAL EFFECTS,VISUAL EFFECTS,Indiana Jones and the Temple of Doom,"Dennis Muren, Michael McAlister, Lorne Peterson, George Gibbs",tt0087469,
57,1984,1980,SciTech,False,SCIENTIFIC AND TECHNICAL AWARD (Scientific and Engineering Award),SCIENTIFIC OR TECHNICAL AWARD (Scientific and Engineering Award),,,,
57,1984,1980,SciTech,False,SCIENTIFIC AND TECHNICAL AWARD (Scientific and Engineering Award),SCIENTIFIC OR TECHNICAL AWARD (Scientific and Engineering Award),,,,
57,1984,1980,SciTech,False,SCIENTIFIC AND TECHNICAL AWARD (Scientific and Engineering Award),SCIENTIFIC OR TECHNICAL AWARD (Scientific and Engineering Award),,,,
57,1984,1980,SciTech,False,SCIENTIFIC AND TECHNICAL AWARD (Scientific and Engineering Award),SCIENTIFIC OR TECHNICAL AWARD (Scientific and Engineering Award),,,,
57,1984,1980,SciTech,False,SCIENTIFIC AND TECHNICAL AWARD (Scientific and Engineering Award),SCIENTIFIC OR TECHNICAL AWARD (Scientific and Engineering Award),,,,
57,1984,1980,SciTech,False,SCIENTIFIC AND TECHNICAL AWARD (Scientific and Engineering Award),SCIENTIFIC OR TECHNICAL AWARD (Scientific and Engineering Award),,,,
57,1984,1980,SciTech,False,SCIENTIFIC AND TECHNICAL AWARD (Technical Achievement Award),SCIENTIFIC OR TECHNICAL AWARD (Technical Achievement Award),,,,
57,1984,1980,SciTech,False,SCIENTIFIC AND TECHNICAL AWARD (Technical Achievement Award),SCIENTIFIC OR TECHNICAL AWARD (Technical Achievement Award),,,,
57,1984,1980,SciTech,False,SCIENTIFIC AND TECHNICAL AWARD (Technical Achievement Award),SCIENTIFIC OR TECHNICAL AWARD (Technical Achievement Award),,,,
57,1984,1980,SciTech,False,SCIENTIFIC AND TECHNICAL AWARD (Technical Achievement Award),SCIENTIFIC OR TECHNICAL AWARD (Technical Achievement Award),,,,
57,1984,1980,Special,False,GORDON E. SAWYER AWARD,GORDON E. SAWYER AWARD,,,,
57,1984,1980,Special,False,HONORARY AWARD,HONORARY AWARD,,,,
57,1984,1980,Special,False,HONORARY AWARD,HONORARY AWARD,,,,
57,1984,1980,Special,False,JEAN HERSHOLT HUMANITARIAN AWARD,JEAN HERSHOLT HUMANITARIAN AWARD,,David L. Wolper,,
57,1984,1980,Special,False,SPECIAL ACHIEVEMENT AWARD (Sound Effects Editing),SPECIAL ACHIEVEMENT AWARD (Sound Effects Editing),The River,Kay Rose,tt0088007,
57,1984,1980,Title,True,BEST PICTURE,BEST PICTURE,Amadeus,"Saul Zaentz, Producer",tt0086879,Drama
57,1984,1980,Title,True,DOCUMENTARY (Feature),DOCUMENTARY (Feature),The Times of Harvey Milk,"Robert Epstein and Richard Schmiechen, Producers",tt0088275,
57,1984,1980,Title,True,DOCUMENTARY (Short Subject),DOCUMENTARY (Short Subject),The Stone Carvers,"Marjorie Hunt and Paul Wagner, Producers",tt0088177,
57,1984,1980,Title,True,INTERNATIONAL FEATURE FILM,FOREIGN LANGUAGE FILM,Dangerous Moves,Switzerland,tt0087144,
57,1984,1980,Title,True,SHORT FILM (Animated),SHORT FILM (Animated),Charade,"Jon Minnis, Producer",tt0087040,
57,1984,1980,Title,True,SHORT FILM (Live Action),SHORT FILM (Live Action),Up,"Mike Hoover, Producer",tt0088332,
57,1984,1980,Writing,True,WRITING (Adapted Screenplay),WRITING (Screenplay Based on Material from Another Medium),Amadeus,Peter Shaffer,tt0086879,Drama
57,1984,1980,Writing,True,WRITING (Original Screenplay),WRITING (Screenplay Written Directly for the Screen),Places in the Heart,Robert Benton,tt0087921,Drama
58,1985,1980,Acting,True,ACTOR IN A LEADING ROLE,ACTOR IN A LEADING ROLE,Kiss of the Spider Woman,William Hurt,tt0089424,Drama
58,1985,1980,Acting,True,ACTOR IN A SUPPORTING ROLE,ACTOR IN A SUPPORTING ROLE,Cocoon,Don Ameche,tt0088933,Comedy
58,1985,1980,Acting,True,ACTRESS IN A LEADING ROLE,ACTRESS IN A LEADING ROLE,The Trip to Bountiful,Geraldine Page,tt0090203,Drama
58,1985,1980,Acting,True,ACTRESS IN A SUPPORTING ROLE,ACTRESS IN A SUPPORTING ROLE,Prizzi's Honor,Anjelica Huston,tt0089841,Romance
58,1985,1980,Directing,True,DIRECTING,DIRECTING,Out of Africa,Sydney Pollack,tt0089755,History
58,1985,1980,Music,True,MUSIC (Original Score),MUSIC (Original Score),Out of Africa,John Barry,tt0089755,History
58,1985,1980,Music,True,MUSIC (Original Song),MUSIC (Original Song),White Nights,Music and Lyric by Lionel Richie,tt0090319,
58,1985,1980,Production,True,ART DIRECTION,ART DIRECTION,Out of Africa,Art Direction: Stephen Grimes; Set Decoration: Josie MacAvin,tt0089755,History
58,1985,1980,Production,True,CINEMATOGRAPHY,CINEMATOGRAPHY,Out of Africa,David Watkin,tt0089755,History
58,1985,1980,Production,True,COSTUME DESIGN,COSTUME DESIGN,Ran,Emi Wada,tt0089881,
58,1985,1980,Production,True,FILM EDITING,FILM EDITING,Witness,Thom Noble,tt0090329,Crime
58,1985,1980,Production,True,MAKEUP AND HAIRSTYLING,MAKEUP,Mask,"Michael Westmore, Zoltan Elek",tt0089560,
58,1985,1980,Production,True,SOUND EDITING,SOUND EFFECTS EDITING,Back to the Future,"Charles L. Campbell, Robert Rutledge",tt0088763,
58,1985,1980,Production,True,SOUND MIXING,SOUND,Out of Africa,"Chris Jenkins, Gary Alexander, Larry Stensvold, Peter Handford",tt0089755,History
58,1985,1980,Production,True,VISUAL EFFECTS,VISUAL EFFECTS,Cocoon,"Ken Ralston, Ralph McQuarrie, Scott Farrar, David Berry",tt0088933,Comedy
58,1985,1980,SciTech,False,SCIENTIFIC AND TECHNICAL AWARD (Scientific and Engineering Award),SCIENTIFIC OR TECHNICAL AWARD (Scientific and Engineering Award),,,,
58,1985,1980,SciTech,False,SCIENTIFIC AND TECHNICAL AWARD (Scientific and Engineering Award),SCIENTIFIC OR TECHNICAL AWARD (Scientific and Engineering Award),,,,
58,1985,1980,SciTech,False,SCIENTIFIC AND TECHNICAL AWARD (Scientific and Engineering Award),SCIENTIFIC OR TECHNICAL AWARD (Scientific and Engineering Award),,,,
58,1985,1980,SciTech,False,SCIENTIFIC AND TECHNICAL AWARD (Technical Achievement Award),SCIENTIFIC OR TECHNICAL AWARD (Technical Achievement Award),,,,
58,1985,1980,SciTech,False,SCIENTIFIC AND TECHNICAL AWARD (Technical Achievement Award),SCIENTIFIC OR TECHNICAL AWARD (Technical Achievement Award),,,,
58,1985,1980,SciTech,False,SCIENTIFIC AND TECHNICAL AWARD (Technical Achievement Award),SCIENTIFIC OR TECHNICAL AWARD (Technical Achievement Award),,,,
58,1985,1980,SciTech,False,SCIENTIFIC AND TECHNICAL AWARD (Technical Achievement Award),SCIENTIFIC OR TECHNICAL AWARD (Technical Achievement Award),,,,
58,1985,1980,Special,False,HONORARY AWARD,HONORARY AWARD,,,,
58,1985,1980,Special,False,HONORARY AWARD,HONORARY AWARD,,,,
58,1985,1980,Special,False,JEAN HERSHOLT HUMANITARIAN AWARD,JEAN HERSHOLT HUMANITARIAN AWARD,,Charles 'Buddy' Rogers,,
58,1985,1980,Special,False,MEDAL OF COMMENDATION,MEDAL OF COMMENDATION,,,,
58,1985,1980,Title,True,BEST PICTURE,BEST PICTURE,Out of Africa,"Sydney Pollack, Producer",tt0089755,History
58,1985,1980,Title,True,DOCUMENTARY (Feature),DOCUMENTARY (Feature),Broken Rainbow,"Maria Florio and Victoria Mudd, Producers",tt0088857,
58,1985,1980,Title,True,DOCUMENTARY (Short Subject),DOCUMENTARY (Short Subject),Witness to War: Dr. Charlie Clements,"David Goodman, Producer",tt0090330,
58,1985,1980,Title,True,INTERNATIONAL FEATURE FILM,FOREIGN LANGUAGE FILM,The Official Story,Argentina,tt0089276,
58,1985,1980,Title,True,SHORT FILM (Animated),SHORT FILM (Animated),Anna & Bella,"Cilia Van Dijk, Producer",tt0088725,
58,1985,1980,Title,True,SHORT FILM (Live Action),SHORT FILM (Live Action),Molly's Pilgrim,"Jeff Brown and Chris Pelzer, Producers",tt0089612,
58,1985,1980,Writing,True,WRITING (Adapted Screenplay),WRITING (Screenplay Based on Material from Another Medium),Out of Africa,Kurt Luedtke,tt0089755,History
58,1985,1980,Writing,True,WRITING (Original Screenplay),WRITING (Screenplay Written Directly for the Screen),Witness,"Screenplay by Earl W. Wallace, William Kelley; Story by William Kelley, Pamela Wallace, Earl W. Wallace",tt0090329,Crime
59,1986,1980,Acting,True,ACTOR IN A LEADING ROLE,ACTOR IN A LEADING ROLE,The Color of Money,Paul Newman,tt0090863,Drama
59,1986,1980,Acting,True,ACTOR IN A SUPPORTING ROLE,ACTOR IN A SUPPORTING ROLE,Hannah and Her Sisters,Michael Caine,tt0091167,Comedy
59,1986,1980,Acting,True,ACTRESS IN A LEADING ROLE,ACTRESS IN A LEADING ROLE,Children of a Lesser God,Marlee Matlin,tt0090830,Drama
59,1986,1980,Acting,True,ACTRESS IN A SUPPORTING ROLE,ACTRESS IN A SUPPORTING ROLE,Hannah and Her Sisters,Dianne Wiest,tt0091167,Comedy
59,1986,1980,Directing,True,DIRECTING,DIRECTING,Platoon,Oliver Stone,tt0091763,Drama
59,1986,1980,Music,True,MUSIC (Original Score),MUSIC (Original Score),'Round Midnight,Herbie Hancock,tt0090557,
59,1986,1980,Music,True,MUSIC (Original Song),MUSIC (Original Song),Top Gun,Music by Giorgio Moroder; Lyric by Tom Whitlock,tt0092099,
59,1986,1980,Production,True,ART DIRECTION,ART DIRECTION,A Room with a View,"Art Direction: Gianni Quaranta, Brian Ackland-Snow; Set Decoration: Brian Savegar, Elio Altamura",tt0091867,Drama
59,1986,1980,Production,True,CINEMATOGRAPHY,CINEMATOGRAPHY,The Mission,Chris Menges,tt0091530,
59,1986,1980,Production,True,COSTUME DESIGN,COSTUME DESIGN,A Room with a View,"Jenny Beavan, John Bright",tt0091867,Drama
59,1986,1980,Production,True,FILM EDITING,FILM EDITING,Platoon,Claire Simpson,tt0091763,Drama
59,1986,1980,Production,True,MAKEUP AND HAIRSTYLING,MAKEUP,The Fly,"Chris Walas, Stephan Dupuis",tt0091064,
59,1986,1980,Production,True,SOUND EDITING,SOUND EFFECTS EDITING,Aliens,Don Sharpe,tt0090605,
59,1986,1980,Production,True,SOUND MIXING,SOUND,Platoon,"John K. Wilkinson, Richard Rogers, Charles 'Bud' Grenzbach, Simon Kaye",tt0091763,Drama
59,1986,1980,Production,True,VISUAL EFFECTS,VISUAL EFFECTS,Aliens,"Robert Skotak, Stan Winston, John Richardson, Suzanne Benson",tt0090605,
59,1986,1980,SciTech,False,SCIENTIFIC AND TECHNICAL AWARD (Scientific and Engineering Award),SCIENTIFIC OR TECHNICAL AWARD (Scientific and Engineering Award),,,,
59,1986,1980,SciTech,False,SCIENTIFIC AND TECHNICAL AWARD (Scientific and Engineering Award),SCIENTIFIC OR TECHNICAL AWARD (Scientific and Engineering Award),,,,
59,1986,1980,SciTech,False,SCIENTIFIC AND TECHNICAL AWARD (Scientific and Engineering Award),SCIENTIFIC OR TECHNICAL AWARD (Scientific and Engineering Award),,,,
59,1986,1980,SciTech,False,SCIENTIFIC AND TECHNICAL AWARD (Scientific and Engineering Award),SCIENTIFIC OR TECHNICAL AWARD (Scientific and Engineering Award),,,,
59,1986,1980,SciTech,False,SCIENTIFIC AND TECHNICAL AWARD (Scientific and Engineering Award),SCIENTIFIC OR TECHNICAL AWARD (Scientific and Engineering Award),,,,
59,1986,1980,SciTech,False,SCIENTIFIC AND TECHNICAL AWARD (Scientific and Engineering Award),SCIENTIFIC OR TECHNICAL AWARD (Scientific and Engineering Award),,,,
59,1986,1980,SciTech,False,SCIENTIFIC AND TECHNICAL AWARD (Scientific and Engineering Award),SCIENTIFIC OR TECHNICAL AWARD (Scientific and Engineering Award),,,,
59,1986,1980,SciTech,False,SCIENTIFIC AND TECHNICAL AWARD (Technical Achievement Award),SCIENTIFIC OR TECHNICAL AWARD (Technical Achievement Award),,,,
59,1986,1980,SciTech,False,SCIENTIFIC AND TECHNICAL AWARD (Technical Achievement Award),SCIENTIFIC OR TECHNICAL AWARD (Technical Achievement Award),,,,
59,1986,1980,SciTech,False,SCIENTIFIC AND TECHNICAL AWARD (Technical Achievement Award),SCIENTIFIC OR TECHNICAL AWARD (Technical Achievement Award),,,,
59,1986,1980,SciTech,False,SCIENTIFIC AND TECHNICAL AWARD (Technical Achievement Award),SCIENTIFIC OR TECHNICAL AWARD (Technical Achievement Award),,,,
59,1986,1980,SciTech,False,SCIENTIFIC AND TECHNICAL AWARD (Technical Achievement Award),SCIENTIFIC OR TECHNICAL AWARD (Technical Achievement Award),,,,
59,1986,1980,SciTech,False,SCIENTIFIC AND TECHNICAL AWARD (Technical Achievement Award),SCIENTIFIC OR TECHNICAL AWARD (Technical Achievement Award),,,,
59,1986,1980,SciTech,False,SCIENTIFIC AND TECHNICAL AWARD (Technical Achievement Award),SCIENTIFIC OR TECHNICAL AWARD (Technical Achievement Award),,,,
59,1986,1980,SciTech,False,SCIENTIFIC AND TECHNICAL AWARD (Technical Achievement Award),SCIENTIFIC OR TECHNICAL AWARD (Technical Achievement Award),,,,
59,1986,1980,Special,False,HONORARY AWARD,HONORARY AWARD,,,,
59,1986,1980,Special,False,IRVING G. THALBERG MEMORIAL AWARD,IRVING G. THALBERG MEMORIAL AWARD,,Steven Spielberg,,
59,1986,1980,Special,False,MEDAL OF COMMENDATION,MEDAL OF COMMENDATION,,,,
59,1986,1980,Title,True,BEST PICTURE,BEST PICTURE,Platoon,"Arnold Kopelson, Producer",tt0091763,Drama
59,1986,1980,Title,True,DOCUMENTARY (Feature),DOCUMENTARY (Feature),Down and Out in America,"Joseph Feury and Milton Justice, Producers",tt0090965,
59,1986,1980,Title,True,DOCUMENTARY (Feature),DOCUMENTARY (Feature),Artie Shaw: Time Is All You've Got,"Brigitte Berman, Producer",tt0088740,
59,1986,1980,Title,True,DOCUMENTARY (Short Subject),DOCUMENTARY (Short Subject),"Women--for America, for the World","Vivienne Verdon-Roe, Producer",tt0092235,
59,1986,1980,Title,True,INTERNATIONAL FEATURE FILM,FOREIGN LANGUAGE FILM,The Assault,The Netherlands,tt0090576,
59,1986,1980,Title,True,SHORT FILM (Animated),SHORT FILM (Animated),A Greek Tragedy,"Linda Van Tulden and Willem Thijssen, Producers",tt0091152,
59,1986,1980,Title,True,SHORT FILM (Live Action),SHORT FILM (Live Action),Precious Images,"Chuck Workman, Producer",tt0091787,
59,1986,1980,Writing,True,WRITING (Adapted Screenplay),WRITING (Screenplay Based on Material from Another Medium),A Room with a View,Ruth Prawer Jhabvala,tt0091867,Drama
59,1986,1980,Writing,True,WRITING (Original Screenplay),WRITING (Screenplay Written Directly for the Screen),Hannah and Her Sisters,Woody Allen,tt0091167,Comedy
60,1987,1980,Acting,True,ACTOR IN A LEADING ROLE,ACTOR IN A LEADING ROLE,Wall Street,Michael Douglas,tt0094291,Crime
60,1987,1980,Acting,True,ACTOR IN A SUPPORTING ROLE,ACTOR IN A SUPPORTING ROLE,The Untouchables,Sean Connery,tt0094226,Crime
60,1987,1980,Acting,True,ACTRESS IN A LEADING ROLE,ACTRESS IN A LEADING ROLE,Moonstruck,Cher,tt0093565,Comedy
60,1987,1980,Acting,True,ACTRESS IN A SUPPORTING ROLE,ACTRESS IN A SUPPORTING ROLE,Moonstruck,Olympia Dukakis,tt0093565,Comedy
60,1987,1980,Directing,True,DIRECTING,DIRECTING,The Last Emperor,Bernardo Bertolucci,tt0093389,Drama
60,1987,1980,Music,True,MUSIC (Original Score),MUSIC (Original Score),The Last Emperor,"Ryuichi Sakamoto, David Byrne, Cong Su",tt0093389,Drama
60,1987,1980,Music,True,MUSIC (Original Song),MUSIC (Original Song),Dirty Dancing,"Music by Franke Previte, John DeNicola and Donald Markowitz; Lyric by Franke Previte",tt0092890,
60,1987,1980,Production,True,ART DIRECTION,ART DIRECTION,The Last Emperor,"Art Direction: Ferdinando Scarfiotti; Set Decoration: Bruno Cesari, Osvaldo Desideri",tt0093389,Drama
60,1987,1980,Production,True,CINEMATOGRAPHY,CINEMATOGRAPHY,The Last Emperor,Vittorio Storaro,tt0093389,Drama
60,1987,1980,Production,True,COSTUME DESIGN,COSTUME DESIGN,The Last Emperor,James Acheson,tt0093389,Drama
60,1987,1980,Production,True,FILM EDITING,FILM EDITING,The Last Emperor,Gabriella Cristiani,tt0093389,Drama
60,1987,1980,Production,True,MAKEUP AND HAIRSTYLING,MAKEUP,Harry and the Hendersons,Rick Baker,tt0093148,
60,1987,1980,Production,True,SOUND MIXING,SOUND,The Last Emperor,"Bill Rowe, Ivan Sharrock",tt0093389,Drama
60,1987,1980,Production,True,VISUAL EFFECTS,VISUAL EFFECTS,Innerspace,"Dennis Muren, William George, Harley Jessup, Kenneth Smith",tt0093260,
60,1987,1980,SciTech,False,SCIENTIFIC AND TECHNICAL AWARD (Academy Award of Merit),SCIENTIFIC OR TECHNICAL AWARD (Academy Award of Merit),,,,
60,1987,1980,SciTech,False,SCIENTIFIC AND TECHNICAL AWARD (Scientific and Engineering Award),SCIENTIFIC OR TECHNICAL AWARD (Scientific and Engineering Award),,,,
60,1987,1980,SciTech,False,SCIENTIFIC AND TECHNICAL AWARD (Scientific and Engineering Award),SCIENTIFIC OR TECHNICAL AWARD (Scientific and Engineering Award),,,,
60,1987,1980,SciTech,False,SCIENTIFIC AND TECHNICAL AWARD (Scientific and Engineering Award),SCIENTIFIC OR TECHNICAL AWARD (Scientific and Engineering Award),,,,
60,1987,1980,SciTech,False,SCIENTIFIC AND TECHNICAL AWARD (Scientific and Engineering Award),SCIENTIFIC OR TECHNICAL AWARD (Scientific and Engineering Award),,,,
60,1987,1980,SciTech,False,SCIENTIFIC AND TECHNICAL AWARD (Scientific and Engineering Award),SCIENTIFIC OR TECHNICAL AWARD (Scientific and Engineering Award),,,,
60,1987,1980,SciTech,False,SCIENTIFIC AND TECHNICAL AWARD (Scientific and Engineering Award),SCIENTIFIC OR TECHNICAL AWARD (Scientific and Engineering Award),,,,
60,1987,1980,SciTech,False,SCIENTIFIC AND TECHNICAL AWARD (Scientific and Engineering Award),SCIENTIFIC OR TECHNICAL AWARD (Scientific and Engineering Award),,,,
60,1987,1980,SciTech,False,SCIENTIFIC AND TECHNICAL AWARD (Scientific and Engineering Award),SCIENTIFIC OR TECHNICAL AWARD (Scientific and Engineering Award),,,,
60,1987,1980,SciTech,False,SCIENTIFIC AND TECHNICAL AWARD (Technical Achievement Award),SCIENTIFIC OR TECHNICAL AWARD (Technical Achievement Award),,,,
60,1987,1980,SciTech,False,SCIENTIFIC AND TECHNICAL AWARD (Technical Achievement Award),SCIENTIFIC OR TECHNICAL AWARD (Technical Achievement Award),,,,
60,1987,1980,SciTech,False,SCIENTIFIC AND TECHNICAL AWARD (Technical Achievement Award),SCIENTIFIC OR TECHNICAL AWARD (Technical Achievement Award),,,,
60,1987,1980,SciTech,False,SCIENTIFIC AND TECHNICAL AWARD (Technical Achievement Award),SCIENTIFIC OR TECHNICAL AWARD (Technical Achievement Award),,,,
60,1987,1980,SciTech,False,SCIENTIFIC AND TECHNICAL AWARD (Technical Achievement Award),SCIENTIFIC OR TECHNICAL AWARD (Technical Achievement Award),,,,
60,1987,1980,SciTech,False,SCIENTIFIC AND TECHNICAL AWARD (Technical Achievement Award),SCIENTIFIC OR TECHNICAL AWARD (Technical Achievement Award),,,,
60,1987,1980,Special,False,GORDON E. SAWYER AWARD,GORDON E. SAWYER AWARD,,,,
60,1987,1980,Special,False,IRVING G. THALBERG MEMORIAL AWARD,IRVING G. THALBERG MEMORIAL AWARD,,Billy Wilder,,
60,1987,1980,Special,False,SPECIAL ACHIEVEMENT AWARD (Sound Effects Editing),SPECIAL ACHIEVEMENT AWARD (Sound Effects Editing),RoboCop,"Stephen Flick, John Pospisil",tt0093870,
60,1987,1980,Title,True,BEST PICTURE,BEST PICTURE,The Last Emperor,"Jeremy Thomas, Producer",tt0093389,Drama
60,1987,1980,Title,True,DOCUMENTARY (Feature),DOCUMENTARY (Feature),The Ten-Year Lunch: The Wit and Legend of the Algonquin Round Table,"Aviva Slesin, Producer",tt0094119,
60,1987,1980,Title,True,DOCUMENTARY (Short Subject),DOCUMENTARY (Short Subject),Young at Heart,"Sue Marx and Pamela Conn, Producers",tt0094363,
60,1987,1980,Title,True,INTERNATIONAL FEATURE FILM,FOREIGN LANGUAGE FILM,Babette's Feast,Denmark,tt0092603,
60,1987,1980,Title,True,SHORT FILM (Animated),SHORT FILM (Animated),The Man Who Planted Trees,"Frédéric Back, Producer",tt0093488,
60,1987,1980,Title,True,SHORT FILM (Live Action),SHORT FILM (Live Action),Ray's Male Heterosexual Dance Hall,"Jonathan Sanger and Jana Sue Memel, Producers",tt0093826,
60,1987,1980,Writing,True,WRITING (Adapted Screenplay),WRITING (Screenplay Based on Material from Another Medium),The Last Emperor,"Mark Peploe, Bernardo Bertolucci",tt0093389,Drama
60,1987,1980,Writing,True,WRITING (Original Screenplay),WRITING (Screenplay Written Directly for the Screen),Moonstruck,John Patrick Shanley,tt0093565,Comedy
61,1988,1980,Acting,True,ACTOR IN A LEADING ROLE,ACTOR IN A LEADING ROLE,Rain Man,Dustin Hoffman,tt0095953,Drama
61,1988,1980,Acting,True,ACTOR IN A SUPPORTING ROLE,ACTOR IN A SUPPORTING ROLE,A Fish Called Wanda,Kevin Kline,tt0095159,Comedy
61,1988,1980,Acting,True,ACTRESS IN A LEADING ROLE,ACTRESS IN A LEADING ROLE,The Accused,Jodie Foster,tt0094608,Crime
61,1988,1980,Acting,True,ACTRESS IN A SUPPORTING ROLE,ACTRESS IN A SUPPORTING ROLE,The Accidental Tourist,Geena Davis,tt0094606,Comedy
61,1988,1980,Directing,True,DIRECTING,DIRECTING,Rain Man,Barry Levinson,tt0095953,Drama
61,1988,1980,Music,True,MUSIC (Original Score),MUSIC (Original Score),The Milagro Beanfield War,Dave Grusin,tt0095638,
61,1988,1980,Music,True,MUSIC (Original Song),MUSIC (Original Song),Working Girl,Music and Lyric by Carly Simon,tt0096463,
61,1988,1980,Production,True,ART DIRECTION,ART DIRECTION,Dangerous Liaisons,Art Direction: Stuart Craig; Set Decoration: Gerard James,tt0094947,Drama
61,1988,1980,Production,True,CINEMATOGRAPHY,CINEMATOGRAPHY,Mississippi Burning,Peter Biziou,tt0095647,
61,1988,1980,Production,True,COSTUME DESIGN,COSTUME DESIGN,Dangerous Liaisons,James Acheson,tt0094947,Drama
61,1988,1980,Production,True,FILM EDITING,FILM EDITING,Who Framed Roger Rabbit,Arthur Schmidt,tt0096438,
61,1988,1980,Production,True,MAKEUP AND HAIRSTYLING,MAKEUP,Beetlejuice,"Ve Neill, Steve La Porte, Robert Short",tt0094721,
61,1988,1980,Production,True,SOUND EDITING,SOUND EFFECTS EDITING,Who Framed Roger Rabbit,"Charles L. Campbell, Louis L. Edemann",tt0096438,
61,1988,1980,Production,True,SOUND MIXING,SOUND,Bird,"Les Fresholtz, Dick Alexander, Vern Poore, Willie D. Burton",tt0094747,
61,1988,1980,Production,True,VISUAL EFFECTS,VISUAL EFFECTS,Who Framed Roger Rabbit,"Ken Ralston, Richard Williams, Edward Jones, George Gibbs",tt0096438,
61,1988,1980,SciTech,False,SCIENTIFIC AND TECHNICAL AWARD (Academy Award of Merit),SCIENTIFIC OR TECHNICAL AWARD (Academy Award of Merit),,,,
61,1988,1980,SciTech,False,SCIENTIFIC AND TECHNICAL AWARD (Scientific and Engineering Award),SCIENTIFIC OR TECHNICAL AWARD (Scientific and Engineering Award),,,,
61,1988,1980,SciTech,False,SCIENTIFIC AND TECHNICAL AWARD (Scientific and Engineering Award),SCIENTIFIC OR TECHNICAL AWARD (Scientific and Engineering Award),,,,
61,1988,1980,SciTech,False,SCIENTIFIC AND TECHNICAL AWARD (Scientific and Engineering Award),SCIENTIFIC OR TECHNICAL AWARD (Scientific and Engineering Award),,,,
61,1988,1980,SciTech,False,SCIENTIFIC AND TECHNICAL AWARD (Technical Achievement Award),SCIENTIFIC OR TECHNICAL AWARD (Technical Achievement Award),,,,
61,1988,1980,SciTech,False,SCIENTIFIC AND TECHNICAL AWARD (Technical Achievement Award),SCIENTIFIC OR TECHNICAL AWARD (Technical Achievement Award),,,,
61,1988,1980,SciTech,False,SCIENTIFIC AND TECHNICAL AWARD (Technical Achievement Award),SCIENTIFIC OR TECHNICAL AWARD (Technical Achievement Award),,,,
61,1988,1980,SciTech,False,SCIENTIFIC AND TECHNICAL AWARD (Technical Achievement Award),SCIENTIFIC OR TECHNICAL AWARD (Technical Achievement Award),,,,
61,1988,1980,SciTech,False,SCIENTIFIC AND TECHNICAL AWARD (Technical Achievement Award),SCIENTIFIC OR TECHNICAL AWARD (Technical Achievement Award),,,,
61,1988,1980,SciTech,False,SCIENTIFIC AND TECHNICAL AWARD (Technical Achievement Award),SCIENTIFIC OR TECHNICAL AWARD (Technical Achievement Award),,,,
61,1988,1980,SciTech,False,SCIENTIFIC AND TECHNICAL AWARD (Technical Achievement Award),SCIENTIFIC OR TECHNICAL AWARD (Technical Achievement Award),,,,
61,1988,1980,SciTech,False,SCIENTIFIC AND TECHNICAL AWARD (Technical Achievement Award),SCIENTIFIC OR TECHNICAL AWARD (Technical Achievement Award),,,,
61,1988,1980,SciTech,False,SCIENTIFIC AND TECHNICAL AWARD (Technical Achievement Award),SCIENTIFIC OR TECHNICAL AWARD (Technical Achievement Award),,,,
61,1988,1980,SciTech,False,SCIENTIFIC AND TECHNICAL AWARD (Technical Achievement Award),SCIENTIFIC OR TECHNICAL AWARD (Technical Achievement Award),,,,
61,1988,1980,SciTech,False,SCIENTIFIC AND TECHNICAL AWARD (Technical Achievement Award),SCIENTIFIC OR TECHNICAL AWARD (Technical Achievement Award),,,,
61,1988,1980,Special,False,GORDON E. SAWYER AWARD,GORDON E. SAWYER AWARD,,,,
61,1988,1980,Special,False,HONORARY AWARD,HONORARY AWARD,,,,
61,1988,1980,Special,False,HONORARY AWARD,HONORARY AWARD,,,,
61,1988,1980,Special,False,SPECIAL ACHIEVEMENT AWARD,SPECIAL ACHIEVEMENT AWARD,Who Framed Roger Rabbit,,tt0096438,
61,1988,1980,Title,True,BEST PICTURE,BEST PICTURE,Rain Man,"Mark Johnson, Producer",tt0095953,Drama
61,1988,1980,Title,True,DOCUMENTARY (Feature),DOCUMENTARY (Feature),Hotel Terminus: The Life and Times of Klaus Barbie,"Marcel Ophuls, Producer",tt0095341,
61,1988,1980,Title,True,DOCUMENTARY (Short Subject),DOCUMENTARY (Short Subject),You Don't Have to Die,"William Guttentag and Malcolm Clarke, Producers",tt0096484,
61,1988,1980,Title,True,INTERNATIONAL FEATURE FILM,FOREIGN LANGUAGE FILM,Pelle the Conqueror,Denmark,tt0093713,
61,1988,1980,Title,True,SHORT FILM (Animated),SHORT FILM (Animated),Tin Toy,"John Lasseter, William Reeves",tt0096273,
61,1988,1980,Title,True,SHORT FILM (Live Action),SHORT FILM (Live Action),The Appointments of Dennis Jennings,"Dean Parisot, Steven Wright",tt0094670,
61,1988,1980,Writing,True,WRITING (Adapted Screenplay),WRITING (Screenplay Based on Material from Another Medium),Dangerous Liaisons,Christopher Hampton,tt0094947,Drama
61,1988,1980,Writing,True,WRITING (Original Screenplay),WRITING (Screenplay Written Directly for the Screen),Rain Man,"Screenplay by Ronald Bass, Barry Morrow; Story by Barry Morrow",tt0095953,Drama
62,1989,1980,Acting,True,ACTOR IN A LEADING ROLE,ACTOR IN A LEADING ROLE,My Left Foot,Daniel Day Lewis,tt0097937,Drama
62,1989,1980,Acting,True,ACTOR IN A SUPPORTING ROLE,ACTOR IN A SUPPORTING ROLE,Glory,Denzel Washington,tt0097441,Drama
62,1989,1980,Acting,True,ACTRESS IN A LEADING ROLE,ACTRESS IN A LEADING ROLE,Driving Miss Daisy,Jessica Tandy,tt0097239,Drama
62,1989,1980,Acting,True,ACTRESS IN A SUPPORTING ROLE,ACTRESS IN A SUPPORTING ROLE,My Left Foot,Brenda Fricker,tt0097937,Drama
62,1989,1980,Directing,True,DIRECTING,DIRECTING,Born on the Fourth of July,Oliver Stone,tt0096969,Drama
62,1989,1980,Music,True,MUSIC (Original Score),MUSIC (Original Score),The Little Mermaid,Alan Menken,tt0097757,
62,1989,1980,Music,True,MUSIC (Original Song),MUSIC (Original Song),The Little Mermaid,Music by Alan Menken; Lyric by Howard Ashman,tt0097757,
62,1989,1980,Production,True,ART DIRECTION,ART DIRECTION,Batman,Art Direction: Anton Furst; Set Decoration: Peter Young,tt0096895,
62,1989,1980,Production,True,CINEMATOGRAPHY,CINEMATOGRAPHY,Glory,Freddie Francis,tt0097441,Drama
62,1989,1980,Production,True,COSTUME DESIGN,COSTUME DESIGN,Henry V,Phyllis Dalton,tt0097499,
62,1989,1980,Production,True,FILM EDITING,FILM EDITING,Born on the Fourth of July,"David Brenner, Joe Hutshing",tt0096969,Drama
62,1989,1980,Production,True,MAKEUP AND HAIRSTYLING,MAKEUP,Driving Miss Daisy,"Manlio Rocchetti, Lynn Barber, Kevin Haney",tt0097239,Drama
62,1989,1980,Production,True,SOUND EDITING,SOUND EFFECTS EDITING,Indiana Jones and the Last Crusade,"Ben Burtt, Richard Hymns",tt0097576,
62,1989,1980,Production,True,SOUND MIXING,SOUND,Glory,"Donald O. Mitchell, Gregg C. Rudloff, Elliot Tyson, Russell Williams II",tt0097441,Drama
62,1989,1980,Production,True,VISUAL EFFECTS,VISUAL EFFECTS,The Abyss,"John Bruno, Dennis Muren, Hoyt Yeatman, Dennis Skotak",tt0096754,
62,1989,1980,SciTech,False,SCIENTIFIC AND TECHNICAL AWARD (Scientific and Engineering Award),SCIENTIFIC OR TECHNICAL AWARD (Scientific and Engineering Award),,,,
62,1989,1980,SciTech,False,SCIENTIFIC AND TECHNICAL AWARD (Scientific and Engineering Award),SCIENTIFIC OR TECHNICAL AWARD (Scientific and Engineering Award),,,,
62,1989,1980,SciTech,False,SCIENTIFIC AND TECHNICAL AWARD (Scientific and Engineering Award),SCIENTIFIC OR TECHNICAL AWARD (Scientific and Engineering Award),,,,
62,1989,1980,SciTech,False,SCIENTIFIC AND TECHNICAL AWARD (Scientific and Engineering Award),SCIENTIFIC OR TECHNICAL AWARD (Scientific and Engineering Award),,,,
62,1989,1980,SciTech,False,SCIENTIFIC AND TECHNICAL AWARD (Scientific and Engineering Award),SCIENTIFIC OR TECHNICAL AWARD (Scientific and Engineering Award),,,,
62,1989,1980,SciTech,False,SCIENTIFIC AND TECHNICAL AWARD (Technical Achievement Award),SCIENTIFIC OR TECHNICAL AWARD (Technical Achievement Award),,,,
62,1989,1980,SciTech,False,SCIENTIFIC AND TECHNICAL AWARD (Technical Achievement Award),SCIENTIFIC OR TECHNICAL AWARD (Technical Achievement Award),,,,
62,1989,1980,Special,False,AWARD OF COMMENDATION,AWARD OF COMMENDATION,,,,
62,1989,1980,Special,False,GORDON E. SAWYER AWARD,GORDON E. SAWYER AWARD,,,,
62,1989,1980,Special,False,HONORARY AWARD,HONORARY AWARD,,,,
62,1989,1980,Special,False,JEAN HERSHOLT HUMANITARIAN AWARD,JEAN HERSHOLT HUMANITARIAN AWARD,,Howard W. Koch,,
62,1989,1980,Title,True,BEST PICTURE,BEST PICTURE,Driving Miss Daisy,"Richard D. Zanuck and Lili Fini Zanuck, Producers",tt0097239,Drama
62,1989,1980,Title,True,DOCUMENTARY (Feature),DOCUMENTARY (Feature),Common Threads: Stories from the Quilt,"Robert Epstein and Bill Couturié, Producers",tt0097099,
62,1989,1980,Title,True,DOCUMENTARY (Short Subject),DOCUMENTARY (Short Subject),The Johnstown Flood,"Charles Guggenheim, Producer",tt0097628,
62,1989,1980,Title,True,INTERNATIONAL FEATURE FILM,FOREIGN LANGUAGE FILM,Cinema Paradiso,Italy,tt0095765,
62,1989,1980,Title,True,SHORT FILM (Animated),SHORT FILM (Animated),Balance,"Christoph Lauenstein, Wolfgang Lauenstein",tt0096880,
62,1989,1980,Title,True,SHORT FILM (Live Action),SHORT FILM (Live Action),Work Experience,James Hendrie,tt0098677,
62,1989,1980,Writing,True,WRITING (Adapted Screenplay),WRITING (Screenplay Based on Material from Another Medium),Driving Miss Daisy,Alfred Uhry,tt0097239,Drama
62,1989,1980,Writing,True,WRITING (Original Screenplay),WRITING (Screenplay Written Directly for the Screen),Dead Poets Society,Tom Schulman,tt0097165,Drama
63,1990,1990,Acting,True,ACTOR IN A LEADING ROLE,ACTOR IN A LEADING ROLE,Reversal of Fortune,Jeremy Irons,tt0100486,Drama
63,1990,1990,Acting,True,ACTOR IN A SUPPORTING ROLE,ACTOR IN A SUPPORTING ROLE,Good Fellas,Joe Pesci,tt0099685,Drama
63,1990,1990,Acting,True,ACTRESS IN A LEADING ROLE,ACTRESS IN A LEADING ROLE,Misery,Kathy Bates,tt0100157,Drama
63,1990,1990,Acting,True,ACTRESS IN A SUPPORTING ROLE,ACTRESS IN A SUPPORTING ROLE,Ghost,Whoopi Goldberg,tt0099653,Fantasy
63,1990,1990,Directing,True,DIRECTING,DIRECTING,Dances With Wolves,Kevin Costner,tt0099348,Adventure
63,1990,1990,Music,True,MUSIC (Original Score),MUSIC (Original Score),Dances With Wolves,John Barry,tt0099348,Adventure
63,1990,1990,Music,True,MUSIC (Original Song),MUSIC (Original Song),Dick Tracy,Music and Lyric by Stephen Sondheim,tt0099422,
63,1990,1990,Production,True,ART DIRECTION,ART DIRECTION,Dick Tracy,Art Direction: Richard Sylbert; Set Decoration: Rick Simpson,tt0099422,
63,1990,1990,Production,True,CINEMATOGRAPHY,CINEMATOGRAPHY,Dances With Wolves,Dean Semler,tt0099348,Adventure
63,1990,1990,Production,True,COSTUME DESIGN,COSTUME DESIGN,Cyrano de Bergerac,Franca Squarciapino,tt0099334,
63,1990,1990,Production,True,FILM EDITING,FILM EDITING,Dances With Wolves,Neil Travis,tt0099348,Adventure
63,1990,1990,Production,True,MAKEUP AND HAIRSTYLING,MAKEUP,Dick Tracy,"John Caglione, Jr., Doug Drexler",tt0099422,
63,1990,1990,Production,True,SOUND EDITING,SOUND EFFECTS EDITING,The Hunt for Red October,"Cecelia Hall, George Watters II",tt0099810,
63,1990,1990,Production,True,SOUND MIXING,SOUND,Dances With Wolves,"Jeffrey Perkins, Bill W. Benton, Greg Watkins, Russell Williams II",tt0099348,Adventure
63,1990,1990,SciTech,False,SCIENTIFIC AND TECHNICAL AWARD (Academy Award of Merit),SCIENTIFIC OR TECHNICAL AWARD (Academy Award of Merit),,,,
63,1990,1990,SciTech,False,SCIENTIFIC AND TECHNICAL AWARD (Scientific and Engineering Award),SCIENTIFIC OR TECHNICAL AWARD (Scientific and Engineering Award),,,,
63,1990,1990,SciTech,False,SCIENTIFIC AND TECHNICAL AWARD (Scientific and Engineering Award),SCIENTIFIC OR TECHNICAL AWARD (Scientific and Engineering Award),,,,
63,1990,1990,SciTech,False,SCIENTIFIC AND TECHNICAL AWARD (Scientific and Engineering Award),SCIENTIFIC OR TECHNICAL AWARD (Scientific and Engineering Award),,,,
63,1990,1990,SciTech,False,SCIENTIFIC AND TECHNICAL AWARD (Scientific and Engineering Award),SCIENTIFIC OR TECHNICAL AWARD (Scientific and Engineering Award),,,,
63,1990,1990,SciTech,False,SCIENTIFIC AND TECHNICAL AWARD (Scientific and Engineering Award),SCIENTIFIC OR TECHNICAL AWARD (Scientific and Engineering Award),,,,
63,1990,1990,SciTech,False,SCIENTIFIC AND TECHNICAL AWARD (Technical Achievement Award),SCIENTIFIC OR TECHNICAL AWARD (Technical Achievement Award),,,,
63,1990,1990,SciTech,False,SCIENTIFIC AND TECHNICAL AWARD (Technical Achievement Award),SCIENTIFIC OR TECHNICAL AWARD (Technical Achievement Award),,,,
63,1990,1990,SciTech,False,SCIENTIFIC AND TECHNICAL AWARD (Technical Achievement Award),SCIENTIFIC OR TECHNICAL AWARD (Technical Achievement Award),,,,
63,1990,1990,SciTech,False,SCIENTIFIC AND TECHNICAL AWARD (Technical Achievement Award),SCIENTIFIC OR TECHNICAL AWARD (Technical Achievement Award),,,,
63,1990,1990,SciTech,False,SCIENTIFIC AND TECHNICAL AWARD (Technical Achievement Award),SCIENTIFIC OR TECHNICAL AWARD (Technical Achievement Award),,,,
63,1990,1990,SciTech,False,SCIENTIFIC AND TECHNICAL AWARD (Technical Achievement Award),SCIENTIFIC OR TECHNICAL AWARD (Technical Achievement Award),,,,
63,1990,1990,SciTech,False,SCIENTIFIC AND TECHNICAL AWARD (Technical Achievement Award),SCIENTIFIC OR TECHNICAL AWARD (Technical Achievement Award),,,,
63,1990,1990,SciTech,False,SCIENTIFIC AND TECHNICAL AWARD (Technical Achievement Award),SCIENTIFIC OR TECHNICAL AWARD (Technical Achievement Award),,,,
63,1990,1990,SciTech,False,SCIENTIFIC AND TECHNICAL AWARD (Technical Achievement Award),SCIENTIFIC OR TECHNICAL AWARD (Technical Achievement Award),,,,
63,1990,1990,SciTech,False,SCIENTIFIC AND TECHNICAL AWARD (Technical Achievement Award),SCIENTIFIC OR TECHNICAL AWARD (Technical Achievement Award),,,,
63,1990,1990,Special,False,GORDON E. SAWYER AWARD,GORDON E. SAWYER AWARD,,,,
63,1990,1990,Special,False,HONORARY AWARD,HONORARY AWARD,,,,
63,1990,1990,Special,False,HONORARY AWARD,HONORARY AWARD,,,,
63,1990,1990,Special,False,IRVING G. THALBERG MEMORIAL AWARD,IRVING G. THALBERG MEMORIAL AWARD,,David Brown and Richard D. Zanuck,,
63,1990,1990,Special,False,MEDAL OF COMMENDATION,MEDAL OF COMMENDATION,,,,
63,1990,1990,Special,False,MEDAL OF COMMENDATION,MEDAL OF COMMENDATION,,,,
63,1990,1990,Special,False,MEDAL OF COMMENDATION,MEDAL OF COMMENDATION,,,,
63,1990,1990,Special,False,SPECIAL ACHIEVEMENT AWARD (Visual Effects),SPECIAL ACHIEVEMENT AWARD (Visual Effects),Total Recall,"Eric Brevig, Rob Bottin, Tim McGovern, Alex Funke",tt0100802,
63,1990,1990,Title,True,BEST PICTURE,BEST PICTURE,Dances With Wolves,"Jim Wilson and Kevin Costner, Producers",tt0099348,Adventure
63,1990,1990,Title,True,DOCUMENTARY (Feature),DOCUMENTARY (Feature),American Dream,"Barbara Kopple and Arthur Cohn, Producers",tt0099028,
63,1990,1990,Title,True,DOCUMENTARY (Short Subject),DOCUMENTARY (Short Subject),Days of Waiting,"Steven Okazaki, Producer",tt0099372,
63,1990,1990,Title,True,INTERNATIONAL FEATURE FILM,FOREIGN LANGUAGE FILM,Journey of Hope,Switzerland,tt0100470,
63,1990,1990,Title,True,SHORT FILM (Animated),SHORT FILM (Animated),Creature Comforts,Nick Park,tt0099317,
63,1990,1990,Title,True,SHORT FILM (Live Action),SHORT FILM (Live Action),The Lunch Date,Adam Davidson,tt0100076,
63,1990,1990,Writing,True,WRITING (Adapted Screenplay),WRITING (Screenplay Based on Material from Another Medium),Dances With Wolves,Michael Blake,tt0099348,Adventure
63,1990,1990,Writing,True,WRITING (Original Screenplay),WRITING (Screenplay Written Directly for the Screen),Ghost,Bruce Joel Rubin,tt0099653,Fantasy
64,1991,1990,Acting,True,ACTOR IN A LEADING ROLE,ACTOR IN A LEADING ROLE,The Silence of the Lambs,Anthony Hopkins,tt0102926,Crime
64,1991,1990,Acting,True,ACTOR IN A SUPPORTING ROLE,ACTOR IN A SUPPORTING ROLE,City Slickers,Jack Palance,tt0101587,Comedy
64,1991,1990,Acting,True,ACTRESS IN A LEADING ROLE,ACTRESS IN A LEADING ROLE,The Silence of the Lambs,Jodie Foster,tt0102926,Crime
64,1991,1990,Acting,True,ACTRESS IN A SUPPORTING ROLE,ACTRESS IN A SUPPORTING ROLE,The Fisher King,Mercedes Ruehl,tt0101889,Comedy
64,1991,1990,Directing,True,DIRECTING,DIRECTING,The Silence of the Lambs,Jonathan Demme,tt0102926,Crime
64,1991,1990,Music,True,MUSIC (Original Score),MUSIC (Original Score),Beauty and the Beast,Alan Menken,tt0101414,
64,1991,1990,Music,True,MUSIC (Original Song),MUSIC (Original Song),Beauty and the Beast,Music by Alan Menken; Lyric by Howard Ashman,tt0101414,
64,1991,1990,Production,True,ART DIRECTION,ART DIRECTION,Bugsy,Art Direction: Dennis Gassner; Set Decoration: Nancy Haigh,tt0101516,
64,1991,1990,Production,True,CINEMATOGRAPHY,CINEMATOGRAPHY,JFK,Robert Richardson,tt0102138,
64,1991,1990,Production,True,COSTUME DESIGN,COSTUME DESIGN,Bugsy,Albert Wolsky,tt0101516,
64,1991,1990,Production,True,FILM EDITING,FILM EDITING,JFK,"Joe Hutshing, Pietro Scalia",tt0102138,
64,1991,1990,Production,True,MAKEUP AND HAIRSTYLING,MAKEUP,Terminator 2: Judgment Day,"Stan Winston, Jeff Dawn",tt0103064,
64,1991,1990,Production,True,SOUND EDITING,SOUND EFFECTS EDITING,Terminator 2: Judgment Day,"Gary Rydstrom, Gloria S. Borders",tt0103064,
64,1991,1990,Production,True,SOUND MIXING,SOUND,Terminator 2: Judgment Day,"Tom Johnson, Gary Rydstrom, Gary Summers, Lee Orloff",tt0103064,
64,1991,1990,Production,True,VISUAL EFFECTS,VISUAL EFFECTS,Terminator 2: Judgment Day,"Dennis Muren, Stan Winston, Gene Warren, Jr., Robert Skotak",tt0103064,
64,1991,1990,SciTech,False,SCIENTIFIC AND TECHNICAL AWARD (Scientific and Engineering Award),SCIENTIFIC OR TECHNICAL AWARD (Scientific and Engineering Award),,,,
64,1991,1990,SciTech,False,SCIENTIFIC AND TECHNICAL AWARD (Scientific and Engineering Award),SCIENTIFIC OR TECHNICAL AWARD (Scientific and Engineering Award),,,,
64,1991,1990,SciTech,False,SCIENTIFIC AND TECHNICAL AWARD (Scientific and Engineering Award),SCIENTIFIC OR TECHNICAL AWARD (Scientific and Engineering Award),,,,
64,1991,1990,SciTech,False,SCIENTIFIC AND TECHNICAL AWARD (Scientific and Engineering Award),SCIENTIFIC OR TECHNICAL AWARD (Scientific and Engineering Award),,,,
64,1991,1990,SciTech,False,SCIENTIFIC AND TECHNICAL AWARD (Scientific and Engineering Award),SCIENTIFIC OR TECHNICAL AWARD (Scientific and Engineering Award),,,,
64,1991,1990,SciTech,False,SCIENTIFIC AND TECHNICAL AWARD (Scientific and Engineering Award),SCIENTIFIC OR TECHNICAL AWARD (Scientific and Engineering Award),,,,
64,1991,1990,SciTech,False,SCIENTIFIC AND TECHNICAL AWARD (Scientific and Engineering Award),SCIENTIFIC OR TECHNICAL AWARD (Scientific and Engineering Award),,,,
64,1991,1990,SciTech,False,SCIENTIFIC AND TECHNICAL AWARD (Scientific and Engineering Award),SCIENTIFIC OR TECHNICAL AWARD (Scientific and Engineering Award),,,,
64,1991,1990,SciTech,False,SCIENTIFIC AND TECHNICAL AWARD (Scientific and Engineering Award),SCIENTIFIC OR TECHNICAL AWARD (Scientific and Engineering Award),,,,
64,1991,1990,SciTech,False,SCIENTIFIC AND TECHNICAL AWARD (Technical Achievement Award),SCIENTIFIC OR TECHNICAL AWARD (Technical Achievement Award),,,,
64,1991,1990,SciTech,False,SCIENTIFIC AND TECHNICAL AWARD (Technical Achievement Award),SCIENTIFIC OR TECHNICAL AWARD (Technical Achievement Award),,,,
64,1991,1990,SciTech,False,SCIENTIFIC AND TECHNICAL AWARD (Technical Achievement Award),SCIENTIFIC OR TECHNICAL AWARD (Technical Achievement Award),,,,
64,1991,1990,SciTech,False,SCIENTIFIC AND TECHNICAL AWARD (Technical Achievement Award),SCIENTIFIC OR TECHNICAL AWARD (Technical Achievement Award),,,,
64,1991,1990,SciTech,False,SCIENTIFIC AND TECHNICAL AWARD (Technical Achievement Award),SCIENTIFIC OR TECHNICAL AWARD (Technical Achievement Award),,,,
64,1991,1990,Special,False,AWARD OF COMMENDATION,AWARD OF COMMENDATION,,,,
64,1991,1990,Special,False,GORDON E. SAWYER AWARD,GORDON E. SAWYER AWARD,,,,
64,1991,1990,Special,False,HONORARY AWARD,HONORARY AWARD,,,,
64,1991,1990,Special,False,IRVING G. THALBERG MEMORIAL AWARD,IRVING G. THALBERG MEMORIAL AWARD,,George Lucas,,
64,1991,1990,Special,False,MEDAL OF COMMENDATION,MEDAL OF COMMENDATION,,,,
64,1991,1990,Special,False,MEDAL OF COMMENDATION,MEDAL OF COMMENDATION,,,,
64,1991,1990,Title,True,BEST PICTURE,BEST PICTURE,The Silence of the Lambs,"Edward Saxon, Kenneth Utt and Ron Bozman, Producers",tt0102926,Crime
64,1991,1990,Title,True,DOCUMENTARY (Feature),DOCUMENTARY (Feature),In the Shadow of the Stars,"Allie Light and Irving Saraf, Producers",tt0102114,
64,1991,1990,Title,True,DOCUMENTARY (Short Subject),DOCUMENTARY (Short Subject),"Deadly Deception: General Electric, Nuclear Weapons and Our Environment","Debra Chasnoff, Producer",tt0101683,
64,1991,1990,Title,True,INTERNATIONAL FEATURE FILM,FOREIGN LANGUAGE FILM,Mediterraneo,Italy,tt0102426,
64,1991,1990,Title,True,SHORT FILM (Animated),SHORT FILM (Animated),Manipulation,Daniel Greaves,tt0102392,
64,1991,1990,Title,True,SHORT FILM (Live Action),SHORT FILM (Live Action),Session Man,"Seth Winston, Rob Fried",tt0108086,
64,1991,1990,Writing,True,WRITING (Adapted Screenplay),WRITING (Screenplay Based on Material Previously Produced or Published),The Silence of the Lambs,Ted Tally,tt0102926,Crime
64,1991,1990,Writing,True,WRITING (Original Screenplay),WRITING (Screenplay Written Directly for the Screen),Thelma & Louise,Callie Khouri,tt0103074,Drama
65,1992,1990,Acting,True,ACTOR IN A LEADING ROLE,ACTOR IN A LEADING ROLE,Scent of a Woman,Al Pacino,tt0105323,Drama
65,1992,1990,Acting,True,ACTOR IN A SUPPORTING ROLE,ACTOR IN A SUPPORTING ROLE,Unforgiven,Gene Hackman,tt0105695,Western
65,1992,1990,Acting,True,ACTRESS IN A LEADING ROLE,ACTRESS IN A LEADING ROLE,Howards End,Emma Thompson,tt0104454,Drama
65,1992,1990,Acting,True,ACTRESS IN A SUPPORTING ROLE,ACTRESS IN A SUPPORTING ROLE,My Cousin Vinny,Marisa Tomei,tt0104952,Comedy
65,1992,1990,Directing,True,DIRECTING,DIRECTING,Unforgiven,Clint Eastwood,tt0105695,Western
65,1992,1990,Music,True,MUSIC (Original Score),MUSIC (Original Score),Aladdin,Alan Menken,tt0103639,
65,1992,1990,Music,True,MUSIC (Original Song),MUSIC (Original Song),Aladdin,Music by Alan Menken; Lyric by Tim Rice,tt0103639,
65,1992,1990,Production,True,ART DIRECTION,ART DIRECTION,Howards End,Art Direction: Luciana Arrighi; Set Decoration: Ian Whittaker,tt0104454,Drama
65,1992,1990,Production,True,CINEMATOGRAPHY,CINEMATOGRAPHY,A River Runs through It,Philippe Rousselot,tt0105265,
65,1992,1990,Production,True,COSTUME DESIGN,COSTUME DESIGN,Bram Stoker's Dracula,Eiko Ishioka,tt0103874,
65,1992,1990,Production,True,FILM EDITING,FILM EDITING,Unforgiven,Joel Cox,tt0105695,Western
65,1992,1990,Production,True,MAKEUP AND HAIRSTYLING,MAKEUP,Bram Stoker's Dracula,"Greg Cannom, Michèle Burke, Matthew W. Mungle",tt0103874,
65,1992,1990,Production,True,SOUND EDITING,SOUND EFFECTS EDITING,Bram Stoker's Dracula,"Tom C. McCarthy, David E. Stone",tt0103874,
65,1992,1990,Production,True,SOUND MIXING,SOUND,The Last of the Mohicans,"Chris Jenkins, Doug Hemphill, Mark Smith, Simon Kaye",tt0104691,
65,1992,1990,Production,True,VISUAL EFFECTS,VISUAL EFFECTS,Death Becomes Her,"Ken Ralston, Doug Chiang, Doug Smythe, Tom Woodruff, Jr.",tt0104070,
65,1992,1990,SciTech,False,SCIENTIFIC AND TECHNICAL AWARD (Academy Award of Merit),SCIENTIFIC AND TECHNICAL AWARD (Academy Award of Merit),,,,
65,1992,1990,SciTech,False,SCIENTIFIC AND TECHNICAL AWARD (Scientific and Engineering Award),SCIENTIFIC AND TECHNICAL AWARD (Scientific and Engineering Award),,,,
65,1992,1990,SciTech,False,SCIENTIFIC AND TECHNICAL AWARD (Scientific and Engineering Award),SCIENTIFIC AND TECHNICAL AWARD (Scientific and Engineering Award),,,,
65,1992,1990,SciTech,False,SCIENTIFIC AND TECHNICAL AWARD (Scientific and Engineering Award),SCIENTIFIC AND TECHNICAL AWARD (Scientific and Engineering Award),,,,
65,1992,1990,SciTech,False,SCIENTIFIC AND TECHNICAL AWARD (Scientific and Engineering Award),SCIENTIFIC AND TECHNICAL AWARD (Scientific and Engineering Award),,,,
65,1992,1990,SciTech,False,SCIENTIFIC AND TECHNICAL AWARD (Scientific and Engineering Award),SCIENTIFIC AND TECHNICAL AWARD (Scientific and Engineering Award),,,,
65,1992,1990,SciTech,False,SCIENTIFIC AND TECHNICAL AWARD (Scientific and Engineering Award),SCIENTIFIC AND TECHNICAL AWARD (Scientific and Engineering Award),,,,
65,1992,1990,SciTech,False,SCIENTIFIC AND TECHNICAL AWARD (Technical Achievement Award),SCIENTIFIC AND TECHNICAL AWARD (Technical Achievement Award),,,,
65,1992,1990,SciTech,False,SCIENTIFIC AND TECHNICAL AWARD (Technical Achievement Award),SCIENTIFIC AND TECHNICAL AWARD (Technical Achievement Award),,,,
65,1992,1990,SciTech,False,SCIENTIFIC AND TECHNICAL AWARD (Technical Achievement Award),SCIENTIFIC AND TECHNICAL AWARD (Technical Achievement Award),,,,
65,1992,1990,SciTech,False,SCIENTIFIC AND TECHNICAL AWARD (Technical Achievement Award),SCIENTIFIC AND TECHNICAL AWARD (Technical Achievement Award),,,,
65,1992,1990,Special,False,AWARD OF COMMENDATION,AWARD OF COMMENDATION,,,,
65,1992,1990,Special,False,GORDON E. SAWYER AWARD,GORDON E. SAWYER AWARD,,,,
65,1992,1990,Special,False,HONORARY AWARD,HONORARY AWARD,,,,
65,1992,1990,Special,False,JEAN HERSHOLT HUMANITARIAN AWARD,JEAN HERSHOLT HUMANITARIAN AWARD,,Audrey Hepburn,,
65,1992,1990,Special,False,JEAN HERSHOLT HUMANITARIAN AWARD,JEAN HERSHOLT HUMANITARIAN AWARD,,Elizabeth Taylor,,
65,1992,1990,Special,False,MEDAL OF COMMENDATION,MEDAL OF COMMENDATION,,,,
65,1992,1990,Title,True,BEST PICTURE,BEST PICTURE,Unforgiven,"Clint Eastwood, Producer",tt0105695,Western
65,1992,1990,Title,True,DOCUMENTARY (Feature),DOCUMENTARY (Feature),The Panama Deception,"Barbara Trent and David Kasper, Producers",tt0105089,
65,1992,1990,Title,True,DOCUMENTARY (Short Subject),DOCUMENTARY (Short Subject),Educating Peter,"Thomas C. Goodwin and Gerardine Wurzburg, Producers",tt0104167,
65,1992,1990,Title,True,INTERNATIONAL FEATURE FILM,FOREIGN LANGUAGE FILM,Indochine,France,tt0104507,
65,1992,1990,Title,True,SHORT FILM (Animated),SHORT FILM (Animated),Mona Lisa Descending a Staircase,Joan C. Gratz,tt0104908,
65,1992,1990,Title,True,SHORT FILM (Live Action),SHORT FILM (Live Action),Omnibus,Sam Karmann,tt0105051,
65,1992,1990,Writing,True,WRITING (Adapted Screenplay),WRITING (Screenplay Based on Material Previously Produced or Published),Howards End,Ruth Prawer Jhabvala,tt0104454,Drama
65,1992,1990,Writing,True,WRITING (Original Screenplay),WRITING (Screenplay Written Directly for the Screen),The Crying Game,Neil Jordan,tt0104036,Crime
66,1993,1990,Acting,True,ACTOR IN A LEADING ROLE,ACTOR IN A LEADING ROLE,Philadelphia,Tom Hanks,tt0107818,Drama
66,1993,1990,Acting,True,ACTOR IN A SUPPORTING ROLE,ACTOR IN A SUPPORTING ROLE,The Fugitive,Tommy Lee Jones,tt0106977,Action
66,1993,1990,Acting,True,ACTRESS IN A LEADING ROLE,ACTRESS IN A LEADING ROLE,The Piano,Holly Hunter,tt0107822,Drama
66,1993,1990,Acting,True,ACTRESS IN A SUPPORTING ROLE,ACTRESS IN A SUPPORTING ROLE,The Piano,Anna Paquin,tt0107822,Drama
66,1993,1990,Directing,True,DIRECTING,DIRECTING,Schindler's List,Steven Spielberg,tt0108052,Drama
66,1993,1990,Music,True,MUSIC (Original Score),MUSIC (Original Score),Schindler's List,John Williams,tt0108052,Drama
66,1993,1990,Music,True,MUSIC (Original Song),MUSIC (Original Song),Philadelphia,Music and Lyric by Bruce Springsteen,tt0107818,Drama
66,1993,1990,Production,True,ART DIRECTION,ART DIRECTION,Schindler's List,Art Direction: Allan Starski; Set Decoration: Ewa Braun,tt0108052,Drama
66,1993,1990,Production,True,CINEMATOGRAPHY,CINEMATOGRAPHY,Schindler's List,Janusz Kaminski,tt0108052,Drama
66,1993,1990,Production,True,COSTUME DESIGN,COSTUME DESIGN,The Age of Innocence,Gabriella Pescucci,tt0106226,
66,1993,1990,Production,True,FILM EDITING,FILM EDITING,Schindler's List,Michael Kahn,tt0108052,Drama
66,1993,1990,Production,True,MAKEUP AND HAIRSTYLING,MAKEUP,Mrs. Doubtfire,"Greg Cannom, Ve Neill, Yolanda Toussieng",tt0107614,
66,1993,1990,Production,True,SOUND EDITING,SOUND EFFECTS EDITING,Jurassic Park,"Gary Rydstrom, Richard Hymns",tt0107290,
66,1993,1990,Production,True,SOUND MIXING,SOUND,Jurassic Park,"Gary Summers, Gary Rydstrom, Shawn Murphy, Ron Judkins",tt0107290,
66,1993,1990,Production,True,VISUAL EFFECTS,VISUAL EFFECTS,Jurassic Park,"Dennis Muren, Stan Winston, Phil Tippett, Michael Lantieri",tt0107290,
66,1993,1990,SciTech,False,SCIENTIFIC AND TECHNICAL AWARD (Academy Award of Merit),SCIENTIFIC AND TECHNICAL AWARD (Academy Award of Merit),,,,
66,1993,1990,SciTech,False,SCIENTIFIC AND TECHNICAL AWARD (Academy Award of Merit),SCIENTIFIC AND TECHNICAL AWARD (Academy Award of Merit),,,,
66,1993,1990,SciTech,False,SCIENTIFIC AND TECHNICAL AWARD (Scientific and Engineering Award),SCIENTIFIC AND TECHNICAL AWARD (Scientific and Engineering Award),,,,
66,1993,1990,SciTech,False,SCIENTIFIC AND TECHNICAL AWARD (Scientific and Engineering Award),SCIENTIFIC AND TECHNICAL AWARD (Scientific and Engineering Award),,,,
66,1993,1990,SciTech,False,SCIENTIFIC AND TECHNICAL AWARD (Technical Achievement Award),SCIENTIFIC AND TECHNICAL AWARD (Technical Achievement Award),,,,
66,1993,1990,SciTech,False,SCIENTIFIC AND TECHNICAL AWARD (Technical Achievement Award),SCIENTIFIC AND TECHNICAL AWARD (Technical Achievement Award),,,,
66,1993,1990,SciTech,False,SCIENTIFIC AND TECHNICAL AWARD (Technical Achievement Award),SCIENTIFIC AND TECHNICAL AWARD (Technical Achievement Award),,,,
66,1993,1990,SciTech,False,SCIENTIFIC AND TECHNICAL AWARD (Technical Achievement Award),SCIENTIFIC AND TECHNICAL AWARD (Technical Achievement Award),,,,
66,1993,1990,SciTech,False,SCIENTIFIC AND TECHNICAL AWARD (Technical Achievement Award),SCIENTIFIC AND TECHNICAL AWARD (Technical Achievement Award),,,,
66,1993,1990,Special,False,GORDON E. SAWYER AWARD,GORDON E. SAWYER AWARD,,,,
66,1993,1990,Special,False,HONORARY AWARD,HONORARY AWARD,,,,
66,1993,1990,Special,False,JEAN HERSHOLT HUMANITARIAN AWARD,JEAN HERSHOLT HUMANITARIAN AWARD,,Paul Newman,,
66,1993,1990,Title,True,BEST PICTURE,BEST PICTURE,Schindler's List,"Steven Spielberg, Gerald R. Molen and Branko Lustig, Producers",tt0108052,Drama
66,1993,1990,Title,True,DOCUMENTARY (Feature),DOCUMENTARY (Feature),I Am a Promise: The Children of Stanton Elementary School,"Susan Raymond, Alan Raymond",tt0107177,
66,1993,1990,Title,True,DOCUMENTARY (Short Subject),DOCUMENTARY (Short Subject),Defending Our Lives,"Margaret Lazarus, Renner Wunderlich",tt0106694,
66,1993,1990,Title,True,INTERNATIONAL FEATURE FILM,FOREIGN LANGUAGE FILM,Belle Epoque,Spain,tt0103791,
66,1993,1990,Title,True,SHORT FILM (Animated),SHORT FILM (Animated),The Wrong Trousers,Nick Park,tt0108598,
66,1993,1990,Title,True,SHORT FILM (Live Action),SHORT FILM (Live Action),Black Rider (Schwarzfahrer),Pepe Danquart,tt0108056,
66,1993,1990,Writing,True,WRITING (Adapted Screenplay),WRITING (Screenplay Based on Material Previously Produced or Published),Schindler's List,Steven Zaillian,tt0108052,Drama
66,1993,1990,Writing,True,WRITING (Original Screenplay),WRITING (Screenplay Written Directly for the Screen),The Piano,Jane Campion,tt0107822,Drama
67,1994,1990,Acting,True,ACTOR IN A LEADING ROLE,ACTOR IN A LEADING ROLE,Forrest Gump,Tom Hanks,tt0109830,Comedy
67,1994,1990,Acting,True,ACTOR IN A SUPPORTING ROLE,ACTOR IN A SUPPORTING ROLE,Ed Wood,Martin Landau,tt0109707,Comedy
67,1994,1990,Acting,True,ACTRESS IN A LEADING ROLE,ACTRESS IN A LEADING ROLE,Blue Sky,Jessica Lange,tt0109306,Drama
67,1994,1990,Acting,True,ACTRESS IN A SUPPORTING ROLE,ACTRESS IN A SUPPORTING ROLE,Bullets over Broadway,Dianne Wiest,tt0109348,Comedy
67,1994,1990,Directing,True,DIRECTING,DIRECTING,Forrest Gump,Robert Zemeckis,tt0109830,Comedy
67,1994,1990,Music,True,MUSIC (Original Score),MUSIC (Original Score),The Lion King,Hans Zimmer,tt0110357,
67,1994,1990,Music,True,MUSIC (Original Song),MUSIC (Original Song),The Lion King,Music by Elton John; Lyric by Tim Rice,tt0110357,
67,1994,1990,Production,True,ART DIRECTION,ART DIRECTION,The Madness of King George,Art Direction: Ken Adam; Set Decoration: Carolyn Scott,tt0110428,
67,1994,1990,Production,True,CINEMATOGRAPHY,CINEMATOGRAPHY,Legends of the Fall,John Toll,tt0110322,
67,1994,1990,Production,True,COSTUME DESIGN,COSTUME DESIGN,"The Adventures of Priscilla, Queen of the Desert","Lizzy Gardiner, Tim Chappel",tt0109045,
67,1994,1990,Production,True,FILM EDITING,FILM EDITING,Forrest Gump,Arthur Schmidt,tt0109830,Comedy
67,1994,1990,Production,True,MAKEUP AND HAIRSTYLING,MAKEUP,Ed Wood,"Rick Baker, Ve Neill, Yolanda Toussieng",tt0109707,Comedy
67,1994,1990,Production,True,SOUND EDITING,SOUND EFFECTS EDITING,Speed,Stephen Hunter Flick,tt0111257,
67,1994,1990,Production,True,SOUND MIXING,SOUND,Speed,"Gregg Landaker, Steve Maslow, Bob Beemer, David R. B. MacMillan",tt0111257,
67,1994,1990,Production,True,VISUAL EFFECTS,VISUAL EFFECTS,Forrest Gump,"Ken Ralston, George Murphy, Stephen Rosenbaum, Allen Hall",tt0109830,Comedy
67,1994,1990,SciTech,False,SCIENTIFIC AND TECHNICAL AWARD (Academy Award of Merit),SCIENTIFIC AND TECHNICAL AWARD (Academy Award of Merit),,,,
67,1994,1990,SciTech,False,SCIENTIFIC AND TECHNICAL AWARD (Academy Award of Merit),SCIENTIFIC AND TECHNICAL AWARD (Academy Award of Merit),,,,
67,1994,1990,SciTech,False,SCIENTIFIC AND TECHNICAL AWARD (Scientific and Engineering Award),SCIENTIFIC AND TECHNICAL AWARD (Scientific and Engineering Award),,,,
67,1994,1990,SciTech,False,SCIENTIFIC AND TECHNICAL AWARD (Scientific and Engineering Award),SCIENTIFIC AND TECHNICAL AWARD (Scientific and Engineering Award),,,,
67,1994,1990,SciTech,False,SCIENTIFIC AND TECHNICAL AWARD (Scientific and Engineering Award),SCIENTIFIC AND TECHNICAL AWARD (Scientific and Engineering Award),,,,
67,1994,1990,SciTech,False,SCIENTIFIC AND TECHNICAL AWARD (Scientific and Engineering Award),SCIENTIFIC AND TECHNICAL AWARD (Scientific and Engineering Award),,,,
67,1994,1990,SciTech,False,SCIENTIFIC AND TECHNICAL AWARD (Scientific and Engineering Award),SCIENTIFIC AND TECHNICAL AWARD (Scientific and Engineering Award),,,,
67,1994,1990,SciTech,False,SCIENTIFIC AND TECHNICAL AWARD (Scientific and Engineering Award),SCIENTIFIC AND TECHNICAL AWARD (Scientific and Engineering Award),,,,
67,1994,1990,SciTech,False,SCIENTIFIC AND TECHNICAL AWARD (Scientific and Engineering Award),SCIENTIFIC AND TECHNICAL AWARD (Scientific and Engineering Award),,,,
67,1994,1990,SciTech,False,SCIENTIFIC AND TECHNICAL AWARD (Scientific and Engineering Award),SCIENTIFIC AND TECHNICAL AWARD (Scientific and Engineering Award),,,,
67,1994,1990,SciTech,False,SCIENTIFIC AND TECHNICAL AWARD (Technical Achievement Award),SCIENTIFIC AND TECHNICAL AWARD (Technical Achievement Award),,,,
67,1994,1990,SciTech,False,SCIENTIFIC AND TECHNICAL AWARD (Technical Achievement Award),SCIENTIFIC AND TECHNICAL AWARD (Technical Achievement Award),,,,
67,1994,1990,SciTech,False,SCIENTIFIC AND TECHNICAL AWARD (Technical Achievement Award),SCIENTIFIC AND TECHNICAL AWARD (Technical Achievement Award),,,,
67,1994,1990,SciTech,False,SCIENTIFIC AND TECHNICAL AWARD (Technical Achievement Award),SCIENTIFIC AND TECHNICAL AWARD (Technical Achievement Award),,,,
67,1994,1990,SciTech,False,SCIENTIFIC AND TECHNICAL AWARD (Technical Achievement Award),SCIENTIFIC AND TECHNICAL AWARD (Technical Achievement Award),,,,
67,1994,1990,SciTech,False,SCIENTIFIC AND TECHNICAL AWARD (Technical Achievement Award),SCIENTIFIC AND TECHNICAL AWARD (Technical Achievement Award),,,,
67,1994,1990,SciTech,False,SCIENTIFIC AND TECHNICAL AWARD (Technical Achievement Award),SCIENTIFIC AND TECHNICAL AWARD (Technical Achievement Award),,,,
67,1994,1990,SciTech,False,SCIENTIFIC AND TECHNICAL AWARD (Technical Achievement Award),SCIENTIFIC AND TECHNICAL AWARD (Technical Achievement Award),,,,
67,1994,1990,SciTech,False,SCIENTIFIC AND TECHNICAL AWARD (Technical Achievement Award),SCIENTIFIC AND TECHNICAL AWARD (Technical Achievement Award),,,,
67,1994,1990,SciTech,False,SCIENTIFIC AND TECHNICAL AWARD (Technical Achievement Award),SCIENTIFIC AND TECHNICAL AWARD (Technical Achievement Award),,,,
67,1994,1990,SciTech,False,SCIENTIFIC AND TECHNICAL AWARD (Technical Achievement Award),SCIENTIFIC AND TECHNICAL AWARD (Technical Achievement Award),,,,
67,1994,1990,SciTech,False,SCIENTIFIC AND TECHNICAL AWARD (Technical Achievement Award),SCIENTIFIC AND TECHNICAL AWARD (Technical Achievement Award),,,,
67,1994,1990,SciTech,False,SCIENTIFIC AND TECHNICAL AWARD (Technical Achievement Award),SCIENTIFIC AND TECHNICAL AWARD (Technical Achievement Award),,,,
67,1994,1990,SciTech,False,SCIENTIFIC AND TECHNICAL AWARD (Technical Achievement Award),SCIENTIFIC AND TECHNICAL AWARD (Technical Achievement Award),,,,
67,1994,1990,SciTech,False,SCIENTIFIC AND TECHNICAL AWARD (Technical Achievement Award),SCIENTIFIC AND TECHNICAL AWARD (Technical Achievement Award),,,,
67,1994,1990,Special,False,HONORARY AWARD,HONORARY AWARD,,,,
67,1994,1990,Special,False,IRVING G. THALBERG MEMORIAL AWARD,IRVING G. THALBERG MEMORIAL AWARD,,Clint Eastwood,,
67,1994,1990,Special,False,JEAN HERSHOLT HUMANITARIAN AWARD,JEAN HERSHOLT HUMANITARIAN AWARD,,Quincy Jones,,
67,1994,1990,Special,False,MEDAL OF COMMENDATION,MEDAL OF COMMENDATION,,,,
67,1994,1990,Title,True,BEST PICTURE,BEST PICTURE,Forrest Gump,"Wendy Finerman, Steve Tisch and Steve Starkey, Producers",tt0109830,Comedy
67,1994,1990,Title,True,DOCUMENTARY (Feature),DOCUMENTARY (Feature),Maya Lin: A Strong Clear Vision,"Freida Lee Mock, Terry Sanders",tt0110480,
67,1994,1990,Title,True,DOCUMENTARY (Short Subject),DOCUMENTARY (Short Subject),A Time for Justice,Charles Guggenheim,tt0111436,
67,1994,1990,Title,True,INTERNATIONAL FEATURE FILM,FOREIGN LANGUAGE FILM,Burnt by the Sun,Russia,tt0111579,
67,1994,1990,Title,True,SHORT FILM (Animated),SHORT FILM (Animated),Bob's Birthday,"Alison Snowden, David Fine",tt0106446,
67,1994,1990,Title,True,SHORT FILM (Live Action),SHORT FILM (Live Action),Franz Kafka's It's a Wonderful Life,"Peter Capaldi, Ruth Kenley-Letts",tt0106961,
67,1994,1990,Title,True,SHORT FILM (Live Action),SHORT FILM (Live Action),Trevor,"Peggy Rajski, Randy Stone",tt0111486,
67,1994,1990,Writing,True,WRITING (Adapted Screenplay),WRITING (Screenplay Based on Material Previously Produced or Published),Forrest Gump,Eric Roth,tt0109830,Comedy
67,1994,1990,Writing,True,WRITING (Original Screenplay),WRITING (Screenplay Written Directly for the Screen),Pulp Fiction,Screenplay by Quentin Tarantino; Stories by Quentin Tarantino & Roger Avary,tt0110912,Thriller
68,1995,1990,Acting,True,ACTOR IN A LEADING ROLE,ACTOR IN A LEADING ROLE,Leaving Las Vegas,Nicolas Cage,tt0113627,Drama
68,1995,1990,Acting,True,ACTOR IN A SUPPORTING ROLE,ACTOR IN A SUPPORTING ROLE,The Usual Suspects,Kevin Spacey,tt0114814,Drama
68,1995,1990,Acting,True,ACTRESS IN A LEADING ROLE,ACTRESS IN A LEADING ROLE,Dead Man Walking,Susan Sarandon,tt0112818,Drama
68,1995,1990,Acting,True,ACTRESS IN A SUPPORTING ROLE,ACTRESS IN A SUPPORTING ROLE,Mighty Aphrodite,Mira Sorvino,tt0113819,Comedy
68,1995,1990,Directing,True,DIRECTING,DIRECTING,Braveheart,Mel Gibson,tt0112573,Drama
68,1995,1990,Music,True,MUSIC (Original Score),MUSIC (Original Dramatic Score),The Postman (Il Postino),Luis Enrique Bacalov,tt0110877,
68,1995,1990,Music,True,MUSIC (Original Song Score or Adaptation Score),MUSIC (Original Musical or Comedy Score),Pocahontas,Music by Alan Menken; Lyrics by Stephen Schwartz; Orchestral Score by Alan Menken,tt0114148,
68,1995,1990,Music,True,MUSIC (Original Song),MUSIC (Original Song),Pocahontas,Music by Alan Menken; Lyric by Stephen Schwartz,tt0114148,
68,1995,1990,Production,True,ART DIRECTION,ART DIRECTION,Restoration,Eugenio Zanetti,tt0114272,
68,1995,1990,Production,True,CINEMATOGRAPHY,CINEMATOGRAPHY,Braveheart,John Toll,tt0112573,Drama
68,1995,1990,Production,True,COSTUME DESIGN,COSTUME DESIGN,Restoration,James Acheson,tt0114272,
68,1995,1990,Production,True,FILM EDITING,FILM EDITING,Apollo 13,"Mike Hill, Dan Hanley",tt0112384,
68,1995,1990,Production,True,MAKEUP AND HAIRSTYLING,MAKEUP,Braveheart,"Peter Frampton, Paul Pattison, Lois Burwell",tt0112573,Drama
68,1995,1990,Production,True,SOUND EDITING,SOUND EFFECTS EDITING,Braveheart,"Lon Bender, Per Hallberg",tt0112573,Drama
68,1995,1990,Production,True,SOUND MIXING,SOUND,Apollo 13,"Rick Dior, Steve Pederson, Scott Millan, David MacMillan",tt0112384,
68,1995,1990,Production,True,VISUAL EFFECTS,VISUAL EFFECTS,Babe,"Scott E. Anderson, Charles Gibson, Neal Scanlan, John Cox",tt0112431,
68,1995,1990,SciTech,False,SCIENTIFIC AND TECHNICAL AWARD (Scientific and Engineering Award),SCIENTIFIC AND TECHNICAL AWARD (Scientific and Engineering Award),,,,
68,1995,1990,SciTech,False,SCIENTIFIC AND TECHNICAL AWARD (Scientific and Engineering Award),SCIENTIFIC AND TECHNICAL AWARD (Scientific and Engineering Award),,,,
68,1995,1990,SciTech,False,SCIENTIFIC AND TECHNICAL AWARD (Scientific and Engineering Award),SCIENTIFIC AND TECHNICAL AWARD (Scientific and Engineering Award),,,,
68,1995,1990,SciTech,False,SCIENTIFIC AND TECHNICAL AWARD (Scientific and Engineering Award),SCIENTIFIC AND TECHNICAL AWARD (Scientific and Engineering Award),,,,
68,1995,1990,SciTech,False,SCIENTIFIC AND TECHNICAL AWARD (Scientific and Engineering Award),SCIENTIFIC AND TECHNICAL AWARD (Scientific and Engineering Award),,,,
68,1995,1990,SciTech,False,SCIENTIFIC AND TECHNICAL AWARD (Scientific and Engineering Award),SCIENTIFIC AND TECHNICAL AWARD (Scientific and Engineering Award),,,,
68,1995,1990,SciTech,False,SCIENTIFIC AND TECHNICAL AWARD (Scientific and Engineering Award),SCIENTIFIC AND TECHNICAL AWARD (Scientific and Engineering Award),,,,
68,1995,1990,SciTech,False,SCIENTIFIC AND TECHNICAL AWARD (Scientific and Engineering Award),SCIENTIFIC AND TECHNICAL AWARD (Scientific and Engineering Award),,,,
68,1995,1990,SciTech,False,SCIENTIFIC AND TECHNICAL AWARD (Scientific and Engineering Award),SCIENTIFIC AND TECHNICAL AWARD (Scientific and Engineering Award),,,,
68,1995,1990,SciTech,False,SCIENTIFIC AND TECHNICAL AWARD (Scientific and Engineering Award),SCIENTIFIC AND TECHNICAL AWARD (Scientific and Engineering Award),,,,
68,1995,1990,SciTech,False,SCIENTIFIC AND TECHNICAL AWARD (Scientific and Engineering Award),SCIENTIFIC AND TECHNICAL AWARD (Scientific and Engineering Award),,,,
68,1995,1990,SciTech,False,SCIENTIFIC AND TECHNICAL AWARD (Technical Achievement Award),SCIENTIFIC AND TECHNICAL AWARD (Technical Achievement Award),,,,
68,1995,1990,SciTech,False,SCIENTIFIC AND TECHNICAL AWARD (Technical Achievement Award),SCIENTIFIC AND TECHNICAL AWARD (Technical Achievement Award),,,,
68,1995,1990,SciTech,False,SCIENTIFIC AND TECHNICAL AWARD (Technical Achievement Award),SCIENTIFIC AND TECHNICAL AWARD (Technical Achievement Award),,,,
68,1995,1990,SciTech,False,SCIENTIFIC AND TECHNICAL AWARD (Technical Achievement Award),SCIENTIFIC AND TECHNICAL AWARD (Technical Achievement Award),,,,
68,1995,1990,SciTech,False,SCIENTIFIC AND TECHNICAL AWARD (Technical Achievement Award),SCIENTIFIC AND TECHNICAL AWARD (Technical Achievement Award),,,,
68,1995,1990,SciTech,False,SCIENTIFIC AND TECHNICAL AWARD (Technical Achievement Award),SCIENTIFIC AND TECHNICAL AWARD (Technical Achievement Award),,,,
68,1995,1990,SciTech,False,SCIENTIFIC AND TECHNICAL AWARD (Technical Achievement Award),SCIENTIFIC AND TECHNICAL AWARD (Technical Achievement Award),,,,
68,1995,1990,SciTech,False,SCIENTIFIC AND TECHNICAL AWARD (Technical Achievement Award),SCIENTIFIC AND TECHNICAL AWARD (Technical Achievement Award),,,,
68,1995,1990,SciTech,False,SCIENTIFIC AND TECHNICAL AWARD (Technical Achievement Award),SCIENTIFIC AND TECHNICAL AWARD (Technical Achievement Award),,,,
68,1995,1990,SciTech,False,SCIENTIFIC AND TECHNICAL AWARD (Technical Achievement Award),SCIENTIFIC AND TECHNICAL AWARD (Technical Achievement Award),,,,
68,1995,1990,SciTech,False,SCIENTIFIC AND TECHNICAL AWARD (Technical Achievement Award),SCIENTIFIC AND TECHNICAL AWARD (Technical Achievement Award),,,,
68,1995,1990,SciTech,False,SCIENTIFIC AND TECHNICAL AWARD (Technical Achievement Award),SCIENTIFIC AND TECHNICAL AWARD (Technical Achievement Award),,,,
68,1995,1990,Special,False,GORDON E. SAWYER AWARD,GORDON E. SAWYER AWARD,,,,
68,1995,1990,Special,False,HONORARY AWARD,HONORARY AWARD,,,,
68,1995,1990,Special,False,HONORARY AWARD,HONORARY AWARD,,,,
68,1995,1990,Special,False,SPECIAL ACHIEVEMENT AWARD,SPECIAL ACHIEVEMENT AWARD,Toy Story,,tt0114709,
68,1995,1990,Title,True,BEST PICTURE,BEST PICTURE,Braveheart,"Mel Gibson, Alan Ladd, Jr. and Bruce Davey, Producers",tt0112573,Drama
68,1995,1990,Title,True,DOCUMENTARY (Feature),DOCUMENTARY (Feature),Anne Frank Remembered,Jon Blair,tt0112373,
68,1995,1990,Title,True,DOCUMENTARY (Short Subject),DOCUMENTARY (Short Subject),One Survivor Remembers,Kary Antholis,tt0114044,
68,1995,1990,Title,True,INTERNATIONAL FEATURE FILM,FOREIGN LANGUAGE FILM,Antonia's Line,The Netherlands,tt0112379,
68,1995,1990,Title,True,SHORT FILM (Animated),SHORT FILM (Animated),A Close Shave,Nick Park,tt0112691,
68,1995,1990,Title,True,SHORT FILM (Live Action),SHORT FILM (Live Action),Lieberman in Love,"Christine Lahti, Jana Sue Memel",tt0113653,
68,1995,1990,Writing,True,WRITING (Adapted Screenplay),WRITING (Screenplay Based on Material Previously Produced or Published),Sense and Sensibility,Emma Thompson,tt0114388,Drama
68,1995,1990,Writing,True,WRITING (Original Screenplay),WRITING (Screenplay Written Directly for the Screen),The Usual Suspects,Christopher McQuarrie,tt0114814,Drama
69,1996,1990,Acting,True,ACTOR IN A LEADING ROLE,ACTOR IN A LEADING ROLE,Shine,Geoffrey Rush,tt0117631,Drama
69,1996,1990,Acting,True,ACTOR IN A SUPPORTING ROLE,ACTOR IN A SUPPORTING ROLE,Jerry Maguire,"Cuba Gooding, Jr.",tt0116695,Comedy
69,1996,1990,Acting,True,ACTRESS IN A LEADING ROLE,ACTRESS IN A LEADING ROLE,Fargo,Frances McDormand,tt0116282,Crime
69,1996,1990,Acting,True,ACTRESS IN A SUPPORTING ROLE,ACTRESS IN A SUPPORTING ROLE,The English Patient,Juliette Binoche,tt0116209,Drama
69,1996,1990,Directing,True,DIRECTING,DIRECTING,The English Patient,Anthony Minghella,tt0116209,Drama
69,1996,1990,Music,True,MUSIC (Original Score),MUSIC (Original Dramatic Score),The English Patient,Gabriel Yared,tt0116209,Drama
69,1996,1990,Music,True,MUSIC (Original Song Score or Adaptation Score),MUSIC (Original Musical or Comedy Score),Emma,Rachel Portman,tt0116191,
69,1996,1990,Music,True,MUSIC (Original Song),MUSIC (Original Song),Evita,Music by Andrew Lloyd Webber; Lyric by Tim Rice,tt0116250,
69,1996,1990,Production,True,ART DIRECTION,ART DIRECTION,The English Patient,Art Direction: Stuart Craig; Set Decoration: Stephenie McMillan,tt0116209,Drama
69,1996,1990,Production,True,CINEMATOGRAPHY,CINEMATOGRAPHY,The English Patient,John Seale,tt0116209,Drama
69,1996,1990,Production,True,COSTUME DESIGN,COSTUME DESIGN,The English Patient,Ann Roth,tt0116209,Drama
69,1996,1990,Production,True,FILM EDITING,FILM EDITING,The English Patient,Walter Murch,tt0116209,Drama
69,1996,1990,Production,True,MAKEUP AND HAIRSTYLING,MAKEUP,The Nutty Professor,"Rick Baker, David LeRoy Anderson",tt0117218,
69,1996,1990,Production,True,SOUND EDITING,SOUND EFFECTS EDITING,The Ghost and the Darkness,Bruce Stambler,tt0116409,
69,1996,1990,Production,True,SOUND MIXING,SOUND,The English Patient,"Walter Murch, Mark Berger, David Parker, Chris Newman",tt0116209,Drama
69,1996,1990,Production,True,VISUAL EFFECTS,VISUAL EFFECTS,Independence Day,"Volker Engel, Douglas Smith, Clay Pinney, Joseph Viskocil",tt0116629,
69,1996,1990,SciTech,False,SCIENTIFIC AND TECHNICAL AWARD (Academy Award of Merit),SCIENTIFIC AND TECHNICAL AWARD (Academy Award of Merit),,,,
69,1996,1990,SciTech,False,SCIENTIFIC AND TECHNICAL AWARD (Scientific and Engineering Award),SCIENTIFIC AND TECHNICAL AWARD (Scientific and Engineering Award),,,,
69,1996,1990,SciTech,False,SCIENTIFIC AND TECHNICAL AWARD (Scientific and Engineering Award),SCIENTIFIC AND TECHNICAL AWARD (Scientific and Engineering Award),,,,
69,1996,1990,SciTech,False,SCIENTIFIC AND TECHNICAL AWARD (Scientific and Engineering Award),SCIENTIFIC AND TECHNICAL AWARD (Scientific and Engineering Award),,,,
69,1996,1990,SciTech,False,SCIENTIFIC AND TECHNICAL AWARD (Scientific and Engineering Award),SCIENTIFIC AND TECHNICAL AWARD (Scientific and Engineering Award),,,,
69,1996,1990,SciTech,False,SCIENTIFIC AND TECHNICAL AWARD (Technical Achievement Award),SCIENTIFIC AND TECHNICAL AWARD (Technical Achievement Award),,,,
69,1996,1990,SciTech,False,SCIENTIFIC AND TECHNICAL AWARD (Technical Achievement Award),SCIENTIFIC AND TECHNICAL AWARD (Technical Achievement Award),,,,
69,1996,1990,SciTech,False,SCIENTIFIC AND TECHNICAL AWARD (Technical Achievement Award),SCIENTIFIC AND TECHNICAL AWARD (Technical Achievement Award),,,,
69,1996,1990,SciTech,False,SCIENTIFIC AND TECHNICAL AWARD (Technical Achievement Award),SCIENTIFIC AND TECHNICAL AWARD (Technical Achievement Award),,,,
69,1996,1990,SciTech,False,SCIENTIFIC AND TECHNICAL AWARD (Technical Achievement Award),SCIENTIFIC AND TECHNICAL AWARD (Technical Achievement Award),,,,
69,1996,1990,SciTech,False,SCIENTIFIC AND TECHNICAL AWARD (Technical Achievement Award),SCIENTIFIC AND TECHNICAL AWARD (Technical Achievement Award),,,,
69,1996,1990,SciTech,False,SCIENTIFIC AND TECHNICAL AWARD (Technical Achievement Award),SCIENTIFIC AND TECHNICAL AWARD (Technical Achievement Award),,,,
69,1996,1990,SciTech,False,SCIENTIFIC AND TECHNICAL AWARD (Technical Achievement Award),SCIENTIFIC AND TECHNICAL AWARD (Technical Achievement Award),,,,
69,1996,1990,Special,False,AWARD OF COMMENDATION,AWARD OF COMMENDATION,,,,
69,1996,1990,Special,False,HONORARY AWARD,HONORARY AWARD,,,,
69,1996,1990,Special,False,IRVING G. THALBERG MEMORIAL AWARD,IRVING G. THALBERG MEMORIAL AWARD,,Saul Zaentz,,
69,1996,1990,Special,False,JOHN A. BONNER MEDAL OF COMMENDATION,JOHN A. BONNER MEDAL OF COMMENDATION,,,,
69,1996,1990,Special,False,JOHN A. BONNER MEDAL OF COMMENDATION,JOHN A. BONNER MEDAL OF COMMENDATION,,,,
69,1996,1990,Title,True,BEST PICTURE,BEST PICTURE,The English Patient,"Saul Zaentz, Producer",tt0116209,Drama
69,1996,1990,Title,True,DOCUMENTARY (Feature),DOCUMENTARY (Feature),When We Were Kings,"Leon Gast, David Sonenberg",tt0118147,
69,1996,1990,Title,True,DOCUMENTARY (Short Subject),DOCUMENTARY (Short Subject),Breathing Lessons: The Life and Work of Mark O'Brien,Jessica Yu,tt0115753,
69,1996,1990,Title,True,INTERNATIONAL FEATURE FILM,FOREIGN LANGUAGE FILM,Kolya,Czech Republic,tt0116790,
69,1996,1990,Title,True,SHORT FILM (Animated),SHORT FILM (Animated),Quest,"Tyron Montgomery, Thomas Stellmach",tt0117419,
69,1996,1990,Title,True,SHORT FILM (Live Action),SHORT FILM (Live Action),Dear Diary,"David Frankel, Barry Jossen",tt0116058,
69,1996,1990,Writing,True,WRITING (Adapted Screenplay),WRITING (Screenplay Based on Material Previously Produced or Published),Sling Blade,Billy Bob Thornton,tt0117666,Drama
69,1996,1990,Writing,True,WRITING (Original Screenplay),WRITING (Screenplay Written Directly for the Screen),Fargo,"Ethan Coen, Joel Coen",tt0116282,Crime
70,1997,1990,Acting,True,ACTOR IN A LEADING ROLE,ACTOR IN A LEADING ROLE,As Good as It Gets,Jack Nicholson,tt0119822,Drama
70,1997,1990,Acting,True,ACTOR IN A SUPPORTING ROLE,ACTOR IN A SUPPORTING ROLE,Good Will Hunting,Robin Williams,tt0119217,Drama
70,1997,1990,Acting,True,ACTRESS IN A LEADING ROLE,ACTRESS IN A LEADING ROLE,As Good as It Gets,Helen Hunt,tt0119822,Drama
70,1997,1990,Acting,True,ACTRESS IN A SUPPORTING ROLE,ACTRESS IN A SUPPORTING ROLE,L.A. Confidential,Kim Basinger,tt0119488,Crime
70,1997,1990,Directing,True,DIRECTING,DIRECTING,Titanic,James Cameron,tt0120338,Drama
70,1997,1990,Music,True,MUSIC (Original Score),MUSIC (Original Dramatic Score),Titanic,James Horner,tt0120338,Drama
70,1997,1990,Music,True,MUSIC (Original Song Score or Adaptation Score),MUSIC (Original Musical or Comedy Score),The Full Monty,Anne Dudley,tt0119164,
70,1997,1990,Music,True,MUSIC (Original Song),MUSIC (Original Song),Titanic,Music by James Horner; Lyric by Will Jennings,tt0120338,Drama
70,1997,1990,Production,True,ART DIRECTION,ART DIRECTION,Titanic,Art Direction: Peter Lamont; Set Decoration: Michael Ford,tt0120338,Drama
70,1997,1990,Production,True,CINEMATOGRAPHY,CINEMATOGRAPHY,Titanic,Russell Carpenter,tt0120338,Drama
70,1997,1990,Production,True,COSTUME DESIGN,COSTUME DESIGN,Titanic,Deborah L. Scott,tt0120338,Drama
70,1997,1990,Production,True,FILM EDITING,FILM EDITING,Titanic,"Conrad Buff, James Cameron, Richard A. Harris",tt0120338,Drama
70,1997,1990,Production,True,MAKEUP AND HAIRSTYLING,MAKEUP,Men in Black,"Rick Baker, David LeRoy Anderson",tt0119654,
70,1997,1990,Production,True,SOUND EDITING,SOUND EFFECTS EDITING,Titanic,"Tom Bellfort, Christopher Boyes",tt0120338,Drama
70,1997,1990,Production,True,SOUND MIXING,SOUND,Titanic,"Gary Rydstrom, Tom Johnson, Gary Summers, Mark Ulano",tt0120338,Drama
70,1997,1990,Production,True,VISUAL EFFECTS,VISUAL EFFECTS,Titanic,"Robert Legato, Mark Lasoff, Thomas L. Fisher, Michael Kanfer",tt0120338,Drama
70,1997,1990,SciTech,False,SCIENTIFIC AND TECHNICAL AWARD (Academy Award of Merit),SCIENTIFIC AND TECHNICAL AWARD (Academy Award of Merit),,,,
70,1997,1990,SciTech,False,SCIENTIFIC AND TECHNICAL AWARD (Scientific and Engineering Award),SCIENTIFIC AND TECHNICAL AWARD (Scientific and Engineering Award),,,,
70,1997,1990,SciTech,False,SCIENTIFIC AND TECHNICAL AWARD (Scientific and Engineering Award),SCIENTIFIC AND TECHNICAL AWARD (Scientific and Engineering Award),,,,
70,1997,1990,SciTech,False,SCIENTIFIC AND TECHNICAL AWARD (Scientific and Engineering Award),SCIENTIFIC AND TECHNICAL AWARD (Scientific and Engineering Award),,,,
70,1997,1990,SciTech,False,SCIENTIFIC AND TECHNICAL AWARD (Scientific and Engineering Award),SCIENTIFIC AND TECHNICAL AWARD (Scientific and Engineering Award),,,,
70,1997,1990,SciTech,False,SCIENTIFIC AND TECHNICAL AWARD (Scientific and Engineering Award),SCIENTIFIC AND TECHNICAL AWARD (Scientific and Engineering Award),,,,
70,1997,1990,SciTech,False,SCIENTIFIC AND TECHNICAL AWARD (Scientific and Engineering Award),SCIENTIFIC AND TECHNICAL AWARD (Scientific and Engineering Award),,,,
70,1997,1990,SciTech,False,SCIENTIFIC AND TECHNICAL AWARD (Scientific and Engineering Award),SCIENTIFIC AND TECHNICAL AWARD (Scientific and Engineering Award),,,,
70,1997,1990,SciTech,False,SCIENTIFIC AND TECHNICAL AWARD (Scientific and Engineering Award),SCIENTIFIC AND TECHNICAL AWARD (Scientific and Engineering Award),,,,
70,1997,1990,SciTech,False,SCIENTIFIC AND TECHNICAL AWARD (Scientific and Engineering Award),SCIENTIFIC AND TECHNICAL AWARD (Scientific and Engineering Award),,,,
70,1997,1990,SciTech,False,SCIENTIFIC AND TECHNICAL AWARD (Technical Achievement Award),SCIENTIFIC AND TECHNICAL AWARD (Technical Achievement Award),,,,
70,1997,1990,SciTech,False,SCIENTIFIC AND TECHNICAL AWARD (Technical Achievement Award),SCIENTIFIC AND TECHNICAL AWARD (Technical Achievement Award),,,,
70,1997,1990,SciTech,False,SCIENTIFIC AND TECHNICAL AWARD (Technical Achievement Award),SCIENTIFIC AND TECHNICAL AWARD (Technical Achievement Award),,,,
70,1997,1990,SciTech,False,SCIENTIFIC AND TECHNICAL AWARD (Technical Achievement Award),SCIENTIFIC AND TECHNICAL AWARD (Technical Achievement Award),,,,
70,1997,1990,SciTech,False,SCIENTIFIC AND TECHNICAL AWARD (Technical Achievement Award),SCIENTIFIC AND TECHNICAL AWARD (Technical Achievement Award),,,,
70,1997,1990,SciTech,False,SCIENTIFIC AND TECHNICAL AWARD (Technical Achievement Award),SCIENTIFIC AND TECHNICAL AWARD (Technical Achievement Award),,,,
70,1997,1990,SciTech,False,SCIENTIFIC AND TECHNICAL AWARD (Technical Achievement Award),SCIENTIFIC AND TECHNICAL AWARD (Technical Achievement Award),,,,
70,1997,1990,SciTech,False,SCIENTIFIC AND TECHNICAL AWARD (Technical Achievement Award),SCIENTIFIC AND TECHNICAL AWARD (Technical Achievement Award),,,,
70,1997,1990,SciTech,False,SCIENTIFIC AND TECHNICAL AWARD (Technical Achievement Award),SCIENTIFIC AND TECHNICAL AWARD (Technical Achievement Award),,,,
70,1997,1990,SciTech,False,SCIENTIFIC AND TECHNICAL AWARD (Technical Achievement Award),SCIENTIFIC AND TECHNICAL AWARD (Technical Achievement Award),,,,
70,1997,1990,Special,False,GORDON E. SAWYER AWARD,GORDON E. SAWYER AWARD,,,,
70,1997,1990,Special,False,HONORARY AWARD,HONORARY AWARD,,,,
70,1997,1990,Special,False,JOHN A. BONNER MEDAL OF COMMENDATION,JOHN A. BONNER MEDAL OF COMMENDATION,,,,
70,1997,1990,Title,True,BEST PICTURE,BEST PICTURE,Titanic,"James Cameron and Jon Landau, Producers",tt0120338,Drama
70,1997,1990,Title,True,DOCUMENTARY (Feature),DOCUMENTARY (Feature),The Long Way Home,"Rabbi Marvin Hier, Richard Trank",tt0119561,
70,1997,1990,Title,True,DOCUMENTARY (Short Subject),DOCUMENTARY (Short Subject),A Story of Healing,"Donna Dewey, Carol Pasternak",tt0141858,
70,1997,1990,Title,True,INTERNATIONAL FEATURE FILM,FOREIGN LANGUAGE FILM,Character,The Netherlands,tt0119448,
70,1997,1990,Title,True,SHORT FILM (Animated),SHORT FILM (Animated),Geri's Game,Jan Pinkava,tt0131409,
70,1997,1990,Title,True,SHORT FILM (Live Action),SHORT FILM (Live Action),Visas and Virtue,"Chris Tashima, Chris Donahue",tt0141963,
70,1997,1990,Writing,True,WRITING (Adapted Screenplay),WRITING (Screenplay Based on Material Previously Produced or Published),L.A. Confidential,"Brian Helgeland, Curtis Hanson",tt0119488,Crime
70,1997,1990,Writing,True,WRITING (Original Screenplay),WRITING (Screenplay Written Directly for the Screen),Good Will Hunting,"Ben Affleck, Matt Damon",tt0119217,Drama
71,1998,1990,Acting,True,ACTOR IN A LEADING ROLE,ACTOR IN A LEADING ROLE,Life Is Beautiful,Roberto Benigni,tt0118799,Comedy
71,1998,1990,Acting,True,ACTOR IN A SUPPORTING ROLE,ACTOR IN A SUPPORTING ROLE,Affliction,James Coburn,tt0118564,Crime
71,1998,1990,Acting,True,ACTRESS IN A LEADING ROLE,ACTRESS IN A LEADING ROLE,Shakespeare in Love,Gwyneth Paltrow,tt0138097,Romance
71,1998,1990,Acting,True,ACTRESS IN A SUPPORTING ROLE,ACTRESS IN A SUPPORTING ROLE,Shakespeare in Love,Judi Dench,tt0138097,Romance
71,1998,1990,Directing,True,DIRECTING,DIRECTING,Saving Private Ryan,Steven Spielberg,tt0120815,War
71,1998,1990,Music,True,MUSIC (Original Score),MUSIC (Original Dramatic Score),Life Is Beautiful,Nicola Piovani,tt0118799,Comedy
71,1998,1990,Music,True,MUSIC (Original Song Score or Adaptation Score),MUSIC (Original Musical or Comedy Score),Shakespeare in Love,Stephen Warbeck,tt0138097,Romance
71,1998,1990,Music,True,MUSIC (Original Song),MUSIC (Original Song),The Prince of Egypt,Music and Lyric by Stephen Schwartz,tt0120794,
71,1998,1990,Production,True,ART DIRECTION,ART DIRECTION,Shakespeare in Love,Art Direction: Martin Childs; Set Decoration: Jill Quertier,tt0138097,Romance
71,1998,1990,Production,True,CINEMATOGRAPHY,CINEMATOGRAPHY,Saving Private Ryan,Janusz Kaminski,tt0120815,War
71,1998,1990,Production,True,COSTUME DESIGN,COSTUME DESIGN,Shakespeare in Love,Sandy Powell,tt0138097,Romance
71,1998,1990,Production,True,FILM EDITING,FILM EDITING,Saving Private Ryan,Michael Kahn,tt0120815,War
71,1998,1990,Production,True,MAKEUP AND HAIRSTYLING,MAKEUP,Elizabeth,Jenny Shircore,tt0127536,
71,1998,1990,Production,True,SOUND EDITING,SOUND EFFECTS EDITING,Saving Private Ryan,"Gary Rydstrom, Richard Hymns",tt0120815,War
71,1998,1990,Production,True,SOUND MIXING,SOUND,Saving Private Ryan,"Gary Rydstrom, Gary Summers, Andy Nelson, Ronald Judkins",tt0120815,War
71,1998,1990,Production,True,VISUAL EFFECTS,VISUAL EFFECTS,What Dreams May Come,"Joel Hynek, Nicholas Brooks, Stuart Robertson, Kevin Mack",tt0120889,
71,1998,1990,SciTech,False,SCIENTIFIC AND TECHNICAL AWARD (Academy Award of Merit),SCIENTIFIC AND TECHNICAL AWARD (Academy Award of Merit),,,,
71,1998,1990,SciTech,False,SCIENTIFIC AND TECHNICAL AWARD (Scientific and Engineering Award),SCIENTIFIC AND TECHNICAL AWARD (Scientific and Engineering Award),,,,
71,1998,1990,SciTech,False,SCIENTIFIC AND TECHNICAL AWARD (Scientific and Engineering Award),SCIENTIFIC AND TECHNICAL AWARD (Scientific and Engineering Award),,,,
71,1998,1990,SciTech,False,SCIENTIFIC AND TECHNICAL AWARD (Scientific and Engineering Award),SCIENTIFIC AND TECHNICAL AWARD (Scientific and Engineering Award),,,,
71,1998,1990,SciTech,False,SCIENTIFIC AND TECHNICAL AWARD (Scientific and Engineering Award),SCIENTIFIC AND TECHNICAL AWARD (Scientific and Engineering Award),,,,
71,1998,1990,SciTech,False,SCIENTIFIC AND TECHNICAL AWARD (Scientific and Engineering Award),SCIENTIFIC AND TECHNICAL AWARD (Scientific and Engineering Award),,,,
71,1998,1990,SciTech,False,SCIENTIFIC AND TECHNICAL AWARD (Scientific and Engineering Award),SCIENTIFIC AND TECHNICAL AWARD (Scientific and Engineering Award),,,,
71,1998,1990,SciTech,False,SCIENTIFIC AND TECHNICAL AWARD (Scientific and Engineering Award),SCIENTIFIC AND TECHNICAL AWARD (Scientific and Engineering Award),,,,
71,1998,1990,SciTech,False,SCIENTIFIC AND TECHNICAL AWARD (Scientific and Engineering Award),SCIENTIFIC AND TECHNICAL AWARD (Scientific and Engineering Award),,,,
71,1998,1990,SciTech,False,SCIENTIFIC AND TECHNICAL AWARD (Scientific and Engineering Award),SCIENTIFIC AND TECHNICAL AWARD (Scientific and Engineering Award),,,,
71,1998,1990,SciTech,False,SCIENTIFIC AND TECHNICAL AWARD (Scientific and Engineering Award),SCIENTIFIC AND TECHNICAL AWARD (Scientific and Engineering Award),,,,
71,1998,1990,SciTech,False,SCIENTIFIC AND TECHNICAL AWARD (Scientific and Engineering Award),SCIENTIFIC AND TECHNICAL AWARD (Scientific and Engineering Award),,,,
71,1998,1990,SciTech,False,SCIENTIFIC AND TECHNICAL AWARD (Scientific and Engineering Award),SCIENTIFIC AND TECHNICAL AWARD (Scientific and Engineering Award),,,,
71,1998,1990,SciTech,False,SCIENTIFIC AND TECHNICAL AWARD (Scientific and Engineering Award),SCIENTIFIC AND TECHNICAL AWARD (Scientific and Engineering Award),,,,
71,1998,1990,SciTech,False,SCIENTIFIC AND TECHNICAL AWARD (Scientific and Engineering Award),SCIENTIFIC AND TECHNICAL AWARD (Scientific and Engineering Award),,,,
71,1998,1990,SciTech,False,SCIENTIFIC AND TECHNICAL AWARD (Technical Achievement Award),SCIENTIFIC AND TECHNICAL AWARD (Technical Achievement Award),,,,
71,1998,1990,SciTech,False,SCIENTIFIC AND TECHNICAL AWARD (Technical Achievement Award),SCIENTIFIC AND TECHNICAL AWARD (Technical Achievement Award),,,,
71,1998,1990,SciTech,False,SCIENTIFIC AND TECHNICAL AWARD (Technical Achievement Award),SCIENTIFIC AND TECHNICAL AWARD (Technical Achievement Award),,,,
71,1998,1990,SciTech,False,SCIENTIFIC AND TECHNICAL AWARD (Technical Achievement Award),SCIENTIFIC AND TECHNICAL AWARD (Technical Achievement Award),,,,
71,1998,1990,SciTech,False,SCIENTIFIC AND TECHNICAL AWARD (Technical Achievement Award),SCIENTIFIC AND TECHNICAL AWARD (Technical Achievement Award),,,,
71,1998,1990,SciTech,False,SCIENTIFIC AND TECHNICAL AWARD (Technical Achievement Award),SCIENTIFIC AND TECHNICAL AWARD (Technical Achievement Award),,,,
71,1998,1990,SciTech,False,SCIENTIFIC AND TECHNICAL AWARD (Technical Achievement Award),SCIENTIFIC AND TECHNICAL AWARD (Technical Achievement Award),,,,
71,1998,1990,SciTech,False,SCIENTIFIC AND TECHNICAL AWARD (Technical Achievement Award),SCIENTIFIC AND TECHNICAL AWARD (Technical Achievement Award),,,,
71,1998,1990,SciTech,False,SCIENTIFIC AND TECHNICAL AWARD (Technical Achievement Award),SCIENTIFIC AND TECHNICAL AWARD (Technical Achievement Award),,,,
71,1998,1990,SciTech,False,SCIENTIFIC AND TECHNICAL AWARD (Technical Achievement Award),SCIENTIFIC AND TECHNICAL AWARD (Technical Achievement Award),,,,
71,1998,1990,SciTech,False,SCIENTIFIC AND TECHNICAL AWARD (Technical Achievement Award),SCIENTIFIC AND TECHNICAL AWARD (Technical Achievement Award),,,,
71,1998,1990,SciTech,False,SCIENTIFIC AND TECHNICAL AWARD (Technical Achievement Award),SCIENTIFIC AND TECHNICAL AWARD (Technical Achievement Award),,,,
71,1998,1990,SciTech,False,SCIENTIFIC AND TECHNICAL AWARD (Technical Achievement Award),SCIENTIFIC AND TECHNICAL AWARD (Technical Achievement Award),,,,
71,1998,1990,SciTech,False,SCIENTIFIC AND TECHNICAL AWARD (Technical Achievement Award),SCIENTIFIC AND TECHNICAL AWARD (Technical Achievement Award),,,,
71,1998,1990,SciTech,False,SCIENTIFIC AND TECHNICAL AWARD (Technical Achievement Award),SCIENTIFIC AND TECHNICAL AWARD (Technical Achievement Award),,,,
71,1998,1990,SciTech,False,SCIENTIFIC AND TECHNICAL AWARD (Technical Achievement Award),SCIENTIFIC AND TECHNICAL AWARD (Technical Achievement Award),,,,
71,1998,1990,SciTech,False,SCIENTIFIC AND TECHNICAL AWARD (Technical Achievement Award),SCIENTIFIC AND TECHNICAL AWARD (Technical Achievement Award),,,,
71,1998,1990,SciTech,False,SCIENTIFIC AND TECHNICAL AWARD (Technical Achievement Award),SCIENTIFIC AND TECHNICAL AWARD (Technical Achievement Award),,,,
71,1998,1990,SciTech,False,SCIENTIFIC AND TECHNICAL AWARD (Technical Achievement Award),SCIENTIFIC AND TECHNICAL AWARD (Technical Achievement Award),,,,
71,1998,1990,SciTech,False,SCIENTIFIC AND TECHNICAL AWARD (Technical Achievement Award),SCIENTIFIC AND TECHNICAL AWARD (Technical Achievement Award),,,,
71,1998,1990,Special,False,HONORARY AWARD,HONORARY AWARD,,,,
71,1998,1990,Special,False,IRVING G. THALBERG MEMORIAL AWARD,IRVING G. THALBERG MEMORIAL AWARD,,Norman Jewison,,
71,1998,1990,Special,False,JOHN A. BONNER MEDAL OF COMMENDATION,JOHN A. BONNER MEDAL OF COMMENDATION,,,,
71,1998,1990,Title,True,BEST PICTURE,BEST PICTURE,Shakespeare in Love,"David Parfitt, Donna Gigliotti, Harvey Weinstein, Edward Zwick and Marc Norman, Producers",tt0138097,Romance
71,1998,1990,Title,True,DOCUMENTARY (Feature),DOCUMENTARY (Feature),The Last Days,"James Moll, Ken Lipper",tt0174852,
71,1998,1990,Title,True,DOCUMENTARY (Short Subject),DOCUMENTARY (Short Subject),The Personals: Improvisations on Romance in the Golden Years,Keiko Ibi,tt0176018,
71,1998,1990,Title,True,INTERNATIONAL FEATURE FILM,FOREIGN LANGUAGE FILM,Life Is Beautiful,Italy,tt0118799,Comedy
71,1998,1990,Title,True,SHORT FILM (Animated),SHORT FILM (Animated),Bunny,Chris Wedge,tt0179011,
71,1998,1990,Title,True,SHORT FILM (Live Action),SHORT FILM (Live Action),Election Night (Valgaften),"Kim Magnusson, Anders Thomas Jensen",tt0189179,
71,1998,1990,Writing,True,WRITING (Adapted Screenplay),WRITING (Screenplay Based on Material Previously Produced or Published),Gods and Monsters,Bill Condon,tt0120684,Drama
71,1998,1990,Writing,True,WRITING (Original Screenplay),WRITING (Screenplay Written Directly for the Screen),Shakespeare in Love,"Marc Norman, Tom Stoppard",tt0138097,Romance
72,1999,1990,Acting,True,ACTOR IN A LEADING ROLE,ACTOR IN A LEADING ROLE,American Beauty,Kevin Spacey,tt0169547,Drama
72,1999,1990,Acting,True,ACTOR IN A SUPPORTING ROLE,ACTOR IN A SUPPORTING ROLE,The Cider House Rules,Michael Caine,tt0124315,Drama
72,1999,1990,Acting,True,ACTRESS IN A LEADING ROLE,ACTRESS IN A LEADING ROLE,Boys Don't Cry,Hilary Swank,tt0171804,Crime
72,1999,1990,Acting,True,ACTRESS IN A SUPPORTING ROLE,ACTRESS IN A SUPPORTING ROLE,"Girl, Interrupted",Angelina Jolie,tt0172493,Drama
72,1999,1990,Directing,True,DIRECTING,DIRECTING,American Beauty,Sam Mendes,tt0169547,Drama
72,1999,1990,Music,True,MUSIC (Original Score),MUSIC (Original Score),The Red Violin,John Corigliano,tt0120802,
72,1999,1990,Music,True,MUSIC (Original Song),MUSIC (Original Song),Tarzan,Music and Lyric by Phil Collins,tt0120855,
72,1999,1990,Production,True,ART DIRECTION,ART DIRECTION,Sleepy Hollow,Art Direction: Rick Heinrichs; Set Decoration: Peter Young,tt0162661,
72,1999,1990,Production,True,CINEMATOGRAPHY,CINEMATOGRAPHY,American Beauty,Conrad L. Hall,tt0169547,Drama
72,1999,1990,Production,True,COSTUME DESIGN,COSTUME DESIGN,Topsy-Turvy,Lindy Hemming,tt0151568,
72,1999,1990,Production,True,FILM EDITING,FILM EDITING,The Matrix,Zach Staenberg,tt0133093,
72,1999,1990,Production,True,MAKEUP AND HAIRSTYLING,MAKEUP,Topsy-Turvy,"Christine Blundell, Trefor Proud",tt0151568,
72,1999,1990,Production,True,SOUND EDITING,SOUND EFFECTS EDITING,The Matrix,Dane A. Davis,tt0133093,
72,1999,1990,Production,True,SOUND MIXING,SOUND,The Matrix,"John Reitz, Gregg Rudloff, David Campbell, David Lee",tt0133093,
72,1999,1990,Production,True,VISUAL EFFECTS,VISUAL EFFECTS,The Matrix,"John Gaeta, Janek Sirrs, Steve Courtley, Jon Thum",tt0133093,
72,1999,1990,SciTech,False,SCIENTIFIC AND TECHNICAL AWARD (Scientific and Engineering Award),SCIENTIFIC AND TECHNICAL AWARD (Scientific and Engineering Award),,,,
72,1999,1990,SciTech,False,SCIENTIFIC AND TECHNICAL AWARD (Scientific and Engineering Award),SCIENTIFIC AND TECHNICAL AWARD (Scientific and Engineering Award),,,,
72,1999,1990,SciTech,False,SCIENTIFIC AND TECHNICAL AWARD (Scientific and Engineering Award),SCIENTIFIC AND TECHNICAL AWARD (Scientific and Engineering Award),,,,
72,1999,1990,SciTech,False,SCIENTIFIC AND TECHNICAL AWARD (Scientific and Engineering Award),SCIENTIFIC AND TECHNICAL AWARD (Scientific and Engineering Award),,,,
72,1999,1990,SciTech,False,SCIENTIFIC AND TECHNICAL AWARD (Scientific and Engineering Award),SCIENTIFIC AND TECHNICAL AWARD (Scientific and Engineering Award),,,,
72,1999,1990,SciTech,False,SCIENTIFIC AND TECHNICAL AWARD (Scientific and Engineering Award),SCIENTIFIC AND TECHNICAL AWARD (Scientific and Engineering Award),,,,
72,1999,1990,SciTech,False,SCIENTIFIC AND TECHNICAL AWARD (Scientific and Engineering Award),SCIENTIFIC AND TECHNICAL AWARD (Scientific and Engineering Award),,,,
72,1999,1990,SciTech,False,SCIENTIFIC AND TECHNICAL AWARD (Scientific and Engineering Award),SCIENTIFIC AND TECHNICAL AWARD (Scientific and Engineering Award),,,,
72,1999,1990,SciTech,False,SCIENTIFIC AND TECHNICAL AWARD (Technical Achievement Award),SCIENTIFIC AND TECHNICAL AWARD (Technical Achievement Award),,,,
72,1999,1990,SciTech,False,SCIENTIFIC AND TECHNICAL AWARD (Technical Achievement Award),SCIENTIFIC AND TECHNICAL AWARD (Technical Achievement Award),,,,
72,1999,1990,SciTech,False,SCIENTIFIC AND TECHNICAL AWARD (Technical Achievement Award),SCIENTIFIC AND TECHNICAL AWARD (Technical Achievement Award),,,,
72,1999,1990,SciTech,False,SCIENTIFIC AND TECHNICAL AWARD (Technical Achievement Award),SCIENTIFIC AND TECHNICAL AWARD (Technical Achievement Award),,,,
72,1999,1990,Special,False,AWARD OF COMMENDATION,AWARD OF COMMENDATION,,,,
72,1999,1990,Special,False,GORDON E. SAWYER AWARD,GORDON E. SAWYER AWARD,,,,
72,1999,1990,Special,False,HONORARY AWARD,HONORARY AWARD,,,,
72,1999,1990,Special,False,IRVING G. THALBERG MEMORIAL AWARD,IRVING G. THALBERG MEMORIAL AWARD,,Warren Beatty,,
72,1999,1990,Special,False,JOHN A. BONNER MEDAL OF COMMENDATION,JOHN A. BONNER MEDAL OF COMMENDATION,,,,
72,1999,1990,Special,False,JOHN A. BONNER MEDAL OF COMMENDATION,JOHN A. BONNER MEDAL OF COMMENDATION,,,,
72,1999,1990,Title,True,BEST PICTURE,BEST PICTURE,American Beauty,"Bruce Cohen and Dan Jinks, Producers",tt0169547,Drama
72,1999,1990,Title,True,DOCUMENTARY (Feature),DOCUMENTARY (Feature),One Day in September,"Arthur Cohn, Kevin Macdonald",tt0230591,
72,1999,1990,Title,True,DOCUMENTARY (Short Subject),DOCUMENTARY (Short Subject),King Gimp,"Susan Hannah Hadary, William A. Whiteford",tt0239528,
72,1999,1990,Title,True,INTERNATIONAL FEATURE FILM,FOREIGN LANGUAGE FILM,All about My Mother,Spain,tt0185125,
72,1999,1990,Title,True,SHORT FILM (Animated),SHORT FILM (Animated),The Old Man and the Sea,Alexander Petrov,tt0207639,
72,1999,1990,Title,True,SHORT FILM (Live Action),SHORT FILM (Live Action),My Mother Dreams the Satan's Disciples in New York,"Barbara Schock, Tammy Tiehel",tt0177023,
72,1999,1990,Writing,True,WRITING (Adapted Screenplay),WRITING (Screenplay Based on Material Previously Produced or Published),The Cider House Rules,John Irving,tt0124315,Drama
72,1999,1990,Writing,True,WRITING (Original Screenplay),WRITING (Screenplay Written Directly for the Screen),American Beauty,Alan Ball,tt0169547,Drama
73,2000,2000,Acting,True,ACTOR IN A LEADING ROLE,ACTOR IN A LEADING ROLE,Gladiator,Russell Crowe,tt0172495,Action
73,2000,2000,Acting,True,ACTOR IN A SUPPORTING ROLE,ACTOR IN A SUPPORTING ROLE,Traffic,Benicio Del Toro,tt0181865,Thriller
73,2000,2000,Acting,True,ACTRESS IN A LEADING ROLE,ACTRESS IN A LEADING ROLE,Erin Brockovich,Julia Roberts,tt0195685,Drama
73,2000,2000,Acting,True,ACTRESS IN A SUPPORTING ROLE,ACTRESS IN A SUPPORTING ROLE,Pollock,Marcia Gay Harden,tt0183659,Drama
73,2000,2000,Directing,True,DIRECTING,DIRECTING,Traffic,Steven Soderbergh,tt0181865,Thriller
73,2000,2000,Music,True,MUSIC (Original Score),MUSIC (Original Score),"Crouching Tiger, Hidden Dragon",Tan Dun,tt0190332,
73,2000,2000,Music,True,MUSIC (Original Song),MUSIC (Original Song),Wonder Boys,Music and Lyric by Bob Dylan,tt0185014,
73,2000,2000,Production,True,ART DIRECTION,ART DIRECTION,"Crouching Tiger, Hidden Dragon",Tim Yip,tt0190332,
73,2000,2000,Production,True,CINEMATOGRAPHY,CINEMATOGRAPHY,"Crouching Tiger, Hidden Dragon",Peter Pau,tt0190332,
73,2000,2000,Production,True,COSTUME DESIGN,COSTUME DESIGN,Gladiator,Janty Yates,tt0172495,Action
73,2000,2000,Production,True,FILM EDITING,FILM EDITING,Traffic,Stephen Mirrione,tt0181865,Thriller
73,2000,2000,Production,True,MAKEUP AND HAIRSTYLING,MAKEUP,Dr. Seuss' How the Grinch Stole Christmas,"Rick Baker, Gail Ryan",tt0170016,
73,2000,2000,Production,True,SOUND EDITING,SOUND EDITING,U-571,Jon Johnson,tt0141926,
73,2000,2000,Production,True,SOUND MIXING,SOUND,Gladiator,"Scott Millan, Bob Beemer, Ken Weston",tt0172495,Action
73,2000,2000,Production,True,VISUAL EFFECTS,VISUAL EFFECTS,Gladiator,"John Nelson, Neil Corbould, Tim Burke, Rob Harvey",tt0172495,Action
73,2000,2000,SciTech,False,SCIENTIFIC AND TECHNICAL AWARD (Academy Award of Merit),SCIENTIFIC AND TECHNICAL AWARD (Academy Award of Merit),,,,
73,2000,2000,SciTech,False,SCIENTIFIC AND TECHNICAL AWARD (Scientific and Engineering Award),SCIENTIFIC AND TECHNICAL AWARD (Scientific and Engineering Award),,,,
73,2000,2000,SciTech,False,SCIENTIFIC AND TECHNICAL AWARD (Scientific and Engineering Award),SCIENTIFIC AND TECHNICAL AWARD (Scientific and Engineering Award),,,,
73,2000,2000,SciTech,False,SCIENTIFIC AND TECHNICAL AWARD (Scientific and Engineering Award),SCIENTIFIC AND TECHNICAL AWARD (Scientific and Engineering Award),,,,
73,2000,2000,SciTech,False,SCIENTIFIC AND TECHNICAL AWARD (Scientific and Engineering Award),SCIENTIFIC AND TECHNICAL AWARD (Scientific and Engineering Award),,,,
73,2000,2000,SciTech,False,SCIENTIFIC AND TECHNICAL AWARD (Scientific and Engineering Award),SCIENTIFIC AND TECHNICAL AWARD (Scientific and Engineering Award),,,,
73,2000,2000,SciTech,False,SCIENTIFIC AND TECHNICAL AWARD (Scientific and Engineering Award),SCIENTIFIC AND TECHNICAL AWARD (Scientific and Engineering Award),,,,
73,2000,2000,SciTech,False,SCIENTIFIC AND TECHNICAL AWARD (Scientific and Engineering Award),SCIENTIFIC AND TECHNICAL AWARD (Scientific and Engineering Award),,,,
73,2000,2000,SciTech,False,SCIENTIFIC AND TECHNICAL AWARD (Technical Achievement Award),SCIENTIFIC AND TECHNICAL AWARD (Technical Achievement Award),,,,
73,2000,2000,SciTech,False,SCIENTIFIC AND TECHNICAL AWARD (Technical Achievement Award),SCIENTIFIC AND TECHNICAL AWARD (Technical Achievement Award),,,,
73,2000,2000,SciTech,False,SCIENTIFIC AND TECHNICAL AWARD (Technical Achievement Award),SCIENTIFIC AND TECHNICAL AWARD (Technical Achievement Award),,,,
73,2000,2000,SciTech,False,SCIENTIFIC AND TECHNICAL AWARD (Technical Achievement Award),SCIENTIFIC AND TECHNICAL AWARD (Technical Achievement Award),,,,
73,2000,2000,SciTech,False,SCIENTIFIC AND TECHNICAL AWARD (Technical Achievement Award),SCIENTIFIC AND TECHNICAL AWARD (Technical Achievement Award),,,,
73,2000,2000,SciTech,False,SCIENTIFIC AND TECHNICAL AWARD (Technical Achievement Award),SCIENTIFIC AND TECHNICAL AWARD (Technical Achievement Award),,,,
73,2000,2000,SciTech,False,SCIENTIFIC AND TECHNICAL AWARD (Technical Achievement Award),SCIENTIFIC AND TECHNICAL AWARD (Technical Achievement Award),,,,
73,2000,2000,SciTech,False,SCIENTIFIC AND TECHNICAL AWARD (Technical Achievement Award),SCIENTIFIC AND TECHNICAL AWARD (Technical Achievement Award),,,,
73,2000,2000,SciTech,False,SCIENTIFIC AND TECHNICAL AWARD (Technical Achievement Award),SCIENTIFIC AND TECHNICAL AWARD (Technical Achievement Award),,,,
73,2000,2000,Special,False,AWARD OF COMMENDATION,AWARD OF COMMENDATION,,,,
73,2000,2000,Special,False,GORDON E. SAWYER AWARD,GORDON E. SAWYER AWARD,,,,
73,2000,2000,Special,False,HONORARY AWARD,HONORARY AWARD,,,,
73,2000,2000,Special,False,HONORARY AWARD,HONORARY AWARD,,,,
73,2000,2000,Special,False,IRVING G. THALBERG MEMORIAL AWARD,IRVING G. THALBERG MEMORIAL AWARD,,Dino De Laurentiis,,
73,2000,2000,Special,False,JOHN A. BONNER MEDAL OF COMMENDATION,JOHN A. BONNER MEDAL OF COMMENDATION,,,,
73,2000,2000,Title,True,BEST PICTURE,BEST PICTURE,Gladiator,"Douglas Wick, David Franzoni and Branko Lustig, Producers",tt0172495,Action
73,2000,2000,Title,True,DOCUMENTARY (Feature),DOCUMENTARY (Feature),Into the Arms of Strangers: Stories of the Kindertransport,"Mark Jonathan Harris, Deborah Oppenheimer",tt0248912,
73,2000,2000,Title,True,DOCUMENTARY (Short Subject),DOCUMENTARY (Short Subject),Big Mama,Tracy Seretean,tt0280353,
73,2000,2000,Title,True,INTERNATIONAL FEATURE FILM,FOREIGN LANGUAGE FILM,"Crouching Tiger, Hidden Dragon",Taiwan,tt0190332,
73,2000,2000,Title,True,SHORT FILM (Animated),SHORT FILM (Animated),Father and Daughter,Michael Dudok de Wit,tt0279079,
73,2000,2000,Title,True,SHORT FILM (Live Action),SHORT FILM (Live Action),Quiero Ser (I want to be...),Florian Gallenberger,tt0216131,
73,2000,2000,Writing,True,WRITING (Adapted Screenplay),WRITING (Screenplay Based on Material Previously Produced or Published),Traffic,Screenplay by Stephen Gaghan,tt0181865,Thriller
73,2000,2000,Writing,True,WRITING (Original Screenplay),WRITING (Screenplay Written Directly for the Screen),Almost Famous,Written by Cameron Crowe,tt0181875,Drama
74,2001,2000,Acting,True,ACTOR IN A LEADING ROLE,ACTOR IN A LEADING ROLE,Training Day,Denzel Washington,tt0139654,Action
74,2001,2000,Acting,True,ACTOR IN A SUPPORTING ROLE,ACTOR IN A SUPPORTING ROLE,Iris,Jim Broadbent,tt0280778,Drama
74,2001,2000,Acting,True,ACTRESS IN A LEADING ROLE,ACTRESS IN A LEADING ROLE,Monster's Ball,Halle Berry,tt0285742,Drama
74,2001,2000,Acting,True,ACTRESS IN A SUPPORTING ROLE,ACTRESS IN A SUPPORTING ROLE,A Beautiful Mind,Jennifer Connelly,tt0268978,Drama
74,2001,2000,Directing,True,DIRECTING,DIRECTING,A Beautiful Mind,Ron Howard,tt0268978,Drama
74,2001,2000,Music,True,MUSIC (Original Score),MUSIC (Original Score),The Lord of the Rings: The Fellowship of the Ring,Howard Shore,tt0120737,
74,2001,2000,Music,True,MUSIC (Original Song),MUSIC (Original Song),"Monsters, Inc.",Music and Lyric by Randy Newman,tt0198781,
74,2001,2000,Production,True,ART DIRECTION,ART DIRECTION,Moulin Rouge,Art Direction: Catherine Martin; Set Decoration: Brigitte Broch,tt0203009,
74,2001,2000,Production,True,CINEMATOGRAPHY,CINEMATOGRAPHY,The Lord of the Rings: The Fellowship of the Ring,Andrew Lesnie,tt0120737,
74,2001,2000,Production,True,COSTUME DESIGN,COSTUME DESIGN,Moulin Rouge,"Catherine Martin, Angus Strathie",tt0203009,
74,2001,2000,Production,True,FILM EDITING,FILM EDITING,Black Hawk Down,Pietro Scalia,tt0265086,
74,2001,2000,Production,True,MAKEUP AND HAIRSTYLING,MAKEUP,The Lord of the Rings: The Fellowship of the Ring,"Peter Owen, Richard Taylor",tt0120737,
74,2001,2000,Production,True,SOUND EDITING,SOUND EDITING,Pearl Harbor,"George Watters II, Christopher Boyes",tt0213149,
74,2001,2000,Production,True,SOUND MIXING,SOUND,Black Hawk Down,"Michael Minkler, Myron Nettinga, Chris Munro",tt0265086,
74,2001,2000,Production,True,VISUAL EFFECTS,VISUAL EFFECTS,The Lord of the Rings: The Fellowship of the Ring,"Jim Rygiel, Randall William Cook, Richard Taylor, Mark Stetson",tt0120737,
74,2001,2000,SciTech,False,SCIENTIFIC AND TECHNICAL AWARD (Scientific and Engineering Award),SCIENTIFIC AND TECHNICAL AWARD (Scientific and Engineering Award),,,,
74,2001,2000,SciTech,False,SCIENTIFIC AND TECHNICAL AWARD (Scientific and Engineering Award),SCIENTIFIC AND TECHNICAL AWARD (Scientific and Engineering Award),,,,
74,2001,2000,SciTech,False,SCIENTIFIC AND TECHNICAL AWARD (Scientific and Engineering Award),SCIENTIFIC AND TECHNICAL AWARD (Scientific and Engineering Award),,,,
74,2001,2000,SciTech,False,SCIENTIFIC AND TECHNICAL AWARD (Scientific and Engineering Award),SCIENTIFIC AND TECHNICAL AWARD (Scientific and Engineering Award),,,,
74,2001,2000,SciTech,False,SCIENTIFIC AND TECHNICAL AWARD (Scientific and Engineering Award),SCIENTIFIC AND TECHNICAL AWARD (Scientific and Engineering Award),,,,
74,2001,2000,SciTech,False,SCIENTIFIC AND TECHNICAL AWARD (Scientific and Engineering Award),SCIENTIFIC AND TECHNICAL AWARD (Scientific and Engineering Award),,,,
74,2001,2000,SciTech,False,SCIENTIFIC AND TECHNICAL AWARD (Scientific and Engineering Award),SCIENTIFIC AND TECHNICAL AWARD (Scientific and Engineering Award),,,,
74,2001,2000,SciTech,False,SCIENTIFIC AND TECHNICAL AWARD (Technical Achievement Award),SCIENTIFIC AND TECHNICAL AWARD (Technical Achievement Award),,,,
74,2001,2000,SciTech,False,SCIENTIFIC AND TECHNICAL AWARD (Technical Achievement Award),SCIENTIFIC AND TECHNICAL AWARD (Technical Achievement Award),,,,
74,2001,2000,SciTech,False,SCIENTIFIC AND TECHNICAL AWARD (Technical Achievement Award),SCIENTIFIC AND TECHNICAL AWARD (Technical Achievement Award),,,,
74,2001,2000,SciTech,False,SCIENTIFIC AND TECHNICAL AWARD (Technical Achievement Award),SCIENTIFIC AND TECHNICAL AWARD (Technical Achievement Award),,,,
74,2001,2000,SciTech,False,SCIENTIFIC AND TECHNICAL AWARD (Technical Achievement Award),SCIENTIFIC AND TECHNICAL AWARD (Technical Achievement Award),,,,
74,2001,2000,SciTech,False,SCIENTIFIC AND TECHNICAL AWARD (Technical Achievement Award),SCIENTIFIC AND TECHNICAL AWARD (Technical Achievement Award),,,,
74,2001,2000,SciTech,False,SCIENTIFIC AND TECHNICAL AWARD (Technical Achievement Award),SCIENTIFIC AND TECHNICAL AWARD (Technical Achievement Award),,,,
74,2001,2000,SciTech,False,SCIENTIFIC AND TECHNICAL AWARD (Technical Achievement Award),SCIENTIFIC AND TECHNICAL AWARD (Technical Achievement Award),,,,
74,2001,2000,SciTech,False,SCIENTIFIC AND TECHNICAL AWARD (Technical Achievement Award),SCIENTIFIC AND TECHNICAL AWARD (Technical Achievement Award),,,,
74,2001,2000,SciTech,False,SCIENTIFIC AND TECHNICAL AWARD (Technical Achievement Award),SCIENTIFIC AND TECHNICAL AWARD (Technical Achievement Award),,,,
74,2001,2000,SciTech,False,SCIENTIFIC AND TECHNICAL AWARD (Technical Achievement Award),SCIENTIFIC AND TECHNICAL AWARD (Technical Achievement Award),,,,
74,2001,2000,SciTech,False,SCIENTIFIC AND TECHNICAL AWARD (Technical Achievement Award),SCIENTIFIC AND TECHNICAL AWARD (Technical Achievement Award),,,,
74,2001,2000,SciTech,False,SCIENTIFIC AND TECHNICAL AWARD (Technical Achievement Award),SCIENTIFIC AND TECHNICAL AWARD (Technical Achievement Award),,,,
74,2001,2000,SciTech,False,SCIENTIFIC AND TECHNICAL AWARD (Technical Achievement Award),SCIENTIFIC AND TECHNICAL AWARD (Technical Achievement Award),,,,
74,2001,2000,Special,False,AWARD OF COMMENDATION,AWARD OF COMMENDATION,,,,
74,2001,2000,Special,False,AWARD OF COMMENDATION,AWARD OF COMMENDATION,,,,
74,2001,2000,Special,False,GORDON E. SAWYER AWARD,GORDON E. SAWYER AWARD,,,,
74,2001,2000,Special,False,HONORARY AWARD,HONORARY AWARD,,,,
74,2001,2000,Special,False,HONORARY AWARD,HONORARY AWARD,,,,
74,2001,2000,Special,False,JEAN HERSHOLT HUMANITARIAN AWARD,JEAN HERSHOLT HUMANITARIAN AWARD,,Arthur Hiller,,
74,2001,2000,Special,False,JOHN A. BONNER MEDAL OF COMMENDATION,JOHN A. BONNER MEDAL OF COMMENDATION,,,,
74,2001,2000,Title,True,ANIMATED FEATURE FILM,ANIMATED FEATURE FILM,Shrek,Aron Warner,tt0126029,
74,2001,2000,Title,True,BEST PICTURE,BEST PICTURE,A Beautiful Mind,"Brian Grazer and Ron Howard, Producers",tt0268978,Drama
74,2001,2000,Title,True,DOCUMENTARY (Feature),DOCUMENTARY (Feature),Murder on a Sunday Morning,"Jean-Xavier de Lestrade, Denis Poncet",tt0307197,
74,2001,2000,Title,True,DOCUMENTARY (Short Subject),DOCUMENTARY (Short Subject),Thoth,"Sarah Kernochan, Lynn Appelle",tt0299178,
74,2001,2000,Title,True,INTERNATIONAL FEATURE FILM,FOREIGN LANGUAGE FILM,No Man's Land,Bosnia & Herzegovina,tt0283509,
74,2001,2000,Title,True,SHORT FILM (Animated),SHORT FILM (Animated),For the Birds,Ralph Eggleston,tt0248808,
74,2001,2000,Title,True,SHORT FILM (Live Action),SHORT FILM (Live Action),the accountant,"Ray McKinnon, Lisa Blount",tt0222675,
74,2001,2000,Writing,True,WRITING (Adapted Screenplay),WRITING (Screenplay Based on Material Previously Produced or Published),A Beautiful Mind,Written by Akiva Goldsman,tt0268978,Drama
74,2001,2000,Writing,True,WRITING (Original Screenplay),WRITING (Screenplay Written Directly for the Screen),Gosford Park,Written by Julian Fellowes,tt0280707,Drama
75,2002,2000,Acting,True,ACTOR IN A LEADING ROLE,ACTOR IN A LEADING ROLE,The Pianist,Adrien Brody,tt0253474,Drama
75,2002,2000,Acting,True,ACTOR IN A SUPPORTING ROLE,ACTOR IN A SUPPORTING ROLE,Adaptation,Chris Cooper,tt0268126,Comedy
75,2002,2000,Acting,True,ACTRESS IN A LEADING ROLE,ACTRESS IN A LEADING ROLE,The Hours,Nicole Kidman,tt0274558,Drama
75,2002,2000,Acting,True,ACTRESS IN A SUPPORTING ROLE,ACTRESS IN A SUPPORTING ROLE,Chicago,Catherine Zeta-Jones,tt0299658,Comedy
75,2002,2000,Directing,True,DIRECTING,DIRECTING,The Pianist,Roman Polanski,tt0253474,Drama
75,2002,2000,Music,True,MUSIC (Original Score),MUSIC (Original Score),Frida,Elliot Goldenthal,tt0120679,
75,2002,2000,Music,True,MUSIC (Original Song),MUSIC (Original Song),8 Mile,"Music by Eminem, Jeff Bass and Luis Resto; Lyric by Eminem",tt0298203,
75,2002,2000,Production,True,ART DIRECTION,ART DIRECTION,Chicago,Art Direction: John Myhre; Set Decoration: Gordon Sim,tt0299658,Comedy
75,2002,2000,Production,True,CINEMATOGRAPHY,CINEMATOGRAPHY,Road to Perdition,Conrad L. Hall,tt0257044,
75,2002,2000,Production,True,COSTUME DESIGN,COSTUME DESIGN,Chicago,Colleen Atwood,tt0299658,Comedy
75,2002,2000,Production,True,FILM EDITING,FILM EDITING,Chicago,Martin Walsh,tt0299658,Comedy
75,2002,2000,Production,True,MAKEUP AND HAIRSTYLING,MAKEUP,Frida,"John Jackson, Beatrice De Alba",tt0120679,
75,2002,2000,Production,True,SOUND EDITING,SOUND EDITING,The Lord of the Rings: The Two Towers,"Ethan Van der Ryn, Michael Hopkins",tt0167261,
75,2002,2000,Production,True,SOUND MIXING,SOUND,Chicago,"Michael Minkler, Dominick Tavella, David Lee",tt0299658,Comedy
75,2002,2000,Production,True,VISUAL EFFECTS,VISUAL EFFECTS,The Lord of the Rings: The Two Towers,"Jim Rygiel, Joe Letteri, Randall William Cook, Alex Funke",tt0167261,
75,2002,2000,SciTech,False,SCIENTIFIC AND TECHNICAL AWARD (Academy Award of Merit),SCIENTIFIC AND TECHNICAL AWARD (Academy Award of Merit),,,,
75,2002,2000,SciTech,False,SCIENTIFIC AND TECHNICAL AWARD (Academy Award of Merit),SCIENTIFIC AND TECHNICAL AWARD (Academy Award of Merit),,,,
75,2002,2000,SciTech,False,SCIENTIFIC AND TECHNICAL AWARD (Scientific and Engineering Award),SCIENTIFIC AND TECHNICAL AWARD (Scientific and Engineering Award),,,,
75,2002,2000,SciTech,False,SCIENTIFIC AND TECHNICAL AWARD (Scientific and Engineering Award),SCIENTIFIC AND TECHNICAL AWARD (Scientific and Engineering Award),,,,
75,2002,2000,SciTech,False,SCIENTIFIC AND TECHNICAL AWARD (Scientific and Engineering Award),SCIENTIFIC AND TECHNICAL AWARD (Scientific and Engineering Award),,,,
75,2002,2000,SciTech,False,SCIENTIFIC AND TECHNICAL AWARD (Scientific and Engineering Award),SCIENTIFIC AND TECHNICAL AWARD (Scientific and Engineering Award),,,,
75,2002,2000,SciTech,False,SCIENTIFIC AND TECHNICAL AWARD (Technical Achievement Award),SCIENTIFIC AND TECHNICAL AWARD (Technical Achievement Award),,,,
75,2002,2000,SciTech,False,SCIENTIFIC AND TECHNICAL AWARD (Technical Achievement Award),SCIENTIFIC AND TECHNICAL AWARD (Technical Achievement Award),,,,
75,2002,2000,SciTech,False,SCIENTIFIC AND TECHNICAL AWARD (Technical Achievement Award),SCIENTIFIC AND TECHNICAL AWARD (Technical Achievement Award),,,,
75,2002,2000,SciTech,False,SCIENTIFIC AND TECHNICAL AWARD (Technical Achievement Award),SCIENTIFIC AND TECHNICAL AWARD (Technical Achievement Award),,,,
75,2002,2000,SciTech,False,SCIENTIFIC AND TECHNICAL AWARD (Technical Achievement Award),SCIENTIFIC AND TECHNICAL AWARD (Technical Achievement Award),,,,
75,2002,2000,SciTech,False,SCIENTIFIC AND TECHNICAL AWARD (Technical Achievement Award),SCIENTIFIC AND TECHNICAL AWARD (Technical Achievement Award),,,,
75,2002,2000,Special,False,HONORARY AWARD,HONORARY AWARD,,,,
75,2002,2000,Special,False,JOHN A. BONNER MEDAL OF COMMENDATION,JOHN A. BONNER MEDAL OF COMMENDATION,,,,
75,2002,2000,Special,False,JOHN A. BONNER MEDAL OF COMMENDATION,JOHN A. BONNER MEDAL OF COMMENDATION,,,,
75,2002,2000,Title,True,ANIMATED FEATURE FILM,ANIMATED FEATURE FILM,Spirited Away,Hayao Miyazaki,tt0245429,
75,2002,2000,Title,True,BEST PICTURE,BEST PICTURE,Chicago,"Martin Richards, Producer",tt0299658,Comedy
75,2002,2000,Title,True,DOCUMENTARY (Feature),DOCUMENTARY (Feature),Bowling for Columbine,"Michael Moore, Michael Donovan",tt0310793,
75,2002,2000,Title,True,DOCUMENTARY (Short Subject),DOCUMENTARY (Short Subject),Twin Towers,"Bill Guttentag, Robert David Port",tt0344503,
75,2002,2000,Title,True,INTERNATIONAL FEATURE FILM,FOREIGN LANGUAGE FILM,Nowhere in Africa,Germany,tt0161860,
75,2002,2000,Title,True,SHORT FILM (Animated),SHORT FILM (Animated),The ChubbChubbs!,Eric Armstrong,tt0331218,
75,2002,2000,Title,True,SHORT FILM (Live Action),SHORT FILM (Live Action),This Charming Man (Der Er En Yndig Mand),"Martin Strange-Hansen, Mie Andreasen",tt0340071,
75,2002,2000,Writing,True,WRITING (Adapted Screenplay),WRITING (Adapted Screenplay),The Pianist,Screenplay by Ronald Harwood,tt0253474,Drama
75,2002,2000,Writing,True,WRITING (Original Screenplay),WRITING (Original Screenplay),Talk to Her,Written by Pedro Almodóvar,tt0287467,Drama
76,2003,2000,Acting,True,ACTOR IN A LEADING ROLE,ACTOR IN A LEADING ROLE,Mystic River,Sean Penn,tt0327056,Thriller
76,2003,2000,Acting,True,ACTOR IN A SUPPORTING ROLE,ACTOR IN A SUPPORTING ROLE,Mystic River,Tim Robbins,tt0327056,Thriller
76,2003,2000,Acting,True,ACTRESS IN A LEADING ROLE,ACTRESS IN A LEADING ROLE,Monster,Charlize Theron,tt0340855,Crime
76,2003,2000,Acting,True,ACTRESS IN A SUPPORTING ROLE,ACTRESS IN A SUPPORTING ROLE,Cold Mountain,Renée Zellweger,tt0159365,War
76,2003,2000,Directing,True,DIRECTING,DIRECTING,The Lord of the Rings: The Return of the King,Peter Jackson,tt0167260,Adventure
76,2003,2000,Music,True,MUSIC (Original Score),MUSIC (Original Score),The Lord of the Rings: The Return of the King,Howard Shore,tt0167260,Adventure
76,2003,2000,Music,True,MUSIC (Original Song),MUSIC (Original Song),The Lord of the Rings: The Return of the King,Music and Lyric by Fran Walsh and Howard Shore and Annie Lennox,tt0167260,Adventure
76,2003,2000,Production,True,ART DIRECTION,ART DIRECTION,The Lord of the Rings: The Return of the King,Art Direction: Grant Major; Set Decoration: Dan Hennah and Alan Lee,tt0167260,Adventure
76,2003,2000,Production,True,CINEMATOGRAPHY,CINEMATOGRAPHY,Master and Commander: The Far Side of the World,Russell Boyd,tt0311113,
76,2003,2000,Production,True,COSTUME DESIGN,COSTUME DESIGN,The Lord of the Rings: The Return of the King,Ngila Dickson and Richard Taylor,tt0167260,Adventure
76,2003,2000,Production,True,FILM EDITING,FILM EDITING,The Lord of the Rings: The Return of the King,Jamie Selkirk,tt0167260,Adventure
76,2003,2000,Production,True,MAKEUP AND HAIRSTYLING,MAKEUP,The Lord of the Rings: The Return of the King,Richard Taylor and Peter King,tt0167260,Adventure
76,2003,2000,Production,True,SOUND EDITING,SOUND EDITING,Master and Commander: The Far Side of the World,Richard King,tt0311113,
76,2003,2000,Production,True,SOUND MIXING,SOUND MIXING,The Lord of the Rings: The Return of the King,"Christopher Boyes, Michael Semanick, Michael Hedges and Hammond Peek",tt0167260,Adventure
76,2003,2000,Production,True,VISUAL EFFECTS,VISUAL EFFECTS,The Lord of the Rings: The Return of the King,"Jim Rygiel, Joe Letteri, Randall William Cook and Alex Funke",tt0167260,Adventure
76,2003,2000,SciTech,False,SCIENTIFIC AND TECHNICAL AWARD (Academy Award of Merit),SCIENTIFIC AND TECHNICAL AWARD (Academy Award of Merit),,,,
76,2003,2000,SciTech,False,SCIENTIFIC AND TECHNICAL AWARD (Academy Award of Merit),SCIENTIFIC AND TECHNICAL AWARD (Academy Award of Merit),,,,
76,2003,2000,SciTech,False,SCIENTIFIC AND TECHNICAL AWARD (Scientific and Engineering Award),SCIENTIFIC AND TECHNICAL AWARD (Scientific and Engineering Award),,,,
76,2003,2000,SciTech,False,SCIENTIFIC AND TECHNICAL AWARD (Scientific and Engineering Award),SCIENTIFIC AND TECHNICAL AWARD (Scientific and Engineering Award),,,,
76,2003,2000,SciTech,False,SCIENTIFIC AND TECHNICAL AWARD (Scientific and Engineering Award),SCIENTIFIC AND TECHNICAL AWARD (Scientific and Engineering Award),,,,
76,2003,2000,SciTech,False,SCIENTIFIC AND TECHNICAL AWARD (Scientific and Engineering Award),SCIENTIFIC AND TECHNICAL AWARD (Scientific and Engineering Award),,,,
76,2003,2000,SciTech,False,SCIENTIFIC AND TECHNICAL AWARD (Technical Achievement Award),SCIENTIFIC AND TECHNICAL AWARD (Technical Achievement Award),,,,
76,2003,2000,SciTech,False,SCIENTIFIC AND TECHNICAL AWARD (Technical Achievement Award),SCIENTIFIC AND TECHNICAL AWARD (Technical Achievement Award),,,,
76,2003,2000,SciTech,False,SCIENTIFIC AND TECHNICAL AWARD (Technical Achievement Award),SCIENTIFIC AND TECHNICAL AWARD (Technical Achievement Award),,,,
76,2003,2000,Special,False,GORDON E. SAWYER AWARD,GORDON E. SAWYER AWARD,,,,
76,2003,2000,Special,False,HONORARY AWARD,HONORARY AWARD,,,,
76,2003,2000,Special,False,JOHN A. BONNER MEDAL OF COMMENDATION,JOHN A. BONNER MEDAL OF COMMENDATION,,,,
76,2003,2000,Title,True,ANIMATED FEATURE FILM,ANIMATED FEATURE FILM,Finding Nemo,Andrew Stanton,tt0266543,
76,2003,2000,Title,True,BEST PICTURE,BEST PICTURE,The Lord of the Rings: The Return of the King,"Barrie M. Osborne, Peter Jackson and Fran Walsh, Producers",tt0167260,Adventure
76,2003,2000,Title,True,DOCUMENTARY (Feature),DOCUMENTARY (Feature),The Fog of War,Errol Morris and Michael Williams,tt0317910,
76,2003,2000,Title,True,DOCUMENTARY (Short Subject),DOCUMENTARY (Short Subject),Chernobyl Heart,Maryann DeLeo,tt0396959,
76,2003,2000,Title,True,INTERNATIONAL FEATURE FILM,FOREIGN LANGUAGE FILM,The Barbarian Invasions,Canada,tt0338135,
76,2003,2000,Title,True,SHORT FILM (Animated),SHORT FILM (Animated),Harvie Krumpet,Adam Elliot,tt0382734,
76,2003,2000,Title,True,SHORT FILM (Live Action),SHORT FILM (Live Action),Two Soldiers,Aaron Schneider and Andrew J. Sacks,tt0304858,
76,2003,2000,Writing,True,WRITING (Adapted Screenplay),WRITING (Adapted Screenplay),The Lord of the Rings: The Return of the King,"Screenplay by Fran Walsh, Philippa Boyens & Peter Jackson",tt0167260,Adventure
76,2003,2000,Writing,True,WRITING (Original Screenplay),WRITING (Original Screenplay),Lost in Translation,Written by Sofia Coppola,tt0335266,Drama
77,2004,2000,Acting,True,ACTOR IN A LEADING ROLE,ACTOR IN A LEADING ROLE,Ray,Jamie Foxx,tt0350258,Drama
77,2004,2000,Acting,True,ACTOR IN A SUPPORTING ROLE,ACTOR IN A SUPPORTING ROLE,Million Dollar Baby,Morgan Freeman,tt0405159,Drama
77,2004,2000,Acting,True,ACTRESS IN A LEADING ROLE,ACTRESS IN A LEADING ROLE,Million Dollar Baby,Hilary Swank,tt0405159,Drama
77,2004,2000,Acting,True,ACTRESS IN A SUPPORTING ROLE,ACTRESS IN A SUPPORTING ROLE,The Aviator,Cate Blanchett,tt0338751,Drama
77,2004,2000,Directing,True,DIRECTING,DIRECTING,Million Dollar Baby,Clint Eastwood,tt0405159,Drama
77,2004,2000,Music,True,MUSIC (Original Score),MUSIC (Original Score),Finding Neverland,Jan A.P. Kaczmarek,tt0308644,
77,2004,2000,Music,True,MUSIC (Original Song),MUSIC (Original Song),The Motorcycle Diaries,Music and Lyric by Jorge Drexler,tt0318462,
77,2004,2000,Production,True,ART DIRECTION,ART DIRECTION,The Aviator,Art Direction: Dante Ferretti; Set Decoration: Francesca Lo Schiavo,tt0338751,Drama
77,2004,2000,Production,True,CINEMATOGRAPHY,CINEMATOGRAPHY,The Aviator,Robert Richardson,tt0338751,Drama
77,2004,2000,Production,True,COSTUME DESIGN,COSTUME DESIGN,The Aviator,Sandy Powell,tt0338751,Drama
77,2004,2000,Production,True,FILM EDITING,FILM EDITING,The Aviator,Thelma Schoonmaker,tt0338751,Drama
77,2004,2000,Production,True,MAKEUP AND HAIRSTYLING,MAKEUP,Lemony Snicket's A Series of Unfortunate Events,Valli O'Reilly and Bill Corso,tt0339291,
77,2004,2000,Production,True,SOUND EDITING,SOUND EDITING,The Incredibles,Michael Silvers and Randy Thom,tt0317705,
77,2004,2000,Production,True,SOUND MIXING,SOUND MIXING,Ray,"Scott Millan, Greg Orloff, Bob Beemer and Steve Cantamessa",tt0350258,Drama
77,2004,2000,Production,True,VISUAL EFFECTS,VISUAL EFFECTS,Spider-Man 2,"John Dykstra, Scott Stokdyk, Anthony LaMolinara and John Frazier",tt0316654,
77,2004,2000,SciTech,False,SCIENTIFIC AND TECHNICAL AWARD (Academy Award of Merit),SCIENTIFIC AND TECHNICAL AWARD (Academy Award of Merit),,,,
77,2004,2000,SciTech,False,SCIENTIFIC AND TECHNICAL AWARD (Academy Award of Merit),SCIENTIFIC AND TECHNICAL AWARD (Academy Award of Merit),,,,
77,2004,2000,SciTech,False,SCIENTIFIC AND TECHNICAL AWARD (Scientific and Engineering Award),SCIENTIFIC AND TECHNICAL AWARD (Scientific and Engineering Award),,,,
77,2004,2000,SciTech,False,SCIENTIFIC AND TECHNICAL AWARD (Scientific and Engineering Award),SCIENTIFIC AND TECHNICAL AWARD (Scientific and Engineering Award),,,,
77,2004,2000,SciTech,False,SCIENTIFIC AND TECHNICAL AWARD (Technical Achievement Award),SCIENTIFIC AND TECHNICAL AWARD (Technical Achievement Award),,,,
77,2004,2000,SciTech,False,SCIENTIFIC AND TECHNICAL AWARD (Technical Achievement Award),SCIENTIFIC AND TECHNICAL AWARD (Technical Achievement Award),,,,
77,2004,2000,SciTech,False,SCIENTIFIC AND TECHNICAL AWARD (Technical Achievement Award),SCIENTIFIC AND TECHNICAL AWARD (Technical Achievement Award),,,,
77,2004,2000,SciTech,False,SCIENTIFIC AND TECHNICAL AWARD (Technical Achievement Award),SCIENTIFIC AND TECHNICAL AWARD (Technical Achievement Award),,,,
77,2004,2000,SciTech,False,SCIENTIFIC AND TECHNICAL AWARD (Technical Achievement Award),SCIENTIFIC AND TECHNICAL AWARD (Technical Achievement Award),,,,
77,2004,2000,SciTech,False,SCIENTIFIC AND TECHNICAL AWARD (Technical Achievement Award),SCIENTIFIC AND TECHNICAL AWARD (Technical Achievement Award),,,,
77,2004,2000,SciTech,False,SCIENTIFIC AND TECHNICAL AWARD (Technical Achievement Award),SCIENTIFIC AND TECHNICAL AWARD (Technical Achievement Award),,,,
77,2004,2000,SciTech,False,SCIENTIFIC AND TECHNICAL AWARD (Technical Achievement Award),SCIENTIFIC AND TECHNICAL AWARD (Technical Achievement Award),,,,
77,2004,2000,SciTech,False,SCIENTIFIC AND TECHNICAL AWARD (Technical Achievement Award),SCIENTIFIC AND TECHNICAL AWARD (Technical Achievement Award),,,,
77,2004,2000,Special,False,AWARD OF COMMENDATION,AWARD OF COMMENDATION,,,,
77,2004,2000,Special,False,GORDON E. SAWYER AWARD,GORDON E. SAWYER AWARD,,,,
77,2004,2000,Special,False,HONORARY AWARD,HONORARY AWARD,,,,
77,2004,2000,Special,False,JEAN HERSHOLT HUMANITARIAN AWARD,JEAN HERSHOLT HUMANITARIAN AWARD,,Roger Mayer,,
77,2004,2000,Title,True,ANIMATED FEATURE FILM,ANIMATED FEATURE FILM,The Incredibles,Brad Bird,tt0317705,
77,2004,2000,Title,True,BEST PICTURE,BEST PICTURE,Million Dollar Baby,"Clint Eastwood, Albert S. Ruddy and Tom Rosenberg, Producers",tt0405159,Drama
77,2004,2000,Title,True,DOCUMENTARY (Feature),DOCUMENTARY (Feature),Born into Brothels,Ross Kauffman and Zana Briski,tt0388789,
77,2004,2000,Title,True,DOCUMENTARY (Short Subject),DOCUMENTARY (Short Subject),Mighty Times: The Children's March,Robert Hudson and Bobby Houston,tt0443587,
77,2004,2000,Title,True,INTERNATIONAL FEATURE FILM,FOREIGN LANGUAGE FILM,The Sea Inside,Spain,tt0369702,
77,2004,2000,Title,True,SHORT FILM (Animated),SHORT FILM (Animated),Ryan,Chris Landreth,tt0414469,
77,2004,2000,Title,True,SHORT FILM (Live Action),SHORT FILM (Live Action),Wasp,Andrea Arnold,tt0388534,
77,2004,2000,Writing,True,WRITING (Adapted Screenplay),WRITING (Adapted Screenplay),Sideways,Screenplay by Alexander Payne & Jim Taylor,tt0375063,Comedy
77,2004,2000,Writing,True,WRITING (Original Screenplay),WRITING (Original Screenplay),Eternal Sunshine of the Spotless Mind,Screenplay by Charlie Kaufman; Story by Charlie Kaufman & Michel Gondry & Pierre Bismuth,tt0338013,Science Fiction
78,2005,2000,Acting,True,ACTOR IN A LEADING ROLE,ACTOR IN A LEADING ROLE,Capote,Philip Seymour Hoffman,tt0379725,Crime
78,2005,2000,Acting,True,ACTOR IN A SUPPORTING ROLE,ACTOR IN A SUPPORTING ROLE,Syriana,George Clooney,tt0365737,Drama
78,2005,2000,Acting,True,ACTRESS IN A LEADING ROLE,ACTRESS IN A LEADING ROLE,Walk the Line,Reese Witherspoon,tt0358273,Drama
78,2005,2000,Acting,True,ACTRESS IN A SUPPORTING ROLE,ACTRESS IN A SUPPORTING ROLE,The Constant Gardener,Rachel Weisz,tt0387131,Drama
78,2005,2000,Directing,True,DIRECTING,DIRECTING,Brokeback Mountain,Ang Lee,tt0388795,Drama
78,2005,2000,Music,True,MUSIC (Original Score),MUSIC (Original Score),Brokeback Mountain,Gustavo Santaolalla,tt0388795,Drama
78,2005,2000,Music,True,MUSIC (Original Song),MUSIC (Original Song),Hustle & Flow,"Music and Lyric by Jordan Houston, Cedric Coleman and Paul Beauregard",tt0410097,
78,2005,2000,Production,True,ART DIRECTION,ART DIRECTION,Memoirs of a Geisha,Art Direction: John Myhre; Set Decoration: Gretchen Rau,tt0397535,
78,2005,2000,Production,True,CINEMATOGRAPHY,CINEMATOGRAPHY,Memoirs of a Geisha,Dion Beebe,tt0397535,
78,2005,2000,Production,True,COSTUME DESIGN,COSTUME DESIGN,Memoirs of a Geisha,Colleen Atwood,tt0397535,
78,2005,2000,Production,True,FILM EDITING,FILM EDITING,Crash,Hughes Winborne,tt0375679,Drama
78,2005,2000,Production,True,MAKEUP AND HAIRSTYLING,MAKEUP,"The Chronicles of Narnia: The Lion, the Witch and the Wardrobe",Howard Berger and Tami Lane,tt0363771,
78,2005,2000,Production,True,SOUND EDITING,SOUND EDITING,King Kong,Mike Hopkins and Ethan Van der Ryn,tt0360717,
78,2005,2000,Production,True,SOUND MIXING,SOUND MIXING,King Kong,"Christopher Boyes, Michael Semanick, Michael Hedges and Hammond Peek",tt0360717,
78,2005,2000,Production,True,VISUAL EFFECTS,VISUAL EFFECTS,King Kong,"Joe Letteri, Brian Van't Hul, Christian Rivers and Richard Taylor",tt0360717,
78,2005,2000,SciTech,False,SCIENTIFIC AND TECHNICAL AWARD (Scientific and Engineering Award),SCIENTIFIC AND TECHNICAL AWARD (Scientific and Engineering Award),,,,
78,2005,2000,SciTech,False,SCIENTIFIC AND TECHNICAL AWARD (Scientific and Engineering Award),SCIENTIFIC AND TECHNICAL AWARD (Scientific and Engineering Award),,,,
78,2005,2000,SciTech,False,SCIENTIFIC AND TECHNICAL AWARD (Scientific and Engineering Award),SCIENTIFIC AND TECHNICAL AWARD (Scientific and Engineering Award),,,,
78,2005,2000,SciTech,False,SCIENTIFIC AND TECHNICAL AWARD (Scientific and Engineering Award),SCIENTIFIC AND TECHNICAL AWARD (Scientific and Engineering Award),,,,
78,2005,2000,SciTech,False,SCIENTIFIC AND TECHNICAL AWARD (Scientific and Engineering Award),SCIENTIFIC AND TECHNICAL AWARD (Scientific and Engineering Award),,,,
78,2005,2000,SciTech,False,SCIENTIFIC AND TECHNICAL AWARD (Scientific and Engineering Award),SCIENTIFIC AND TECHNICAL AWARD (Scientific and Engineering Award),,,,
78,2005,2000,SciTech,False,SCIENTIFIC AND TECHNICAL AWARD (Technical Achievement Award),SCIENTIFIC AND TECHNICAL AWARD (Technical Achievement Award),,,,
78,2005,2000,SciTech,False,SCIENTIFIC AND TECHNICAL AWARD (Technical Achievement Award),SCIENTIFIC AND TECHNICAL AWARD (Technical Achievement Award),,,,
78,2005,2000,SciTech,False,SCIENTIFIC AND TECHNICAL AWARD (Technical Achievement Award),SCIENTIFIC AND TECHNICAL AWARD (Technical Achievement Award),,,,
78,2005,2000,SciTech,False,SCIENTIFIC AND TECHNICAL AWARD (Technical Achievement Award),SCIENTIFIC AND TECHNICAL AWARD (Technical Achievement Award),,,,
78,2005,2000,SciTech,False,SCIENTIFIC AND TECHNICAL AWARD (Technical Achievement Award),SCIENTIFIC AND TECHNICAL AWARD (Technical Achievement Award),,,,
78,2005,2000,SciTech,False,SCIENTIFIC AND TECHNICAL AWARD (Technical Achievement Award),SCIENTIFIC AND TECHNICAL AWARD (Technical Achievement Award),,,,
78,2005,2000,SciTech,False,SCIENTIFIC AND TECHNICAL AWARD (Technical Achievement Award),SCIENTIFIC AND TECHNICAL AWARD (Technical Achievement Award),,,,
78,2005,2000,SciTech,False,SCIENTIFIC AND TECHNICAL AWARD (Technical Achievement Award),SCIENTIFIC AND TECHNICAL AWARD (Technical Achievement Award),,,,
78,2005,2000,SciTech,False,SCIENTIFIC AND TECHNICAL AWARD (Technical Achievement Award),SCIENTIFIC AND TECHNICAL AWARD (Technical Achievement Award),,,,
78,2005,2000,SciTech,False,SCIENTIFIC AND TECHNICAL AWARD (Technical Achievement Award),SCIENTIFIC AND TECHNICAL AWARD (Technical Achievement Award),,,,
78,2005,2000,SciTech,False,SCIENTIFIC AND TECHNICAL AWARD (Technical Achievement Award),SCIENTIFIC AND TECHNICAL AWARD (Technical Achievement Award),,,,
78,2005,2000,Special,False,GORDON E. SAWYER AWARD,GORDON E. SAWYER AWARD,,,,
78,2005,2000,Special,False,HONORARY AWARD,HONORARY AWARD,,,,
78,2005,2000,Special,False,JOHN A. BONNER MEDAL OF COMMENDATION,JOHN A. BONNER MEDAL OF COMMENDATION,,,,
78,2005,2000,Title,True,ANIMATED FEATURE FILM,ANIMATED FEATURE FILM,Wallace & Gromit in The Curse of the Were-Rabbit,Nick Park and Steve Box,tt0312004,
78,2005,2000,Title,True,BEST PICTURE,BEST PICTURE,Crash,"Paul Haggis and Cathy Schulman, Producers",tt0375679,Drama
78,2005,2000,Title,True,DOCUMENTARY (Feature),DOCUMENTARY (Feature),March of the Penguins,Luc Jacquet and Yves Darondeau,tt0428803,
78,2005,2000,Title,True,DOCUMENTARY (Short Subject),DOCUMENTARY (Short Subject),A Note of Triumph: The Golden Age of Norman Corwin,Corinne Marrinan and Eric Simonson,tt0491795,
78,2005,2000,Title,True,INTERNATIONAL FEATURE FILM,FOREIGN LANGUAGE FILM,Tsotsi,South Africa,tt0468565,
78,2005,2000,Title,True,SHORT FILM (Animated),SHORT FILM (Animated),The Moon and the Son: An Imagined Conversation,John Canemaker and Peggy Stern,tt0449619,
78,2005,2000,Title,True,SHORT FILM (Live Action),SHORT FILM (Live Action),Six Shooter,Martin McDonagh,tt0425458,
78,2005,2000,Writing,True,WRITING (Adapted Screenplay),WRITING (Adapted Screenplay),Brokeback Mountain,Screenplay by Larry McMurtry & Diana Ossana,tt0388795,Drama
78,2005,2000,Writing,True,WRITING (Original Screenplay),WRITING (Original Screenplay),Crash,Screenplay by Paul Haggis & Bobby Moresco; Story by Paul Haggis,tt0375679,Drama
79,2006,2000,Acting,True,ACTOR IN A LEADING ROLE,ACTOR IN A LEADING ROLE,The Last King of Scotland,Forest Whitaker,tt0455590,Drama
79,2006,2000,Acting,True,ACTOR IN A SUPPORTING ROLE,ACTOR IN A SUPPORTING ROLE,Little Miss Sunshine,Alan Arkin,tt0449059,Comedy
79,2006,2000,Acting,True,ACTRESS IN A LEADING ROLE,ACTRESS IN A LEADING ROLE,The Queen,Helen Mirren,tt0436697,Drama
79,2006,2000,Acting,True,ACTRESS IN A SUPPORTING ROLE,ACTRESS IN A SUPPORTING ROLE,Dreamgirls,Jennifer Hudson,tt0443489,Drama
79,2006,2000,Directing,True,DIRECTING,DIRECTING,The Departed,Martin Scorsese,tt0407887,Drama
79,2006,2000,Music,True,MUSIC (Original Score),MUSIC (Original Score),Babel,Gustavo Santaolalla,tt0449467,
79,2006,2000,Music,True,MUSIC (Original Song),MUSIC (Original Song),An Inconvenient Truth,Music and Lyric by Melissa Etheridge,tt0497116,
79,2006,2000,Production,True,ART DIRECTION,ART DIRECTION,Pan's Labyrinth,Art Direction: Eugenio Caballero; Set Decoration: Pilar Revuelta,tt0457430,
79,2006,2000,Production,True,CINEMATOGRAPHY,CINEMATOGRAPHY,Pan's Labyrinth,Guillermo Navarro,tt0457430,
79,2006,2000,Production,True,COSTUME DESIGN,COSTUME DESIGN,Marie Antoinette,Milena Canonero,tt0422720,
79,2006,2000,Production,True,FILM EDITING,FILM EDITING,The Departed,Thelma Schoonmaker,tt0407887,Drama
79,2006,2000,Production,True,MAKEUP AND HAIRSTYLING,MAKEUP,Pan's Labyrinth,David Martí and Montse Ribé,tt0457430,
79,2006,2000,Production,True,SOUND EDITING,SOUND EDITING,Letters from Iwo Jima,Alan Robert Murray and Bub Asman,tt0498380,
79,2006,2000,Production,True,SOUND MIXING,SOUND MIXING,Dreamgirls,"Michael Minkler, Bob Beemer and Willie Burton",tt0443489,Drama
79,2006,2000,Production,True,VISUAL EFFECTS,VISUAL EFFECTS,Pirates of the Caribbean: Dead Man's Chest,"John Knoll, Hal Hickel, Charles Gibson and Allen Hall",tt0383574,
79,2006,2000,SciTech,False,SCIENTIFIC AND TECHNICAL AWARD (Scientific and Engineering Award),SCIENTIFIC AND TECHNICAL AWARD (Scientific and Engineering Award),,,,
79,2006,2000,SciTech,False,SCIENTIFIC AND TECHNICAL AWARD (Scientific and Engineering Award),SCIENTIFIC AND TECHNICAL AWARD (Scientific and Engineering Award),,,,
79,2006,2000,SciTech,False,SCIENTIFIC AND TECHNICAL AWARD (Scientific and Engineering Award),SCIENTIFIC AND TECHNICAL AWARD (Scientific and Engineering Award),,,,
79,2006,2000,SciTech,False,SCIENTIFIC AND TECHNICAL AWARD (Scientific and Engineering Award),SCIENTIFIC AND TECHNICAL AWARD (Scientific and Engineering Award),,,,
79,2006,2000,SciTech,False,SCIENTIFIC AND TECHNICAL AWARD (Technical Achievement Award),SCIENTIFIC AND TECHNICAL AWARD (Technical Achievement Award),,,,
79,2006,2000,SciTech,False,SCIENTIFIC AND TECHNICAL AWARD (Technical Achievement Award),SCIENTIFIC AND TECHNICAL AWARD (Technical Achievement Award),,,,
79,2006,2000,SciTech,False,SCIENTIFIC AND TECHNICAL AWARD (Technical Achievement Award),SCIENTIFIC AND TECHNICAL AWARD (Technical Achievement Award),,,,
79,2006,2000,SciTech,False,SCIENTIFIC AND TECHNICAL AWARD (Technical Achievement Award),SCIENTIFIC AND TECHNICAL AWARD (Technical Achievement Award),,,,
79,2006,2000,SciTech,False,SCIENTIFIC AND TECHNICAL AWARD (Technical Achievement Award),SCIENTIFIC AND TECHNICAL AWARD (Technical Achievement Award),,,,
79,2006,2000,SciTech,False,SCIENTIFIC AND TECHNICAL AWARD (Technical Achievement Award),SCIENTIFIC AND TECHNICAL AWARD (Technical Achievement Award),,,,
79,2006,2000,SciTech,False,SCIENTIFIC AND TECHNICAL AWARD (Technical Achievement Award),SCIENTIFIC AND TECHNICAL AWARD (Technical Achievement Award),,,,
79,2006,2000,SciTech,False,SCIENTIFIC AND TECHNICAL AWARD (Technical Achievement Award),SCIENTIFIC AND TECHNICAL AWARD (Technical Achievement Award),,,,
79,2006,2000,Special,False,AWARD OF COMMENDATION,AWARD OF COMMENDATION,,,,
79,2006,2000,Special,False,GORDON E. SAWYER AWARD,GORDON E. SAWYER AWARD,,,,
79,2006,2000,Special,False,HONORARY AWARD,HONORARY AWARD,,,,
79,2006,2000,Special,False,JEAN HERSHOLT HUMANITARIAN AWARD,JEAN HERSHOLT HUMANITARIAN AWARD,,Sherry Lansing,,
79,2006,2000,Special,False,JOHN A. BONNER MEDAL OF COMMENDATION,JOHN A. BONNER MEDAL OF COMMENDATION,,,,
79,2006,2000,Title,True,ANIMATED FEATURE FILM,ANIMATED FEATURE FILM,Happy Feet,George Miller,tt0366548,
79,2006,2000,Title,True,BEST PICTURE,BEST PICTURE,The Departed,"Graham King, Producer",tt0407887,Drama
79,2006,2000,Title,True,DOCUMENTARY (Feature),DOCUMENTARY (Feature),An Inconvenient Truth,Davis Guggenheim,tt0497116,
79,2006,2000,Title,True,DOCUMENTARY (Short Subject),DOCUMENTARY (Short Subject),The Blood of Yingzhou District,Ruby Yang and Thomas Lennon,tt0859595,
79,2006,2000,Title,True,INTERNATIONAL FEATURE FILM,FOREIGN LANGUAGE FILM,The Lives of Others,Germany,tt0405094,
79,2006,2000,Title,True,SHORT FILM (Animated),SHORT FILM (Animated),The Danish Poet,Torill Kove,tt0933357,
79,2006,2000,Title,True,SHORT FILM (Live Action),SHORT FILM (Live Action),West Bank Story,Ari Sandel,tt0438575,
79,2006,2000,Writing,True,WRITING (Adapted Screenplay),WRITING (Adapted Screenplay),The Departed,Screenplay by William Monahan,tt0407887,Drama
79,2006,2000,Writing,True,WRITING (Original Screenplay),WRITING (Original Screenplay),Little Miss Sunshine,Written by Michael Arndt,tt0449059,Comedy
80,2007,2000,Acting,True,ACTOR IN A LEADING ROLE,ACTOR IN A LEADING ROLE,There Will Be Blood,Daniel Day-Lewis,tt0469494,Drama
80,2007,2000,Acting,True,ACTOR IN A SUPPORTING ROLE,ACTOR IN A SUPPORTING ROLE,No Country for Old Men,Javier Bardem,tt0477348,Crime
80,2007,2000,Acting,True,ACTRESS IN A LEADING ROLE,ACTRESS IN A LEADING ROLE,La Vie en Rose,Marion Cotillard,tt0450188,Music
80,2007,2000,Acting,True,ACTRESS IN A SUPPORTING ROLE,ACTRESS IN A SUPPORTING ROLE,Michael Clayton,Tilda Swinton,tt0465538,Drama
80,2007,2000,Directing,True,DIRECTING,DIRECTING,No Country for Old Men,Joel Coen and Ethan Coen,tt0477348,Crime
80,2007,2000,Music,True,MUSIC (Original Score),MUSIC (Original Score),Atonement,Dario Marianelli,tt0783233,
80,2007,2000,Music,True,MUSIC (Original Song),MUSIC (Original Song),Once,Music and Lyric by Glen Hansard and Marketa Irglova,tt0907657,
80,2007,2000,Production,True,ART DIRECTION,ART DIRECTION,Sweeney Todd The Demon Barber of Fleet Street,Art Direction: Dante Ferretti; Set Decoration: Francesca Lo Schiavo,tt0408236,
80,2007,2000,Production,True,CINEMATOGRAPHY,CINEMATOGRAPHY,There Will Be Blood,Robert Elswit,tt0469494,Drama
80,2007,2000,Production,True,COSTUME DESIGN,COSTUME DESIGN,Elizabeth: The Golden Age,Alexandra Byrne,tt0414055,
80,2007,2000,Production,True,FILM EDITING,FILM EDITING,The Bourne Ultimatum,Christopher Rouse,tt0440963,
80,2007,2000,Production,True,MAKEUP AND HAIRSTYLING,MAKEUP,La Vie en Rose,Didier Lavergne and Jan Archibald,tt0450188,Music
80,2007,2000,Production,True,SOUND EDITING,SOUND EDITING,The Bourne Ultimatum,Karen Baker Landers and Per Hallberg,tt0440963,
80,2007,2000,Production,True,SOUND MIXING,SOUND MIXING,The Bourne Ultimatum,"Scott Millan, David Parker and Kirk Francis",tt0440963,
80,2007,2000,Production,True,VISUAL EFFECTS,VISUAL EFFECTS,The Golden Compass,"Michael Fink, Bill Westenhofer, Ben Morris and Trevor Wood",tt0385752,
80,2007,2000,SciTech,False,SCIENTIFIC AND TECHNICAL AWARD (Academy Award of Merit),SCIENTIFIC AND TECHNICAL AWARD (Academy Award of Merit),,,,
80,2007,2000,SciTech,False,SCIENTIFIC AND TECHNICAL AWARD (Scientific and Engineering Award),SCIENTIFIC AND TECHNICAL AWARD (Scientific and Engineering Award),,,,
80,2007,2000,SciTech,False,SCIENTIFIC AND TECHNICAL AWARD (Scientific and Engineering Award),SCIENTIFIC AND TECHNICAL AWARD (Scientific and Engineering Award),,,,
80,2007,2000,SciTech,False,SCIENTIFIC AND TECHNICAL AWARD (Technical Achievement Award),SCIENTIFIC AND TECHNICAL AWARD (Technical Achievement Award),,,,
80,2007,2000,SciTech,False,SCIENTIFIC AND TECHNICAL AWARD (Technical Achievement Award),SCIENTIFIC AND TECHNICAL AWARD (Technical Achievement Award),,,,
80,2007,2000,SciTech,False,SCIENTIFIC AND TECHNICAL AWARD (Technical Achievement Award),SCIENTIFIC AND TECHNICAL AWARD (Technical Achievement Award),,,,
80,2007,2000,SciTech,False,SCIENTIFIC AND TECHNICAL AWARD (Technical Achievement Award),SCIENTIFIC AND TECHNICAL AWARD (Technical Achievement Award),,,,
80,2007,2000,SciTech,False,SCIENTIFIC AND TECHNICAL AWARD (Technical Achievement Award),SCIENTIFIC AND TECHNICAL AWARD (Technical Achievement Award),,,,
80,2007,2000,SciTech,False,SCIENTIFIC AND TECHNICAL AWARD (Technical Achievement Award),SCIENTIFIC AND TECHNICAL AWARD (Technical Achievement Award),,,,
80,2007,2000,SciTech,False,SCIENTIFIC AND TECHNICAL AWARD (Technical Achievement Award),SCIENTIFIC AND TECHNICAL AWARD (Technical Achievement Award),,,,
80,2007,2000,Special,False,AWARD OF COMMENDATION,AWARD OF COMMENDATION,,,,
80,2007,2000,Special,False,GORDON E. SAWYER AWARD,GORDON E. SAWYER AWARD,,,,
80,2007,2000,Special,False,HONORARY AWARD,HONORARY AWARD,,,,
80,2007,2000,Special,False,JOHN A. BONNER MEDAL OF COMMENDATION,JOHN A. BONNER MEDAL OF COMMENDATION,,,,
80,2007,2000,Title,True,ANIMATED FEATURE FILM,ANIMATED FEATURE FILM,Ratatouille,Brad Bird,tt0382932,
80,2007,2000,Title,True,BEST PICTURE,BEST PICTURE,No Country for Old Men,"Scott Rudin, Ethan Coen and Joel Coen, Producers",tt0477348,Crime
80,2007,2000,Title,True,DOCUMENTARY (Feature),DOCUMENTARY (Feature),Taxi to the Dark Side,Alex Gibney and Eva Orner,tt0854678,
80,2007,2000,Title,True,DOCUMENTARY (Short Subject),DOCUMENTARY (Short Subject),Freeheld,Cynthia Wade and Vanessa Roth,tt0914369,
80,2007,2000,Title,True,INTERNATIONAL FEATURE FILM,FOREIGN LANGUAGE FILM,The Counterfeiters,Austria,tt0813547,
80,2007,2000,Title,True,SHORT FILM (Animated),SHORT FILM (Animated),Peter & the Wolf,Suzie Templeton and Hugh Welchman,tt0863136,
80,2007,2000,Title,True,SHORT FILM (Live Action),SHORT FILM (Live Action),Le Mozart des Pickpockets (The Mozart of Pickpockets),Philippe Pollet-Villard,tt0820971,
80,2007,2000,Writing,True,WRITING (Adapted Screenplay),WRITING (Adapted Screenplay),No Country for Old Men,Written for the screen by Joel Coen & Ethan Coen,tt0477348,Crime
80,2007,2000,Writing,True,WRITING (Original Screenplay),WRITING (Original Screenplay),Juno,Written by Diablo Cody,tt0467406,Comedy
81,2008,2000,Acting,True,ACTOR IN A LEADING ROLE,ACTOR IN A LEADING ROLE,Milk,Sean Penn,tt1013753,History
81,2008,2000,Acting,True,ACTOR IN A SUPPORTING ROLE,ACTOR IN A SUPPORTING ROLE,The Dark Knight,Heath Ledger,tt0468569,Action
81,2008,2000,Acting,True,ACTRESS IN A LEADING ROLE,ACTRESS IN A LEADING ROLE,The Reader,Kate Winslet,tt0976051,Drama
81,2008,2000,Acting,True,ACTRESS IN A SUPPORTING ROLE,ACTRESS IN A SUPPORTING ROLE,Vicky Cristina Barcelona,Penélope Cruz,tt0497465,Drama
81,2008,2000,Directing,True,DIRECTING,DIRECTING,Slumdog Millionaire,Danny Boyle,tt1010048,Drama
81,2008,2000,Music,True,MUSIC (Original Score),MUSIC (Original Score),Slumdog Millionaire,A.R. Rahman,tt1010048,Drama
81,2008,2000,Music,True,MUSIC (Original Song),MUSIC (Original Song),Slumdog Millionaire,Music by A.R. Rahman; Lyric by Gulzar,tt1010048,Drama
81,2008,2000,Production,True,ART DIRECTION,ART DIRECTION,The Curious Case of Benjamin Button,Art Direction: Donald Graham Burt; Set Decoration: Victor J. Zolfo,tt0421715,
81,2008,2000,Production,True,CINEMATOGRAPHY,CINEMATOGRAPHY,Slumdog Millionaire,Anthony Dod Mantle,tt1010048,Drama
81,2008,2000,Production,True,COSTUME DESIGN,COSTUME DESIGN,The Duchess,Michael O'Connor,tt0864761,
81,2008,2000,Production,True,FILM EDITING,FILM EDITING,Slumdog Millionaire,Chris Dickens,tt1010048,Drama
81,2008,2000,Production,True,MAKEUP AND HAIRSTYLING,MAKEUP,The Curious Case of Benjamin Button,Greg Cannom,tt0421715,
81,2008,2000,Production,True,SOUND EDITING,SOUND EDITING,The Dark Knight,Richard King,tt0468569,Action
81,2008,2000,Production,True,SOUND MIXING,SOUND MIXING,Slumdog Millionaire,"Ian Tapp, Richard Pryke and Resul Pookutty",tt1010048,Drama
81,2008,2000,Production,True,VISUAL EFFECTS,VISUAL EFFECTS,The Curious Case of Benjamin Button,"Eric Barba, Steve Preeg, Burt Dalton and Craig Barron",tt0421715,
81,2008,2000,SciTech,False,SCIENTIFIC AND TECHNICAL AWARD (Scientific and Engineering Award),SCIENTIFIC AND TECHNICAL AWARD (Scientific and Engineering Award),,,,
81,2008,2000,SciTech,False,SCIENTIFIC AND TECHNICAL AWARD (Scientific and Engineering Award),SCIENTIFIC AND TECHNICAL AWARD (Scientific and Engineering Award),,,,
81,2008,2000,SciTech,False,SCIENTIFIC AND TECHNICAL AWARD (Scientific and Engineering Award),SCIENTIFIC AND TECHNICAL AWARD (Scientific and Engineering Award),,,,
81,2008,2000,SciTech,False,SCIENTIFIC AND TECHNICAL AWARD (Technical Achievement Award),SCIENTIFIC AND TECHNICAL AWARD (Technical Achievement Award),,,,
81,2008,2000,Special,False,GORDON E. SAWYER AWARD,GORDON E. SAWYER AWARD,,,,
81,2008,2000,Special,False,JEAN HERSHOLT HUMANITARIAN AWARD,JEAN HERSHOLT HUMANITARIAN AWARD,,Jerry Lewis,,
81,2008,2000,Special,False,JOHN A. BONNER MEDAL OF COMMENDATION,JOHN A. BONNER MEDAL OF COMMENDATION,,,,
81,2008,2000,Title,True,ANIMATED FEATURE FILM,ANIMATED FEATURE FILM,WALL-E,Andrew Stanton,tt0910970,
81,2008,2000,Title,True,BEST PICTURE,BEST PICTURE,Slumdog Millionaire,"Christian Colson, Producer",tt1010048,Drama
81,2008,2000,Title,True,DOCUMENTARY (Feature),DOCUMENTARY (Feature),Man on Wire,James Marsh and Simon Chinn,tt1155592,
81,2008,2000,Title,True,DOCUMENTARY (Short Subject),DOCUMENTARY (Short Subject),Smile Pinki,Megan Mylan,tt1360065,
81,2008,2000,Title,True,INTERNATIONAL FEATURE FILM,FOREIGN LANGUAGE FILM,Departures,Japan,tt1069238,
81,2008,2000,Title,True,SHORT FILM (Animated),SHORT FILM (Animated),La Maison en Petits Cubes,Kunio Kato,tt1361566,
81,2008,2000,Title,True,SHORT FILM (Live Action),SHORT FILM (Live Action),Spielzeugland (Toyland),Jochen Alexander Freydank,tt1280548,
81,2008,2000,Writing,True,WRITING (Adapted Screenplay),WRITING (Adapted Screenplay),Slumdog Millionaire,Screenplay by Simon Beaufoy,tt1010048,Drama
81,2008,2000,Writing,True,WRITING (Original Screenplay),WRITING (Original Screenplay),Milk,Written by Dustin Lance Black,tt1013753,History
82,2009,2000,Acting,True,ACTOR IN A LEADING ROLE,ACTOR IN A LEADING ROLE,Crazy Heart,Jeff Bridges,tt1263670,Drama
82,2009,2000,Acting,True,ACTOR IN A SUPPORTING ROLE,ACTOR IN A SUPPORTING ROLE,Inglourious Basterds,Christoph Waltz,tt0361748,Drama
82,2009,2000,Acting,True,ACTRESS IN A LEADING ROLE,ACTRESS IN A LEADING ROLE,The Blind Side,Sandra Bullock,tt0878804,Drama
82,2009,2000,Acting,True,ACTRESS IN A SUPPORTING ROLE,ACTRESS IN A SUPPORTING ROLE,Precious: Based on the Novel 'Push' by Sapphire,Mo'Nique,tt0929632,Drama
82,2009,2000,Directing,True,DIRECTING,DIRECTING,The Hurt Locker,Kathryn Bigelow,tt0887912,Drama
82,2009,2000,Music,True,MUSIC (Original Score),MUSIC (Original Score),Up,Michael Giacchino,tt1049413,
82,2009,2000,Music,True,MUSIC (Original Song),MUSIC (Original Song),Crazy Heart,Music and Lyric by Ryan Bingham and T Bone Burnett,tt1263670,Drama
82,2009,2000,Production,True,ART DIRECTION,ART DIRECTION,Avatar,Production Design: Rick Carter and Robert Stromberg; Set Decoration: Kim Sinclair,tt0499549,
82,2009,2000,Production,True,CINEMATOGRAPHY,CINEMATOGRAPHY,Avatar,Mauro Fiore,tt0499549,
82,2009,2000,Production,True,COSTUME DESIGN,COSTUME DESIGN,The Young Victoria,Sandy Powell,tt0962736,
82,2009,2000,Production,True,FILM EDITING,FILM EDITING,The Hurt Locker,Bob Murawski and Chris Innis,tt0887912,Drama
82,2009,2000,Production,True,MAKEUP AND HAIRSTYLING,MAKEUP,Star Trek,"Barney Burman, Mindy Hall and Joel Harlow",tt0796366,
82,2009,2000,Production,True,SOUND EDITING,SOUND EDITING,The Hurt Locker,Paul N.J. Ottosson,tt0887912,Drama
82,2009,2000,Production,True,SOUND MIXING,SOUND MIXING,The Hurt Locker,Paul N.J. Ottosson and Ray Beckett,tt0887912,Drama
82,2009,2000,Production,True,VISUAL EFFECTS,VISUAL EFFECTS,Avatar,"Joe Letteri, Stephen Rosenbaum, Richard Baneham and Andrew R. Jones",tt0499549,
82,2009,2000,SciTech,False,SCIENTIFIC AND TECHNICAL AWARD (Scientific and Engineering Award),SCIENTIFIC AND TECHNICAL AWARD (Scientific and Engineering Award),,,,
82,2009,2000,SciTech,False,SCIENTIFIC AND TECHNICAL AWARD (Scientific and Engineering Award),SCIENTIFIC AND TECHNICAL AWARD (Scientific and Engineering Award),,,,
82,2009,2000,SciTech,False,SCIENTIFIC AND TECHNICAL AWARD (Scientific and Engineering Award),SCIENTIFIC AND TECHNICAL AWARD (Scientific and Engineering Award),,,,
82,2009,2000,SciTech,False,SCIENTIFIC AND TECHNICAL AWARD (Scientific and Engineering Award),SCIENTIFIC AND TECHNICAL AWARD (Scientific and Engineering Award),,,,
82,2009,2000,SciTech,False,SCIENTIFIC AND TECHNICAL AWARD (Scientific and Engineering Award),SCIENTIFIC AND TECHNICAL AWARD (Scientific and Engineering Award),,,,
82,2009,2000,SciTech,False,SCIENTIFIC AND TECHNICAL AWARD (Scientific and Engineering Award),SCIENTIFIC AND TECHNICAL AWARD (Scientific and Engineering Award),,,,
82,2009,2000,SciTech,False,SCIENTIFIC AND TECHNICAL AWARD (Scientific and Engineering Award),SCIENTIFIC AND TECHNICAL AWARD (Scientific and Engineering Award),,,,
82,2009,2000,SciTech,False,SCIENTIFIC AND TECHNICAL AWARD (Scientific and Engineering Award),SCIENTIFIC AND TECHNICAL AWARD (Scientific and Engineering Award),,,,
82,2009,2000,SciTech,False,SCIENTIFIC AND TECHNICAL AWARD (Scientific and Engineering Award),SCIENTIFIC AND TECHNICAL AWARD (Scientific and Engineering Award),,,,
82,2009,2000,SciTech,False,SCIENTIFIC AND TECHNICAL AWARD (Scientific and Engineering Award),SCIENTIFIC AND TECHNICAL AWARD (Scientific and Engineering Award),,,,
82,2009,2000,SciTech,False,SCIENTIFIC AND TECHNICAL AWARD (Technical Achievement Award),SCIENTIFIC AND TECHNICAL AWARD (Technical Achievement Award),,,,
82,2009,2000,SciTech,False,SCIENTIFIC AND TECHNICAL AWARD (Technical Achievement Award),SCIENTIFIC AND TECHNICAL AWARD (Technical Achievement Award),,,,
82,2009,2000,SciTech,False,SCIENTIFIC AND TECHNICAL AWARD (Technical Achievement Award),SCIENTIFIC AND TECHNICAL AWARD (Technical Achievement Award),,,,
82,2009,2000,SciTech,False,SCIENTIFIC AND TECHNICAL AWARD (Technical Achievement Award),SCIENTIFIC AND TECHNICAL AWARD (Technical Achievement Award),,,,
82,2009,2000,SciTech,False,SCIENTIFIC AND TECHNICAL AWARD (Technical Achievement Award),SCIENTIFIC AND TECHNICAL AWARD (Technical Achievement Award),,,,
82,2009,2000,Special,False,HONORARY AWARD,HONORARY AWARD,,,,
82,2009,2000,Special,False,HONORARY AWARD,HONORARY AWARD,,,,
82,2009,2000,Special,False,HONORARY AWARD,HONORARY AWARD,,,,
82,2009,2000,Special,False,IRVING G. THALBERG MEMORIAL AWARD,IRVING G. THALBERG MEMORIAL AWARD,,John Calley,,
82,2009,2000,Title,True,ANIMATED FEATURE FILM,ANIMATED FEATURE FILM,Up,Pete Docter,tt1049413,
82,2009,2000,Title,True,BEST PICTURE,BEST PICTURE,The Hurt Locker,"Kathryn Bigelow, Mark Boal, Nicolas Chartier and Greg Shapiro, Producers",tt0887912,Drama
82,2009,2000,Title,True,DOCUMENTARY (Feature),DOCUMENTARY (Feature),The Cove,Louie Psihoyos and Fisher Stevens,tt1313104,
82,2009,2000,Title,True,DOCUMENTARY (Short Subject),DOCUMENTARY (Short Subject),Music by Prudence,Roger Ross Williams and Elinor Burkett,tt1543539,
82,2009,2000,Title,True,INTERNATIONAL FEATURE FILM,FOREIGN LANGUAGE FILM,The Secret in Their Eyes,Argentina,tt1305806,
82,2009,2000,Title,True,SHORT FILM (Animated),SHORT FILM (Animated),Logorama,Nicolas Schmerkin,tt1563725,
82,2009,2000,Title,True,SHORT FILM (Live Action),SHORT FILM (Live Action),The New Tenants,Joachim Back and Tivi Magnusson,tt1520428,
82,2009,2000,Writing,True,WRITING (Adapted Screenplay),WRITING (Adapted Screenplay),Precious: Based on the Novel 'Push' by Sapphire,Screenplay by Geoffrey Fletcher,tt0929632,Drama
82,2009,2000,Writing,True,WRITING (Original Screenplay),WRITING (Original Screenplay),The Hurt Locker,Written by Mark Boal,tt0887912,Drama
83,2010,2010,Acting,True,ACTOR IN A LEADING ROLE,ACTOR IN A LEADING ROLE,The King's Speech,Colin Firth,tt1504320,Drama
83,2010,2010,Acting,True,ACTOR IN A SUPPORTING ROLE,ACTOR IN A SUPPORTING ROLE,The Fighter,Christian Bale,tt0964517,Drama
83,2010,2010,Acting,True,ACTRESS IN A LEADING ROLE,ACTRESS IN A LEADING ROLE,Black Swan,Natalie Portman,tt0947798,Drama
83,2010,2010,Acting,True,ACTRESS IN A SUPPORTING ROLE,ACTRESS IN A SUPPORTING ROLE,The Fighter,Melissa Leo,tt0964517,Drama
83,2010,2010,Directing,True,DIRECTING,DIRECTING,The King's Speech,Tom Hooper,tt1504320,Drama
83,2010,2010,Music,True,MUSIC (Original Score),MUSIC (Original Score),The Social Network,Trent Reznor and Atticus Ross,tt1285016,Drama
83,2010,2010,Music,True,MUSIC (Original Song),MUSIC (Original Song),Toy Story 3,Music and Lyric by Randy Newman,tt0435761,
83,2010,2010,Production,True,ART DIRECTION,ART DIRECTION,Alice in Wonderland,Production Design: Robert Stromberg; Set Decoration: Karen O'Hara,tt1014759,
83,2010,2010,Production,True,CINEMATOGRAPHY,CINEMATOGRAPHY,Inception,Wally Pfister,tt1375666,
83,2010,2010,Production,True,COSTUME DESIGN,COSTUME DESIGN,Alice in Wonderland,Colleen Atwood,tt1014759,
83,2010,2010,Production,True,FILM EDITING,FILM EDITING,The Social Network,Angus Wall and Kirk Baxter,tt1285016,Drama
83,2010,2010,Production,True,MAKEUP AND HAIRSTYLING,MAKEUP,The Wolfman,Rick Baker and Dave Elsey,tt0780653,
83,2010,2010,Production,True,SOUND EDITING,SOUND EDITING,Inception,Richard King,tt1375666,
83,2010,2010,Production,True,SOUND MIXING,SOUND MIXING,Inception,"Lora Hirschberg, Gary A. Rizzo and Ed Novick",tt1375666,
83,2010,2010,Production,True,VISUAL EFFECTS,VISUAL EFFECTS,Inception,"Paul Franklin, Chris Corbould, Andrew Lockley and Peter Bebb",tt1375666,
83,2010,2010,SciTech,False,SCIENTIFIC AND TECHNICAL AWARD (Scientific and Engineering Award),SCIENTIFIC AND TECHNICAL AWARD (Scientific and Engineering Award),,,,
83,2010,2010,SciTech,False,SCIENTIFIC AND TECHNICAL AWARD (Scientific and Engineering Award),SCIENTIFIC AND TECHNICAL AWARD (Scientific and Engineering Award),,,,
83,2010,2010,SciTech,False,SCIENTIFIC AND TECHNICAL AWARD (Scientific and Engineering Award),SCIENTIFIC AND TECHNICAL AWARD (Scientific and Engineering Award),,,,
83,2010,2010,SciTech,False,SCIENTIFIC AND TECHNICAL AWARD (Scientific and Engineering Award),SCIENTIFIC AND TECHNICAL AWARD (Scientific and Engineering Award),,,,
83,2010,2010,SciTech,False,SCIENTIFIC AND TECHNICAL AWARD (Technical Achievement Award),SCIENTIFIC AND TECHNICAL AWARD (Technical Achievement Award),,,,
83,2010,2010,SciTech,False,SCIENTIFIC AND TECHNICAL AWARD (Technical Achievement Award),SCIENTIFIC AND TECHNICAL AWARD (Technical Achievement Award),,,,
83,2010,2010,SciTech,False,SCIENTIFIC AND TECHNICAL AWARD (Technical Achievement Award),SCIENTIFIC AND TECHNICAL AWARD (Technical Achievement Award),,,,
83,2010,2010,SciTech,False,SCIENTIFIC AND TECHNICAL AWARD (Technical Achievement Award),SCIENTIFIC AND TECHNICAL AWARD (Technical Achievement Award),,,,
83,2010,2010,SciTech,False,SCIENTIFIC AND TECHNICAL AWARD (Technical Achievement Award),SCIENTIFIC AND TECHNICAL AWARD (Technical Achievement Award),,,,
83,2010,2010,SciTech,False,SCIENTIFIC AND TECHNICAL AWARD (Technical Achievement Award),SCIENTIFIC AND TECHNICAL AWARD (Technical Achievement Award),,,,
83,2010,2010,Special,False,HONORARY AWARD,HONORARY AWARD,,,,
83,2010,2010,Special,False,HONORARY AWARD,HONORARY AWARD,,,,
83,2010,2010,Special,False,HONORARY AWARD,HONORARY AWARD,,,,
83,2010,2010,Special,False,IRVING G. THALBERG MEMORIAL AWARD,IRVING G. THALBERG MEMORIAL AWARD,,Francis Ford Coppola,,
83,2010,2010,Special,False,JOHN A. BONNER MEDAL OF COMMENDATION,JOHN A. BONNER MEDAL OF COMMENDATION,,,,
83,2010,2010,Title,True,ANIMATED FEATURE FILM,ANIMATED FEATURE FILM,Toy Story 3,Lee Unkrich,tt0435761,
83,2010,2010,Title,True,BEST PICTURE,BEST PICTURE,The King's Speech,"Iain Canning, Emile Sherman and Gareth Unwin, Producers",tt1504320,Drama
83,2010,2010,Title,True,DOCUMENTARY (Feature),DOCUMENTARY (Feature),Inside Job,Charles Ferguson and Audrey Marrs,tt1645089,
83,2010,2010,Title,True,DOCUMENTARY (Short Subject),DOCUMENTARY (Short Subject),Strangers No More,Karen Goodman and Kirk Simon,tt1754549,
83,2010,2010,Title,True,INTERNATIONAL FEATURE FILM,FOREIGN LANGUAGE FILM,In a Better World,Denmark,tt1340107,
83,2010,2010,Title,True,SHORT FILM (Animated),SHORT FILM (Animated),The Lost Thing,Shaun Tan and Andrew Ruhemann,tt1669698,
83,2010,2010,Title,True,SHORT FILM (Live Action),SHORT FILM (Live Action),God of Love,Luke Matheny,tt1631323,
83,2010,2010,Writing,True,WRITING (Adapted Screenplay),WRITING (Adapted Screenplay),The Social Network,Screenplay by Aaron Sorkin,tt1285016,Drama
83,2010,2010,Writing,True,WRITING (Original Screenplay),WRITING (Original Screenplay),The King's Speech,Screenplay by David Seidler,tt1504320,Drama
84,2011,2010,Acting,True,ACTOR IN A LEADING ROLE,ACTOR IN A LEADING ROLE,The Artist,Jean Dujardin,tt1655442,Drama
84,2011,2010,Acting,True,ACTOR IN A SUPPORTING ROLE,ACTOR IN A SUPPORTING ROLE,Beginners,Christopher Plummer,tt1532503,Drama
84,2011,2010,Acting,True,ACTRESS IN A LEADING ROLE,ACTRESS IN A LEADING ROLE,The Iron Lady,Meryl Streep,tt1007029,History
84,2011,2010,Acting,True,ACTRESS IN A SUPPORTING ROLE,ACTRESS IN A SUPPORTING ROLE,The Help,Octavia Spencer,tt1454029,Drama
84,2011,2010,Directing,True,DIRECTING,DIRECTING,The Artist,Michel Hazanavicius,tt1655442,Drama
84,2011,2010,Music,True,MUSIC (Original Score),MUSIC (Original Score),The Artist,Ludovic Bource,tt1655442,Drama
84,2011,2010,Music,True,MUSIC (Original Song),MUSIC (Original Song),The Muppets,Music and Lyric by Bret McKenzie,tt1204342,
84,2011,2010,Production,True,ART DIRECTION,ART DIRECTION,Hugo,Production Design: Dante Ferretti; Set Decoration: Francesca Lo Schiavo,tt0970179,
84,2011,2010,Production,True,CINEMATOGRAPHY,CINEMATOGRAPHY,Hugo,Robert Richardson,tt0970179,
84,2011,2010,Production,True,COSTUME DESIGN,COSTUME DESIGN,The Artist,Mark Bridges,tt1655442,Drama
84,2011,2010,Production,True,FILM EDITING,FILM EDITING,The Girl with the Dragon Tattoo,Kirk Baxter and Angus Wall,tt1568346,
84,2011,2010,Production,True,MAKEUP AND HAIRSTYLING,MAKEUP,The Iron Lady,Mark Coulier and J. Roy Helland,tt1007029,History
84,2011,2010,Production,True,SOUND EDITING,SOUND EDITING,Hugo,Philip Stockton and Eugene Gearty,tt0970179,
84,2011,2010,Production,True,SOUND MIXING,SOUND MIXING,Hugo,Tom Fleischman and John Midgley,tt0970179,
84,2011,2010,Production,True,VISUAL EFFECTS,VISUAL EFFECTS,Hugo,"Rob Legato, Joss Williams, Ben Grossmann and Alex Henning",tt0970179,
84,2011,2010,SciTech,False,SCIENTIFIC AND TECHNICAL AWARD (Academy Award of Merit),SCIENTIFIC AND TECHNICAL AWARD (Academy Award of Merit),,,,
84,2011,2010,SciTech,False,SCIENTIFIC AND TECHNICAL AWARD (Scientific and Engineering Award),SCIENTIFIC AND TECHNICAL AWARD (Scientific and Engineering Award),,,,
84,2011,2010,SciTech,False,SCIENTIFIC AND TECHNICAL AWARD (Scientific and Engineering Award),SCIENTIFIC AND TECHNICAL AWARD (Scientific and Engineering Award),,,,
84,2011,2010,SciTech,False,SCIENTIFIC AND TECHNICAL AWARD (Scientific and Engineering Award),SCIENTIFIC AND TECHNICAL AWARD (Scientific and Engineering Award),,,,
84,2011,2010,SciTech,False,SCIENTIFIC AND TECHNICAL AWARD (Scientific and Engineering Award),SCIENTIFIC AND TECHNICAL AWARD (Scientific and Engineering Award),,,,
84,2011,2010,SciTech,False,SCIENTIFIC AND TECHNICAL AWARD (Scientific and Engineering Award),SCIENTIFIC AND TECHNICAL AWARD (Scientific and Engineering Award),,,,
84,2011,2010,SciTech,False,SCIENTIFIC AND TECHNICAL AWARD (Scientific and Engineering Award),SCIENTIFIC AND TECHNICAL AWARD (Scientific and Engineering Award),,,,
84,2011,2010,SciTech,False,SCIENTIFIC AND TECHNICAL AWARD (Technical Achievement Award),SCIENTIFIC AND TECHNICAL AWARD (Technical Achievement Award),,,,
84,2011,2010,Special,False,GORDON E. SAWYER AWARD,GORDON E. SAWYER AWARD,,,,
84,2011,2010,Special,False,HONORARY AWARD,HONORARY AWARD,,,,
84,2011,2010,Special,False,HONORARY AWARD,HONORARY AWARD,,,,
84,2011,2010,Special,False,JEAN HERSHOLT HUMANITARIAN AWARD,JEAN HERSHOLT HUMANITARIAN AWARD,,Oprah Winfrey,,
84,2011,2010,Special,False,JOHN A. BONNER MEDAL OF COMMENDATION,JOHN A. BONNER MEDAL OF COMMENDATION,,,,
84,2011,2010,Title,True,ANIMATED FEATURE FILM,ANIMATED FEATURE FILM,Rango,Gore Verbinski,tt1192628,
84,2011,2010,Title,True,BEST PICTURE,BEST PICTURE,The Artist,"Thomas Langmann, Producer",tt1655442,Drama
84,2011,2010,Title,True,DOCUMENTARY (Feature),DOCUMENTARY (Feature),Undefeated,"TJ Martin, Dan Lindsay and Rich Middlemas",tt1860355,
84,2011,2010,Title,True,DOCUMENTARY (Short Subject),DOCUMENTARY (Short Subject),Saving Face,Daniel Junge and Sharmeen Obaid-Chinoy,tt2140371,
84,2011,2010,Title,True,INTERNATIONAL FEATURE FILM,FOREIGN LANGUAGE FILM,A Separation,Iran,tt1832382,
84,2011,2010,Title,True,SHORT FILM (Animated),SHORT FILM (Animated),The Fantastic Flying Books of Mr. Morris Lessmore,William Joyce and Brandon Oldenburg,tt1778342,
84,2011,2010,Title,True,SHORT FILM (Live Action),SHORT FILM (Live Action),The Shore,Terry George and Oorlagh George,tt2201259,
84,2011,2010,Writing,True,WRITING (Adapted Screenplay),WRITING (Adapted Screenplay),The Descendants,Screenplay by Alexander Payne and Nat Faxon & Jim Rash,tt1033575,Comedy
84,2011,2010,Writing,True,WRITING (Original Screenplay),WRITING (Original Screenplay),Midnight in Paris,Written by Woody Allen,tt1605783,Fantasy
85,2012,2010,Acting,True,ACTOR IN A LEADING ROLE,ACTOR IN A LEADING ROLE,Lincoln,Daniel Day-Lewis,tt0443272,History
85,2012,2010,Acting,True,ACTOR IN A SUPPORTING ROLE,ACTOR IN A SUPPORTING ROLE,Django Unchained,Christoph Waltz,tt1853728,Drama
85,2012,2010,Acting,True,ACTRESS IN A LEADING ROLE,ACTRESS IN A LEADING ROLE,Silver Linings Playbook,Jennifer Lawrence,tt1045658,Drama
85,2012,2010,Acting,True,ACTRESS IN A SUPPORTING ROLE,ACTRESS IN A SUPPORTING ROLE,Les Misérables,Anne Hathaway,tt1707386,History
85,2012,2010,Directing,True,DIRECTING,DIRECTING,Life of Pi,Ang Lee,tt0454876,Adventure
85,2012,2010,Music,True,MUSIC (Original Score),MUSIC (Original Score),Life of Pi,Mychael Danna,tt0454876,Adventure
85,2012,2010,Music,True,MUSIC (Original Song),MUSIC (Original Song),Skyfall,Music and Lyric by Adele Adkins and Paul Epworth,tt1074638,
85,2012,2010,Production,True,ART DIRECTION,PRODUCTION DESIGN,Lincoln,Production Design: Rick Carter; Set Decoration: Jim Erickson,tt0443272,History
85,2012,2010,Production,True,CINEMATOGRAPHY,CINEMATOGRAPHY,Life of Pi,Claudio Miranda,tt0454876,Adventure
85,2012,2010,Production,True,COSTUME DESIGN,COSTUME DESIGN,Anna Karenina,Jacqueline Durran,tt1781769,
85,2012,2010,Production,True,FILM EDITING,FILM EDITING,Argo,William Goldenberg,tt1024648,Drama
85,2012,2010,Production,True,MAKEUP AND HAIRSTYLING,MAKEUP AND HAIRSTYLING,Les Misérables,Lisa Westcott and Julie Dartnell,tt1707386,History
85,2012,2010,Production,True,SOUND EDITING,SOUND EDITING,Skyfall,Per Hallberg and Karen Baker Landers,tt1074638,
85,2012,2010,Production,True,SOUND EDITING,SOUND EDITING,Zero Dark Thirty,Paul N.J. Ottosson,tt1790885,
85,2012,2010,Production,True,SOUND MIXING,SOUND MIXING,Les Misérables,"Andy Nelson, Mark Paterson and Simon Hayes",tt1707386,History
85,2012,2010,Production,True,VISUAL EFFECTS,VISUAL EFFECTS,Life of Pi,"Bill Westenhofer, Guillaume Rocheron, Erik-Jan De Boer and Donald R. Elliott",tt0454876,Adventure
85,2012,2010,SciTech,False,SCIENTIFIC AND TECHNICAL AWARD (Academy Award of Merit),SCIENTIFIC AND TECHNICAL AWARD (Academy Award of Merit),,,,
85,2012,2010,SciTech,False,SCIENTIFIC AND TECHNICAL AWARD (Scientific and Engineering Award),SCIENTIFIC AND TECHNICAL AWARD (Scientific and Engineering Award),,,,
85,2012,2010,SciTech,False,SCIENTIFIC AND TECHNICAL AWARD (Scientific and Engineering Award),SCIENTIFIC AND TECHNICAL AWARD (Scientific and Engineering Award),,,,
85,2012,2010,SciTech,False,SCIENTIFIC AND TECHNICAL AWARD (Scientific and Engineering Award),SCIENTIFIC AND TECHNICAL AWARD (Scientific and Engineering Award),,,,
85,2012,2010,SciTech,False,SCIENTIFIC AND TECHNICAL AWARD (Technical Achievement Award),SCIENTIFIC AND TECHNICAL AWARD (Technical Achievement Award),,,,
85,2012,2010,SciTech,False,SCIENTIFIC AND TECHNICAL AWARD (Technical Achievement Award),SCIENTIFIC AND TECHNICAL AWARD (Technical Achievement Award),,,,
85,2012,2010,SciTech,False,SCIENTIFIC AND TECHNICAL AWARD (Technical Achievement Award),SCIENTIFIC AND TECHNICAL AWARD (Technical Achievement Award),,,,
85,2012,2010,SciTech,False,SCIENTIFIC AND TECHNICAL AWARD (Technical Achievement Award),SCIENTIFIC AND TECHNICAL AWARD (Technical Achievement Award),,,,
85,2012,2010,SciTech,False,SCIENTIFIC AND TECHNICAL AWARD (Technical Achievement Award),SCIENTIFIC AND TECHNICAL AWARD (Technical Achievement Award),,,,
85,2012,2010,Special,False,HONORARY AWARD,HONORARY AWARD,,,,
85,2012,2010,Special,False,HONORARY AWARD,HONORARY AWARD,,,,
85,2012,2010,Special,False,HONORARY AWARD,HONORARY AWARD,,,,
85,2012,2010,Special,False,JEAN HERSHOLT HUMANITARIAN AWARD,JEAN HERSHOLT HUMANITARIAN AWARD,,Jeffrey Katzenberg,,
85,2012,2010,Special,False,JOHN A. BONNER MEDAL OF COMMENDATION,JOHN A. BONNER MEDAL OF COMMENDATION,,,,
85,2012,2010,Title,True,ANIMATED FEATURE FILM,ANIMATED FEATURE FILM,Brave,Mark Andrews and Brenda Chapman,tt1217209,
85,2012,2010,Title,True,BEST PICTURE,BEST PICTURE,Argo,"Grant Heslov, Ben Affleck and George Clooney, Producers",tt1024648,Drama
85,2012,2010,Title,True,DOCUMENTARY (Feature),DOCUMENTARY (Feature),Searching for Sugar Man,Malik Bendjelloul and Simon Chinn,tt2125608,
85,2012,2010,Title,True,DOCUMENTARY (Short Subject),DOCUMENTARY (Short Subject),Inocente,Sean Fine and Andrea Nix Fine,tt2123210,
85,2012,2010,Title,True,INTERNATIONAL FEATURE FILM,FOREIGN LANGUAGE FILM,Amour,Austria,tt1602620,
85,2012,2010,Title,True,SHORT FILM (Animated),SHORT FILM (Animated),Paperman,John Kahrs,tt2388725,
85,2012,2010,Title,True,SHORT FILM (Live Action),SHORT FILM (Live Action),Curfew,Shawn Christensen,tt2088735,
85,2012,2010,Writing,True,WRITING (Adapted Screenplay),WRITING (Adapted Screenplay),Argo,Screenplay by Chris Terrio,tt1024648,Drama
85,2012,2010,Writing,True,WRITING (Original Screenplay),WRITING (Original Screenplay),Django Unchained,Written by Quentin Tarantino,tt1853728,Drama
86,2013,2010,Acting,True,ACTOR IN A LEADING ROLE,ACTOR IN A LEADING ROLE,Dallas Buyers Club,Matthew McConaughey,tt0790636,Drama
86,2013,2010,Acting,True,ACTOR IN A SUPPORTING ROLE,ACTOR IN A SUPPORTING ROLE,Dallas Buyers Club,Jared Leto,tt0790636,Drama
86,2013,2010,Acting,True,ACTRESS IN A LEADING ROLE,ACTRESS IN A LEADING ROLE,Blue Jasmine,Cate Blanchett,tt2334873,Drama
86,2013,2010,Acting,True,ACTRESS IN A SUPPORTING ROLE,ACTRESS IN A SUPPORTING ROLE,12 Years a Slave,Lupita Nyong'o,tt2024544,Drama
86,2013,2010,Directing,True,DIRECTING,DIRECTING,Gravity,Alfonso Cuarón,tt1454468,Science Fiction
86,2013,2010,Music,True,MUSIC (Original Score),MUSIC (Original Score),Gravity,Steven Price,tt1454468,Science Fiction
86,2013,2010,Music,True,MUSIC (Original Song),MUSIC (Original Song),Frozen,Music and Lyric by Kristen Anderson-Lopez and Robert Lopez,tt2294629,
86,2013,2010,Production,True,ART DIRECTION,PRODUCTION DESIGN,The Great Gatsby,Production Design: Catherine Martin; Set Decoration: Beverley Dunn,tt1343092,
86,2013,2010,Production,True,CINEMATOGRAPHY,CINEMATOGRAPHY,Gravity,Emmanuel Lubezki,tt1454468,Science Fiction
86,2013,2010,Production,True,COSTUME DESIGN,COSTUME DESIGN,The Great Gatsby,Catherine Martin,tt1343092,
86,2013,2010,Production,True,FILM EDITING,FILM EDITING,Gravity,Alfonso Cuarón and Mark Sanger,tt1454468,Science Fiction
86,2013,2010,Production,True,MAKEUP AND HAIRSTYLING,MAKEUP AND HAIRSTYLING,Dallas Buyers Club,Adruitha Lee and Robin Mathews,tt0790636,Drama
86,2013,2010,Production,True,SOUND EDITING,SOUND EDITING,Gravity,Glenn Freemantle,tt1454468,Science Fiction
86,2013,2010,Production,True,SOUND MIXING,SOUND MIXING,Gravity,"Skip Lievsay, Niv Adiri, Christopher Benstead and Chris Munro",tt1454468,Science Fiction
86,2013,2010,Production,True,VISUAL EFFECTS,VISUAL EFFECTS,Gravity,"Tim Webber, Chris Lawrence, David Shirk and Neil Corbould",tt1454468,Science Fiction
86,2013,2010,SciTech,False,SCIENTIFIC AND TECHNICAL AWARD (Academy Award of Merit),SCIENTIFIC AND TECHNICAL AWARD (Academy Award of Merit),,,,
86,2013,2010,SciTech,False,SCIENTIFIC AND TECHNICAL AWARD (Scientific and Engineering Award),SCIENTIFIC AND TECHNICAL AWARD (Scientific and Engineering Award),,,,
86,2013,2010,SciTech,False,SCIENTIFIC AND TECHNICAL AWARD (Scientific and Engineering Award),SCIENTIFIC AND TECHNICAL AWARD (Scientific and Engineering Award),,,,
86,2013,2010,SciTech,False,SCIENTIFIC AND TECHNICAL AWARD (Scientific and Engineering Award),SCIENTIFIC AND TECHNICAL AWARD (Scientific and Engineering Award),,,,
86,2013,2010,SciTech,False,SCIENTIFIC AND TECHNICAL AWARD (Scientific and Engineering Award),SCIENTIFIC AND TECHNICAL AWARD (Scientific and Engineering Award),,,,
86,2013,2010,SciTech,False,SCIENTIFIC AND TECHNICAL AWARD (Technical Achievement Award),SCIENTIFIC AND TECHNICAL AWARD (Technical Achievement Award),,,,
86,2013,2010,SciTech,False,SCIENTIFIC AND TECHNICAL AWARD (Technical Achievement Award),SCIENTIFIC AND TECHNICAL AWARD (Technical Achievement Award),,,,
86,2013,2010,SciTech,False,SCIENTIFIC AND TECHNICAL AWARD (Technical Achievement Award),SCIENTIFIC AND TECHNICAL AWARD (Technical Achievement Award),,,,
86,2013,2010,SciTech,False,SCIENTIFIC AND TECHNICAL AWARD (Technical Achievement Award),SCIENTIFIC AND TECHNICAL AWARD (Technical Achievement Award),,,,
86,2013,2010,SciTech,False,SCIENTIFIC AND TECHNICAL AWARD (Technical Achievement Award),SCIENTIFIC AND TECHNICAL AWARD (Technical Achievement Award),,,,
86,2013,2010,SciTech,False,SCIENTIFIC AND TECHNICAL AWARD (Technical Achievement Award),SCIENTIFIC AND TECHNICAL AWARD (Technical Achievement Award),,,,
86,2013,2010,SciTech,False,SCIENTIFIC AND TECHNICAL AWARD (Technical Achievement Award),SCIENTIFIC AND TECHNICAL AWARD (Technical Achievement Award),,,,
86,2013,2010,SciTech,False,SCIENTIFIC AND TECHNICAL AWARD (Technical Achievement Award),SCIENTIFIC AND TECHNICAL AWARD (Technical Achievement Award),,,,
86,2013,2010,SciTech,False,SCIENTIFIC AND TECHNICAL AWARD (Technical Achievement Award),SCIENTIFIC AND TECHNICAL AWARD (Technical Achievement Award),,,,
86,2013,2010,SciTech,False,SCIENTIFIC AND TECHNICAL AWARD (Technical Achievement Award),SCIENTIFIC AND TECHNICAL AWARD (Technical Achievement Award),,,,
86,2013,2010,SciTech,False,SCIENTIFIC AND TECHNICAL AWARD (Technical Achievement Award),SCIENTIFIC AND TECHNICAL AWARD (Technical Achievement Award),,,,
86,2013,2010,SciTech,False,SCIENTIFIC AND TECHNICAL AWARD (Technical Achievement Award),SCIENTIFIC AND TECHNICAL AWARD (Technical Achievement Award),,,,
86,2013,2010,SciTech,False,SCIENTIFIC AND TECHNICAL AWARD (Technical Achievement Award),SCIENTIFIC AND TECHNICAL AWARD (Technical Achievement Award),,,,
86,2013,2010,SciTech,False,SCIENTIFIC AND TECHNICAL AWARD (Technical Achievement Award),SCIENTIFIC AND TECHNICAL AWARD (Technical Achievement Award),,,,
86,2013,2010,Special,False,GORDON E. SAWYER AWARD,GORDON E. SAWYER AWARD,,,,
86,2013,2010,Special,False,HONORARY AWARD,HONORARY AWARD,,,,
86,2013,2010,Special,False,HONORARY AWARD,HONORARY AWARD,,,,
86,2013,2010,Special,False,HONORARY AWARD,HONORARY AWARD,,,,
86,2013,2010,Special,False,JEAN HERSHOLT HUMANITARIAN AWARD,JEAN HERSHOLT HUMANITARIAN AWARD,,Angelina Jolie,,
86,2013,2010,Special,False,JOHN A. BONNER MEDAL OF COMMENDATION,JOHN A. BONNER MEDAL OF COMMENDATION,,,,
86,2013,2010,Title,True,ANIMATED FEATURE FILM,ANIMATED FEATURE FILM,Frozen,"Chris Buck, Jennifer Lee and Peter Del Vecho",tt2294629,
86,2013,2010,Title,True,BEST PICTURE,BEST PICTURE,12 Years a Slave,"Brad Pitt, Dede Gardner, Jeremy Kleiner, Steve McQueen and Anthony Katagas, Producers",tt2024544,Drama
86,2013,2010,Title,True,DOCUMENTARY (Feature),DOCUMENTARY (Feature),20 Feet from Stardom,"Morgan Neville, Gil Friesen and Caitrin Rogers",tt2396566,
86,2013,2010,Title,True,DOCUMENTARY (Short Subject),DOCUMENTARY (Short Subject),The Lady in Number 6: Music Saved My Life,Malcolm Clarke and Nicholas Reed,tt2924484,
86,2013,2010,Title,True,INTERNATIONAL FEATURE FILM,FOREIGN LANGUAGE FILM,The Great Beauty,Italy,tt2358891,
86,2013,2010,Title,True,SHORT FILM (Animated),SHORT FILM (Animated),Mr. Hublot,Laurent Witz and Alexandre Espigares,tt3043542,
86,2013,2010,Title,True,SHORT FILM (Live Action),SHORT FILM (Live Action),Helium,Anders Walter and Kim Magnusson,tt3346410,
86,2013,2010,Writing,True,WRITING (Adapted Screenplay),WRITING (Adapted Screenplay),12 Years a Slave,Screenplay by John Ridley,tt2024544,Drama
86,2013,2010,Writing,True,WRITING (Original Screenplay),WRITING (Original Screenplay),Her,Written by Spike Jonze,tt1798709,Romance
87,2014,2010,Acting,True,ACTOR IN A LEADING ROLE,ACTOR IN A LEADING ROLE,The Theory of Everything,Eddie Redmayne,tt2980516,Drama
87,2014,2010,Acting,True,ACTOR IN A SUPPORTING ROLE,ACTOR IN A SUPPORTING ROLE,Whiplash,J.K. Simmons,tt2582802,Drama
87,2014,2010,Acting,True,ACTRESS IN A LEADING ROLE,ACTRESS IN A LEADING ROLE,Still Alice,Julianne Moore,tt3316960,Drama
87,2014,2010,Acting,True,ACTRESS IN A SUPPORTING ROLE,ACTRESS IN A SUPPORTING ROLE,Boyhood,Patricia Arquette,tt1065073,Drama
87,2014,2010,Directing,True,DIRECTING,DIRECTING,Birdman or (The Unexpected Virtue of Ignorance),Alejandro G. Iñárritu,tt2562232,Drama
87,2014,2010,Music,True,MUSIC (Original Score),MUSIC (Original Score),The Grand Budapest Hotel,Alexandre Desplat,tt2278388,
87,2014,2010,Music,True,MUSIC (Original Song),MUSIC (Original Song),Selma,Music and Lyric by John Stephens and Lonnie Lynn,tt1020072,
87,2014,2010,Production,True,ART DIRECTION,PRODUCTION DESIGN,The Grand Budapest Hotel,Production Design: Adam Stockhausen; Set Decoration: Anna Pinnock,tt2278388,
87,2014,2010,Production,True,CINEMATOGRAPHY,CINEMATOGRAPHY,Birdman or (The Unexpected Virtue of Ignorance),Emmanuel Lubezki,tt2562232,Drama
87,2014,2010,Production,True,COSTUME DESIGN,COSTUME DESIGN,The Grand Budapest Hotel,Milena Canonero,tt2278388,
87,2014,2010,Production,True,FILM EDITING,FILM EDITING,Whiplash,Tom Cross,tt2582802,Drama
87,2014,2010,Production,True,MAKEUP AND HAIRSTYLING,MAKEUP AND HAIRSTYLING,The Grand Budapest Hotel,Frances Hannon and Mark Coulier,tt2278388,
87,2014,2010,Production,True,SOUND EDITING,SOUND EDITING,American Sniper,Alan Robert Murray and Bub Asman,tt2179136,
87,2014,2010,Production,True,SOUND MIXING,SOUND MIXING,Whiplash,"Craig Mann, Ben Wilkins and Thomas Curley",tt2582802,Drama
87,2014,2010,Production,True,VISUAL EFFECTS,VISUAL EFFECTS,Interstellar,"Paul Franklin, Andrew Lockley, Ian Hunter and Scott Fisher",tt0816692,
87,2014,2010,SciTech,False,SCIENTIFIC AND TECHNICAL AWARD (Academy Award of Merit),SCIENTIFIC AND TECHNICAL AWARD (Academy Award of Merit),,,,
87,2014,2010,SciTech,False,SCIENTIFIC AND TECHNICAL AWARD (Scientific and Engineering Award),SCIENTIFIC AND TECHNICAL AWARD (Scientific and Engineering Award),,,,
87,2014,2010,SciTech,False,SCIENTIFIC AND TECHNICAL AWARD (Scientific and Engineering Award),SCIENTIFIC AND TECHNICAL AWARD (Scientific and Engineering Award),,,,
87,2014,2010,SciTech,False,SCIENTIFIC AND TECHNICAL AWARD (Scientific and Engineering Award),SCIENTIFIC AND TECHNICAL AWARD (Scientific and Engineering Award),,,,
87,2014,2010,SciTech,False,SCIENTIFIC AND TECHNICAL AWARD (Scientific and Engineering Award),SCIENTIFIC AND TECHNICAL AWARD (Scientific and Engineering Award),,,,
87,2014,2010,SciTech,False,SCIENTIFIC AND TECHNICAL AWARD (Technical Achievement Award),SCIENTIFIC AND TECHNICAL AWARD (Technical Achievement Award),,,,
87,2014,2010,SciTech,False,SCIENTIFIC AND TECHNICAL AWARD (Technical Achievement Award),SCIENTIFIC AND TECHNICAL AWARD (Technical Achievement Award),,,,
87,2014,2010,SciTech,False,SCIENTIFIC AND TECHNICAL AWARD (Technical Achievement Award),SCIENTIFIC AND TECHNICAL AWARD (Technical Achievement Award),,,,
87,2014,2010,SciTech,False,SCIENTIFIC AND TECHNICAL AWARD (Technical Achievement Award),SCIENTIFIC AND TECHNICAL AWARD (Technical Achievement Award),,,,
87,2014,2010,SciTech,False,SCIENTIFIC AND TECHNICAL AWARD (Technical Achievement Award),SCIENTIFIC AND TECHNICAL AWARD (Technical Achievement Award),,,,
87,2014,2010,SciTech,False,SCIENTIFIC AND TECHNICAL AWARD (Technical Achievement Award),SCIENTIFIC AND TECHNICAL AWARD (Technical Achievement Award),,,,
87,2014,2010,SciTech,False,SCIENTIFIC AND TECHNICAL AWARD (Technical Achievement Award),SCIENTIFIC AND TECHNICAL AWARD (Technical Achievement Award),,,,
87,2014,2010,SciTech,False,SCIENTIFIC AND TECHNICAL AWARD (Technical Achievement Award),SCIENTIFIC AND TECHNICAL AWARD (Technical Achievement Award),,,,
87,2014,2010,SciTech,False,SCIENTIFIC AND TECHNICAL AWARD (Technical Achievement Award),SCIENTIFIC AND TECHNICAL AWARD (Technical Achievement Award),,,,
87,2014,2010,SciTech,False,SCIENTIFIC AND TECHNICAL AWARD (Technical Achievement Award),SCIENTIFIC AND TECHNICAL AWARD (Technical Achievement Award),,,,
87,2014,2010,SciTech,False,SCIENTIFIC AND TECHNICAL AWARD (Technical Achievement Award),SCIENTIFIC AND TECHNICAL AWARD (Technical Achievement Award),,,,
87,2014,2010,SciTech,False,SCIENTIFIC AND TECHNICAL AWARD (Technical Achievement Award),SCIENTIFIC AND TECHNICAL AWARD (Technical Achievement Award),,,,
87,2014,2010,SciTech,False,SCIENTIFIC AND TECHNICAL AWARD (Technical Achievement Award),SCIENTIFIC AND TECHNICAL AWARD (Technical Achievement Award),,,,
87,2014,2010,SciTech,False,SCIENTIFIC AND TECHNICAL AWARD (Technical Achievement Award),SCIENTIFIC AND TECHNICAL AWARD (Technical Achievement Award),,,,
87,2014,2010,SciTech,False,SCIENTIFIC AND TECHNICAL AWARD (Technical Achievement Award),SCIENTIFIC AND TECHNICAL AWARD (Technical Achievement Award),,,,
87,2014,2010,Special,False,AWARD OF COMMENDATION,AWARD OF COMMENDATION,,,,
87,2014,2010,Special,False,GORDON E. SAWYER AWARD,GORDON E. SAWYER AWARD,,,,
87,2014,2010,Special,False,HONORARY AWARD,HONORARY AWARD,,,,
87,2014,2010,Special,False,HONORARY AWARD,HONORARY AWARD,,,,
87,2014,2010,Special,False,HONORARY AWARD,HONORARY AWARD,,,,
87,2014,2010,Special,False,JEAN HERSHOLT HUMANITARIAN AWARD,JEAN HERSHOLT HUMANITARIAN AWARD,,Harry Belafonte,,
87,2014,2010,Title,True,ANIMATED FEATURE FILM,ANIMATED FEATURE FILM,Big Hero 6,"Don Hall, Chris Williams and Roy Conli",tt2245084,
87,2014,2010,Title,True,BEST PICTURE,BEST PICTURE,Birdman or (The Unexpected Virtue of Ignorance),"Alejandro G. Iñárritu, John Lesher and James W. Skotchdopole, Producers",tt2562232,Drama
87,2014,2010,Title,True,DOCUMENTARY (Feature),DOCUMENTARY (Feature),CitizenFour,"Laura Poitras, Mathilde Bonnefoy and Dirk Wilutzky",tt4044364,
87,2014,2010,Title,True,DOCUMENTARY (Short Subject),DOCUMENTARY (Short Subject),Crisis Hotline: Veterans Press 1,Ellen Goosenberg Kent and Dana Perry,tt3449252,
87,2014,2010,Title,True,INTERNATIONAL FEATURE FILM,FOREIGN LANGUAGE FILM,Ida,Poland,tt2718492,
87,2014,2010,Title,True,SHORT FILM (Animated),SHORT FILM (Animated),Feast,Patrick Osborne and Kristina Reed,tt3689498,
87,2014,2010,Title,True,SHORT FILM (Live Action),SHORT FILM (Live Action),The Phone Call,Mat Kirkby and James Lucas,tt3071532,
87,2014,2010,Writing,True,WRITING (Adapted Screenplay),WRITING (Adapted Screenplay),The Imitation Game,Written by Graham Moore,tt2084970,History
87,2014,2010,Writing,True,WRITING (Original Screenplay),WRITING (Original Screenplay),Birdman or (The Unexpected Virtue of Ignorance),"Written by Alejandro G. Iñárritu, Nicolás Giacobone, Alexander Dinelaris, Jr. & Armando Bo",tt2562232,Drama
88,2015,2010,Acting,True,ACTOR IN A LEADING ROLE,ACTOR IN A LEADING ROLE,The Revenant,Leonardo DiCaprio,tt1663202,Western
88,2015,2010,Acting,True,ACTOR IN A SUPPORTING ROLE,ACTOR IN A SUPPORTING ROLE,Bridge of Spies,Mark Rylance,tt3682448,Thriller
88,2015,2010,Acting,True,ACTRESS IN A LEADING ROLE,ACTRESS IN A LEADING ROLE,Room,Brie Larson,tt3170832,Drama
88,2015,2010,Acting,True,ACTRESS IN A SUPPORTING ROLE,ACTRESS IN A SUPPORTING ROLE,The Danish Girl,Alicia Vikander,tt0810819,Drama
88,2015,2010,Directing,True,DIRECTING,DIRECTING,The Revenant,Alejandro G. Iñárritu,tt1663202,Western
88,2015,2010,Music,True,MUSIC (Original Score),MUSIC (Original Score),The Hateful Eight,Ennio Morricone,tt3460252,
88,2015,2010,Music,True,MUSIC (Original Song),MUSIC (Original Song),Spectre,Music and Lyric by Jimmy Napes and Sam Smith,tt2379713,
88,2015,2010,Production,True,ART DIRECTION,PRODUCTION DESIGN,Mad Max: Fury Road,Production Design: Colin Gibson; Set Decoration: Lisa Thompson,tt1392190,
88,2015,2010,Production,True,CINEMATOGRAPHY,CINEMATOGRAPHY,The Revenant,Emmanuel Lubezki,tt1663202,Western
88,2015,2010,Production,True,COSTUME DESIGN,COSTUME DESIGN,Mad Max: Fury Road,Jenny Beavan,tt1392190,
88,2015,2010,Production,True,FILM EDITING,FILM EDITING,Mad Max: Fury Road,Margaret Sixel,tt1392190,
88,2015,2010,Production,True,MAKEUP AND HAIRSTYLING,MAKEUP AND HAIRSTYLING,Mad Max: Fury Road,"Lesley Vanderwalt, Elka Wardega and Damian Martin",tt1392190,
88,2015,2010,Production,True,SOUND EDITING,SOUND EDITING,Mad Max: Fury Road,Mark Mangini and David White,tt1392190,
88,2015,2010,Production,True,SOUND MIXING,SOUND MIXING,Mad Max: Fury Road,"Chris Jenkins, Gregg Rudloff and Ben Osmo",tt1392190,
88,2015,2010,Production,True,VISUAL EFFECTS,VISUAL EFFECTS,Ex Machina,"Andrew Whitehurst, Paul Norris, Mark Ardington and Sara Bennett",tt0470752,
88,2015,2010,SciTech,False,SCIENTIFIC AND TECHNICAL AWARD (Scientific and Engineering Award),SCIENTIFIC AND TECHNICAL AWARD (Scientific and Engineering Award),,,,
88,2015,2010,SciTech,False,SCIENTIFIC AND TECHNICAL AWARD (Scientific and Engineering Award),SCIENTIFIC AND TECHNICAL AWARD (Scientific and Engineering Award),,,,
88,2015,2010,SciTech,False,SCIENTIFIC AND TECHNICAL AWARD (Special Award),SCIENTIFIC AND TECHNICAL AWARD (Special Award),,,,
88,2015,2010,SciTech,False,SCIENTIFIC AND TECHNICAL AWARD (Technical Achievement Award),SCIENTIFIC AND TECHNICAL AWARD (Technical Achievement Award),,,,
88,2015,2010,SciTech,False,SCIENTIFIC AND TECHNICAL AWARD (Technical Achievement Award),SCIENTIFIC AND TECHNICAL AWARD (Technical Achievement Award),,,,
88,2015,2010,SciTech,False,SCIENTIFIC AND TECHNICAL AWARD (Technical Achievement Award),SCIENTIFIC AND TECHNICAL AWARD (Technical Achievement Award),,,,
88,2015,2010,SciTech,False,SCIENTIFIC AND TECHNICAL AWARD (Technical Achievement Award),SCIENTIFIC AND TECHNICAL AWARD (Technical Achievement Award),,,,
88,2015,2010,SciTech,False,SCIENTIFIC AND TECHNICAL AWARD (Technical Achievement Award),SCIENTIFIC AND TECHNICAL AWARD (Technical Achievement Award),,,,
88,2015,2010,SciTech,False,SCIENTIFIC AND TECHNICAL AWARD (Technical Achievement Award),SCIENTIFIC AND TECHNICAL AWARD (Technical Achievement Award),,,,
88,2015,2010,SciTech,False,SCIENTIFIC AND TECHNICAL AWARD (Technical Achievement Award),SCIENTIFIC AND TECHNICAL AWARD (Technical Achievement Award),,,,
88,2015,2010,SciTech,False,SCIENTIFIC AND TECHNICAL AWARD (Technical Achievement Award),SCIENTIFIC AND TECHNICAL AWARD (Technical Achievement Award),,,,
88,2015,2010,Special,False,HONORARY AWARD,HONORARY AWARD,,,,
88,2015,2010,Special,False,HONORARY AWARD,HONORARY AWARD,,,,
88,2015,2010,Special,False,JEAN HERSHOLT HUMANITARIAN AWARD,JEAN HERSHOLT HUMANITARIAN AWARD,,Debbie Reynolds,,
88,2015,2010,Title,True,ANIMATED FEATURE FILM,ANIMATED FEATURE FILM,Inside Out,Pete Docter and Jonas Rivera,tt2096673,
88,2015,2010,Title,True,BEST PICTURE,BEST PICTURE,Spotlight,"Michael Sugar, Steve Golin, Nicole Rocklin and Blye Pagon Faust, Producers",tt1895587,Drama
88,2015,2010,Title,True,DOCUMENTARY (Feature),DOCUMENTARY (Feature),Amy,Asif Kapadia and James Gay-Rees,tt2870648,
88,2015,2010,Title,True,DOCUMENTARY (Short Subject),DOCUMENTARY (Short Subject),A Girl in the River: The Price of Forgiveness,Sharmeen Obaid-Chinoy,tt5144072,
88,2015,2010,Title,True,INTERNATIONAL FEATURE FILM,FOREIGN LANGUAGE FILM,Son of Saul,Hungary,tt3808342,
88,2015,2010,Title,True,SHORT FILM (Animated),SHORT FILM (Animated),Bear Story,Gabriel Osorio and Pato Escala,tt3829254,
88,2015,2010,Title,True,SHORT FILM (Live Action),SHORT FILM (Live Action),Stutterer,Benjamin Cleary and Serena Armitage,tt4817576,
88,2015,2010,Writing,True,WRITING (Adapted Screenplay),WRITING (Adapted Screenplay),The Big Short,Screenplay by Charles Randolph and Adam McKay,tt1596363,Comedy
88,2015,2010,Writing,True,WRITING (Original Screenplay),WRITING (Original Screenplay),Spotlight,Written by Josh Singer & Tom McCarthy,tt1895587,Drama
89,2016,2010,Acting,True,ACTOR IN A LEADING ROLE,ACTOR IN A LEADING ROLE,Manchester by the Sea,Casey Affleck,tt4034228,Drama
89,2016,2010,Acting,True,ACTOR IN A SUPPORTING ROLE,ACTOR IN A SUPPORTING ROLE,Moonlight,Mahershala Ali,tt4975722,Drama
89,2016,2010,Acting,True,ACTRESS IN A LEADING ROLE,ACTRESS IN A LEADING ROLE,La La Land,Emma Stone,tt3783958,Comedy
89,2016,2010,Acting,True,ACTRESS IN A SUPPORTING ROLE,ACTRESS IN A SUPPORTING ROLE,Fences,Viola Davis,tt2671706,Drama
89,2016,2010,Directing,True,DIRECTING,DIRECTING,La La Land,Damien Chazelle,tt3783958,Comedy
89,2016,2010,Music,True,MUSIC (Original Score),MUSIC (Original Score),La La Land,Justin Hurwitz,tt3783958,Comedy
89,2016,2010,Music,True,MUSIC (Original Song),MUSIC (Original Song),La La Land,Music by Justin Hurwitz; Lyric by Benj Pasek and Justin Paul,tt3783958,Comedy
89,2016,2010,Production,True,ART DIRECTION,PRODUCTION DESIGN,La La Land,Production Design: David Wasco; Set Decoration: Sandy Reynolds-Wasco,tt3783958,Comedy
89,2016,2010,Production,True,CINEMATOGRAPHY,CINEMATOGRAPHY,La La Land,Linus Sandgren,tt3783958,Comedy
89,2016,2010,Production,True,COSTUME DESIGN,COSTUME DESIGN,Fantastic Beasts and Where to Find Them,Colleen Atwood,tt3183660,
89,2016,2010,Production,True,FILM EDITING,FILM EDITING,Hacksaw Ridge,John Gilbert,tt2119532,
89,2016,2010,Production,True,MAKEUP AND HAIRSTYLING,MAKEUP AND HAIRSTYLING,Suicide Squad,"Alessandro Bertolazzi, Giorgio Gregorini and Christopher Nelson",tt1386697,
89,2016,2010,Production,True,SOUND EDITING,SOUND EDITING,Arrival,Sylvain Bellemare,tt2543164,
89,2016,2010,Production,True,SOUND MIXING,SOUND MIXING,Hacksaw Ridge,"Kevin O'Connell, Andy Wright, Robert Mackenzie and Peter Grace",tt2119532,
89,2016,2010,Production,True,VISUAL EFFECTS,VISUAL EFFECTS,The Jungle Book,"Robert Legato, Adam Valdez, Andrew R. Jones and Dan Lemmon",tt3040964,
89,2016,2010,SciTech,False,SCIENTIFIC AND TECHNICAL AWARD (Scientific and Engineering Award),SCIENTIFIC AND TECHNICAL AWARD (Scientific and Engineering Award),,,,
89,2016,2010,SciTech,False,SCIENTIFIC AND TECHNICAL AWARD (Scientific and Engineering Award),SCIENTIFIC AND TECHNICAL AWARD (Scientific and Engineering Award),,,,
89,2016,2010,SciTech,False,SCIENTIFIC AND TECHNICAL AWARD (Scientific and Engineering Award),SCIENTIFIC AND TECHNICAL AWARD (Scientific and Engineering Award),,,,
89,2016,2010,SciTech,False,SCIENTIFIC AND TECHNICAL AWARD (Scientific and Engineering Award),SCIENTIFIC AND TECHNICAL AWARD (Scientific and Engineering Award),,,,
89,2016,2010,SciTech,False,SCIENTIFIC AND TECHNICAL AWARD (Scientific and Engineering Award),SCIENTIFIC AND TECHNICAL AWARD (Scientific and Engineering Award),,,,
89,2016,2010,SciTech,False,SCIENTIFIC AND TECHNICAL AWARD (Scientific and Engineering Award),SCIENTIFIC AND TECHNICAL AWARD (Scientific and Engineering Award),,,,
89,2016,2010,SciTech,False,SCIENTIFIC AND TECHNICAL AWARD (Scientific and Engineering Award),SCIENTIFIC AND TECHNICAL AWARD (Scientific and Engineering Award),,,,
89,2016,2010,SciTech,False,SCIENTIFIC AND TECHNICAL AWARD (Scientific and Engineering Award),SCIENTIFIC AND TECHNICAL AWARD (Scientific and Engineering Award),,,,
89,2016,2010,SciTech,False,SCIENTIFIC AND TECHNICAL AWARD (Technical Achievement Award),SCIENTIFIC AND TECHNICAL AWARD (Technical Achievement Award),,,,
89,2016,2010,SciTech,False,SCIENTIFIC AND TECHNICAL AWARD (Technical Achievement Award),SCIENTIFIC AND TECHNICAL AWARD (Technical Achievement Award),,,,
89,2016,2010,SciTech,False,SCIENTIFIC AND TECHNICAL AWARD (Technical Achievement Award),SCIENTIFIC AND TECHNICAL AWARD (Technical Achievement Award),,,,
89,2016,2010,SciTech,False,SCIENTIFIC AND TECHNICAL AWARD (Technical Achievement Award),SCIENTIFIC AND TECHNICAL AWARD (Technical Achievement Award),,,,
89,2016,2010,SciTech,False,SCIENTIFIC AND TECHNICAL AWARD (Technical Achievement Award),SCIENTIFIC AND TECHNICAL AWARD (Technical Achievement Award),,,,
89,2016,2010,SciTech,False,SCIENTIFIC AND TECHNICAL AWARD (Technical Achievement Award),SCIENTIFIC AND TECHNICAL AWARD (Technical Achievement Award),,,,
89,2016,2010,SciTech,False,SCIENTIFIC AND TECHNICAL AWARD (Technical Achievement Award),SCIENTIFIC AND TECHNICAL AWARD (Technical Achievement Award),,,,
89,2016,2010,SciTech,False,SCIENTIFIC AND TECHNICAL AWARD (Technical Achievement Award),SCIENTIFIC AND TECHNICAL AWARD (Technical Achievement Award),,,,
89,2016,2010,SciTech,False,SCIENTIFIC AND TECHNICAL AWARD (Technical Achievement Award),SCIENTIFIC AND TECHNICAL AWARD (Technical Achievement Award),,,,
89,2016,2010,SciTech,False,SCIENTIFIC AND TECHNICAL AWARD (Technical Achievement Award),SCIENTIFIC AND TECHNICAL AWARD (Technical Achievement Award),,,,
89,2016,2010,Special,False,HONORARY AWARD,HONORARY AWARD,,,,
89,2016,2010,Special,False,HONORARY AWARD,HONORARY AWARD,,,,
89,2016,2010,Special,False,HONORARY AWARD,HONORARY AWARD,,,,
89,2016,2010,Special,False,HONORARY AWARD,HONORARY AWARD,,,,
89,2016,2010,Title,True,ANIMATED FEATURE FILM,ANIMATED FEATURE FILM,Zootopia,"Byron Howard, Rich Moore and Clark Spencer",tt2948356,
89,2016,2010,Title,True,BEST PICTURE,BEST PICTURE,Moonlight,"Adele Romanski, Dede Gardner and Jeremy Kleiner, Producers",tt4975722,Drama
89,2016,2010,Title,True,DOCUMENTARY (Feature),DOCUMENTARY (Feature),O.J.: Made in America,Ezra Edelman and Caroline Waterlow,tt5275892,
89,2016,2010,Title,True,DOCUMENTARY (Short Subject),DOCUMENTARY (Short Subject),The White Helmets,Orlando von Einsiedel and Joanna Natasegara,tt6073176,
89,2016,2010,Title,True,INTERNATIONAL FEATURE FILM,FOREIGN LANGUAGE FILM,The Salesman,Iran,tt5186714,
89,2016,2010,Title,True,SHORT FILM (Animated),SHORT FILM (Animated),Piper,Alan Barillaro and Marc Sondheimer,tt5613056,
89,2016,2010,Title,True,SHORT FILM (Live Action),SHORT FILM (Live Action),Sing,Kristof Deák and Anna Udvardy,tt4571288,
89,2016,2010,Writing,True,WRITING (Adapted Screenplay),WRITING (Adapted Screenplay),Moonlight,Screenplay by Barry Jenkins; Story by Tarell Alvin McCraney,tt4975722,Drama
89,2016,2010,Writing,True,WRITING (Original Screenplay),WRITING (Original Screenplay),Manchester by the Sea,Written by Kenneth Lonergan,tt4034228,Drama
90,2017,2010,Acting,True,ACTOR IN A LEADING ROLE,ACTOR IN A LEADING ROLE,Darkest Hour,Gary Oldman,tt4555426,Drama
90,2017,2010,Acting,True,ACTOR IN A SUPPORTING ROLE,ACTOR IN A SUPPORTING ROLE,"Three Billboards outside Ebbing, Missouri",Sam Rockwell,tt5027774,Crime
90,2017,2010,Acting,True,ACTRESS IN A LEADING ROLE,ACTRESS IN A LEADING ROLE,"Three Billboards outside Ebbing, Missouri",Frances McDormand,tt5027774,Crime
90,2017,2010,Acting,True,ACTRESS IN A SUPPORTING ROLE,ACTRESS IN A SUPPORTING ROLE,"I, Tonya",Allison Janney,tt5580036,Drama
90,2017,2010,Directing,True,DIRECTING,DIRECTING,The Shape of Water,Guillermo del Toro,tt5580390,Drama
90,2017,2010,Music,True,MUSIC (Original Score),MUSIC (Original Score),The Shape of Water,Alexandre Desplat,tt5580390,Drama
90,2017,2010,Music,True,MUSIC (Original Song),MUSIC (Original Song),Coco,Music and Lyric by Kristen Anderson-Lopez and Robert Lopez,tt2380307,
90,2017,2010,Production,True,ART DIRECTION,PRODUCTION DESIGN,The Shape of Water,Production Design: Paul Denham Austerberry; Set Decoration: Shane Vieau and Jeffrey A. Melvin,tt5580390,Drama
90,2017,2010,Production,True,CINEMATOGRAPHY,CINEMATOGRAPHY,Blade Runner 2049,Roger A. Deakins,tt1856101,
90,2017,2010,Production,True,COSTUME DESIGN,COSTUME DESIGN,Phantom Thread,Mark Bridges,tt5776858,
90,2017,2010,Production,True,FILM EDITING,FILM EDITING,Dunkirk,Lee Smith,tt5013056,
90,2017,2010,Production,True,MAKEUP AND HAIRSTYLING,MAKEUP AND HAIRSTYLING,Darkest Hour,"Kazuhiro Tsuji, David Malinowski and Lucy Sibbick",tt4555426,Drama
90,2017,2010,Production,True,SOUND EDITING,SOUND EDITING,Dunkirk,Richard King and Alex Gibson,tt5013056,
90,2017,2010,Production,True,SOUND MIXING,SOUND MIXING,Dunkirk,"Gregg Landaker, Gary A. Rizzo and Mark Weingarten",tt5013056,
90,2017,2010,Production,True,VISUAL EFFECTS,VISUAL EFFECTS,Blade Runner 2049,"John Nelson, Gerd Nefzer, Paul Lambert and Richard R. Hoover",tt1856101,
90,2017,2010,SciTech,False,SCIENTIFIC AND TECHNICAL AWARD (Academy Award of Merit),SCIENTIFIC AND TECHNICAL AWARD (Academy Award of Merit),,,,
90,2017,2010,SciTech,False,SCIENTIFIC AND TECHNICAL AWARD (Scientific and Engineering Award),SCIENTIFIC AND TECHNICAL AWARD (Scientific and Engineering Award),,,,
90,2017,2010,SciTech,False,SCIENTIFIC AND TECHNICAL AWARD (Scientific and Engineering Award),SCIENTIFIC AND TECHNICAL AWARD (Scientific and Engineering Award),,,,
90,2017,2010,SciTech,False,SCIENTIFIC AND TECHNICAL AWARD (Scientific and Engineering Award),SCIENTIFIC AND TECHNICAL AWARD (Scientific and Engineering Award),,,,
90,2017,2010,SciTech,False,SCIENTIFIC AND TECHNICAL AWARD (Scientific and Engineering Award),SCIENTIFIC AND TECHNICAL AWARD (Scientific and Engineering Award),,,,
90,2017,2010,SciTech,False,SCIENTIFIC AND TECHNICAL AWARD (Scientific and Engineering Award),SCIENTIFIC AND TECHNICAL AWARD (Scientific and Engineering Award),,,,
90,2017,2010,SciTech,False,SCIENTIFIC AND TECHNICAL AWARD (Technical Achievement Award),SCIENTIFIC AND TECHNICAL AWARD (Technical Achievement Award),,,,
90,2017,2010,SciTech,False,SCIENTIFIC AND TECHNICAL AWARD (Technical Achievement Award),SCIENTIFIC AND TECHNICAL AWARD (Technical Achievement Award),,,,
90,2017,2010,SciTech,False,SCIENTIFIC AND TECHNICAL AWARD (Technical Achievement Award),SCIENTIFIC AND TECHNICAL AWARD (Technical Achievement Award),,,,
90,2017,2010,SciTech,False,SCIENTIFIC AND TECHNICAL AWARD (Technical Achievement Award),SCIENTIFIC AND TECHNICAL AWARD (Technical Achievement Award),,,,
90,2017,2010,Special,False,GORDON E. SAWYER AWARD,GORDON E. SAWYER AWARD,,,,
90,2017,2010,Special,False,HONORARY AWARD,HONORARY AWARD,,,,
90,2017,2010,Special,False,HONORARY AWARD,HONORARY AWARD,,,,
90,2017,2010,Special,False,HONORARY AWARD,HONORARY AWARD,,,,
90,2017,2010,Special,False,HONORARY AWARD,HONORARY AWARD,,,,
90,2017,2010,Special,False,SPECIAL AWARD,SPECIAL AWARD,CARNE y ARENA,,tt6212516,
90,2017,2010,Title,True,ANIMATED FEATURE FILM,ANIMATED FEATURE FILM,Coco,Lee Unkrich and Darla K. Anderson,tt2380307,
90,2017,2010,Title,True,BEST PICTURE,BEST PICTURE,The Shape of Water,"Guillermo del Toro and J. Miles Dale, Producers",tt5580390,Drama
90,2017,2010,Title,True,DOCUMENTARY (Feature),DOCUMENTARY (Feature),Icarus,Bryan Fogel and Dan Cogan,tt6333060,
90,2017,2010,Title,True,DOCUMENTARY (Short Subject),DOCUMENTARY (Short Subject),Heaven Is a Traffic Jam on the 405,Frank Stiefel,tt5095260,
90,2017,2010,Title,True,INTERNATIONAL FEATURE FILM,FOREIGN LANGUAGE FILM,A Fantastic Woman,Chile,tt5639354,
90,2017,2010,Title,True,SHORT FILM (Animated),SHORT FILM (Animated),Dear Basketball,Glen Keane and Kobe Bryant,tt6794476,
90,2017,2010,Title,True,SHORT FILM (Live Action),SHORT FILM (Live Action),The Silent Child,Chris Overton and Rachel Shenton,tt6186970,
90,2017,2010,Writing,True,WRITING (Adapted Screenplay),WRITING (Adapted Screenplay),Call Me by Your Name,Screenplay by James Ivory,tt5726616,Romance
90,2017,2010,Writing,True,WRITING (Original Screenplay),WRITING (Original Screenplay),Get Out,Written by Jordan Peele,tt5052448,Mystery
91,2018,2010,Acting,True,ACTOR IN A LEADING ROLE,ACTOR IN A LEADING ROLE,Bohemian Rhapsody,Rami Malek,tt1727824,Music
91,2018,2010,Acting,True,ACTOR IN A SUPPORTING ROLE,ACTOR IN A SUPPORTING ROLE,Green Book,Mahershala Ali,tt6966692,Drama
91,2018,2010,Acting,True,ACTRESS IN A LEADING ROLE,ACTRESS IN A LEADING ROLE,The Favourite,Olivia Colman,tt5083738,History
91,2018,2010,Acting,True,ACTRESS IN A SUPPORTING ROLE,ACTRESS IN A SUPPORTING ROLE,If Beale Street Could Talk,Regina King,tt7125860,Romance
91,2018,2010,Directing,True,DIRECTING,DIRECTING,Roma,Alfonso Cuarón,tt6155172,Drama
91,2018,2010,Music,True,MUSIC (Original Score),MUSIC (Original Score),Black Panther,Ludwig Goransson,tt1825683,
91,2018,2010,Music,True,MUSIC (Original Song),MUSIC (Original Song),A Star Is Born,"Music and Lyric by Lady Gaga, Mark Ronson, Anthony Rossomando and Andrew Wyatt",tt1517451,
91,2018,2010,Production,True,ART DIRECTION,PRODUCTION DESIGN,Black Panther,Production Design: Hannah Beachler; Set Decoration: Jay Hart,tt1825683,
91,2018,2010,Production,True,CINEMATOGRAPHY,CINEMATOGRAPHY,Roma,Alfonso Cuarón,tt6155172,Drama
91,2018,2010,Production,True,COSTUME DESIGN,COSTUME DESIGN,Black Panther,Ruth Carter,tt1825683,
91,2018,2010,Production,True,FILM EDITING,FILM EDITING,Bohemian Rhapsody,John Ottman,tt1727824,Music
91,2018,2010,Production,True,MAKEUP AND HAIRSTYLING,MAKEUP AND HAIRSTYLING,Vice,"Greg Cannom, Kate Biscoe and Patricia Dehaney",tt6266538,
91,2018,2010,Production,True,SOUND EDITING,SOUND EDITING,Bohemian Rhapsody,John Warhurst and Nina Hartstone,tt1727824,Music
91,2018,2010,Production,True,SOUND MIXING,SOUND MIXING,Bohemian Rhapsody,"Paul Massey, Tim Cavagin and John Casali",tt1727824,Music
91,2018,2010,Production,True,VISUAL EFFECTS,VISUAL EFFECTS,First Man,"Paul Lambert, Ian Hunter, Tristan Myles and J.D. Schwalm",tt1213641,
91,2018,2010,SciTech,False,SCIENTIFIC AND TECHNICAL AWARD (Scientific and Engineering Award),SCIENTIFIC AND TECHNICAL AWARD (Scientific and Engineering Award),,,,
91,2018,2010,SciTech,False,SCIENTIFIC AND TECHNICAL AWARD (Scientific and Engineering Award),SCIENTIFIC AND TECHNICAL AWARD (Scientific and Engineering Award),,,,
91,2018,2010,SciTech,False,SCIENTIFIC AND TECHNICAL AWARD (Scientific and Engineering Award),SCIENTIFIC AND TECHNICAL AWARD (Scientific and Engineering Award),,,,
91,2018,2010,SciTech,False,SCIENTIFIC AND TECHNICAL AWARD (Technical Achievement Award),SCIENTIFIC AND TECHNICAL AWARD (Technical Achievement Award),,,,
91,2018,2010,SciTech,False,SCIENTIFIC AND TECHNICAL AWARD (Technical Achievement Award),SCIENTIFIC AND TECHNICAL AWARD (Technical Achievement Award),,,,
91,2018,2010,SciTech,False,SCIENTIFIC AND TECHNICAL AWARD (Technical Achievement Award),SCIENTIFIC AND TECHNICAL AWARD (Technical Achievement Award),,,,
91,2018,2010,SciTech,False,SCIENTIFIC AND TECHNICAL AWARD (Technical Achievement Award),SCIENTIFIC AND TECHNICAL AWARD (Technical Achievement Award),,,,
91,2018,2010,SciTech,False,SCIENTIFIC AND TECHNICAL AWARD (Technical Achievement Award),SCIENTIFIC AND TECHNICAL AWARD (Technical Achievement Award),,,,
91,2018,2010,SciTech,False,SCIENTIFIC AND TECHNICAL AWARD (Technical Achievement Award),SCIENTIFIC AND TECHNICAL AWARD (Technical Achievement Award),,,,
91,2018,2010,Special,False,HONORARY AWARD,HONORARY AWARD,,,,
91,2018,2010,Special,False,HONORARY AWARD,HONORARY AWARD,,,,
91,2018,2010,Special,False,HONORARY AWARD,HONORARY AWARD,,,,
91,2018,2010,Special,False,IRVING G. THALBERG MEMORIAL AWARD,IRVING G. THALBERG MEMORIAL AWARD,,Kathleen Kennedy and Frank Marshall,,
91,2018,2010,Special,False,JOHN A. BONNER MEDAL OF COMMENDATION,JOHN A. BONNER MEDAL OF COMMENDATION,,,,
91,2018,2010,Title,True,ANIMATED FEATURE FILM,ANIMATED FEATURE FILM,Spider-Man: Into the Spider-Verse,"Bob Persichetti, Peter Ramsey, Rodney Rothman, Phil Lord and Christopher Miller",tt4633694,
91,2018,2010,Title,True,BEST PICTURE,BEST PICTURE,Green Book,"Jim Burke, Charles B. Wessler, Brian Currie, Peter Farrelly and Nick Vallelonga, Producers",tt6966692,Drama
91,2018,2010,Title,True,DOCUMENTARY (Feature),DOCUMENTARY (Feature),Free Solo,"Elizabeth Chai Vasarhelyi, Jimmy Chin, Evan Hayes and Shannon Dill",tt7775622,
91,2018,2010,Title,True,DOCUMENTARY (Short Subject),DOCUMENTARY (Short Subject),Period. End of Sentence.,Rayka Zehtabchi and Melissa Berton,tt6939026,
91,2018,2010,Title,True,INTERNATIONAL FEATURE FILM,FOREIGN LANGUAGE FILM,Roma,Mexico,tt6155172,Drama
91,2018,2010,Title,True,SHORT FILM (Animated),SHORT FILM (Animated),Bao,Domee Shi and Becky Neiman-Cobb,tt8075496,
91,2018,2010,Title,True,SHORT FILM (Live Action),SHORT FILM (Live Action),Skin,Guy Nattiv and Jaime Ray Newman,tt7332306,
91,2018,2010,Writing,True,WRITING (Adapted Screenplay),WRITING (Adapted Screenplay),BlacKkKlansman,Written by Charlie Wachtel & David Rabinowitz and Kevin Willmott & Spike Lee,tt7349662,Crime
91,2018,2010,Writing,True,WRITING (Original Screenplay),WRITING (Original Screenplay),Green Book,"Written by Nick Vallelonga, Brian Currie, Peter Farrelly",tt6966692,Drama
92,2019,2010,Acting,True,ACTOR IN A LEADING ROLE,ACTOR IN A LEADING ROLE,Joker,Joaquin Phoenix,tt7286456,Crime
92,2019,2010,Acting,True,ACTOR IN A SUPPORTING ROLE,ACTOR IN A SUPPORTING ROLE,Once upon a Time...in Hollywood,Brad Pitt,tt7131622,Comedy
92,2019,2010,Acting,True,ACTRESS IN A LEADING ROLE,ACTRESS IN A LEADING ROLE,Judy,Renée Zellweger,tt7549996,Drama
92,2019,2010,Acting,True,ACTRESS IN A SUPPORTING ROLE,ACTRESS IN A SUPPORTING ROLE,Marriage Story,Laura Dern,tt7653254,Drama
92,2019,2010,Directing,True,DIRECTING,DIRECTING,Parasite,Bong Joon Ho,tt6751668,Comedy
92,2019,2010,Music,True,MUSIC (Original Score),MUSIC (Original Score),Joker,Hildur Guðnadóttir,tt7286456,Crime
92,2019,2010,Music,True,MUSIC (Original Song),MUSIC (Original Song),Rocketman,Music by Elton John; Lyric by Bernie Taupin,tt2066051,
92,2019,2010,Production,True,ART DIRECTION,PRODUCTION DESIGN,Once upon a Time...in Hollywood,Production Design: Barbara Ling; Set Decoration: Nancy Haigh,tt7131622,Comedy
92,2019,2010,Production,True,CINEMATOGRAPHY,CINEMATOGRAPHY,1917,Roger Deakins,tt8579674,
92,2019,2010,Production,True,COSTUME DESIGN,COSTUME DESIGN,Little Women,Jacqueline Durran,tt3281548,
92,2019,2010,Production,True,FILM EDITING,FILM EDITING,Ford v Ferrari,Michael McCusker and Andrew Buckland,tt1950186,
92,2019,2010,Production,True,MAKEUP AND HAIRSTYLING,MAKEUP AND HAIRSTYLING,Bombshell,"Kazu Hiro, Anne Morgan and Vivian Baker",tt6394270,
92,2019,2010,Production,True,SOUND EDITING,SOUND EDITING,Ford v Ferrari,Donald Sylvester,tt1950186,
92,2019,2010,Production,True,SOUND MIXING,SOUND MIXING,1917,Mark Taylor and Stuart Wilson,tt8579674,
92,2019,2010,Production,True,VISUAL EFFECTS,VISUAL EFFECTS,1917,"Guillaume Rocheron, Greg Butler and Dominic Tuohy",tt8579674,
92,2019,2010,SciTech,False,SCIENTIFIC AND TECHNICAL AWARD (Scientific and Engineering Award),SCIENTIFIC AND TECHNICAL AWARD (Scientific and Engineering Award),,,,
92,2019,2010,SciTech,False,SCIENTIFIC AND TECHNICAL AWARD (Scientific and Engineering Award),SCIENTIFIC AND TECHNICAL AWARD (Scientific and Engineering Award),,,,
92,2019,2010,SciTech,False,SCIENTIFIC AND TECHNICAL AWARD (Scientific and Engineering Award),SCIENTIFIC AND TECHNICAL AWARD (Scientific and Engineering Award),,,,
92,2019,2010,SciTech,False,SCIENTIFIC AND TECHNICAL AWARD (Scientific and Engineering Award),SCIENTIFIC AND TECHNICAL AWARD (Scientific and Engineering Award),,,,
92,2019,2010,SciTech,False,SCIENTIFIC AND TECHNICAL AWARD (Scientific and Engineering Award),SCIENTIFIC AND TECHNICAL AWARD (Scientific and Engineering Award),,,,
92,2019,2010,SciTech,False,SCIENTIFIC AND TECHNICAL AWARD (Technical Achievement Award),SCIENTIFIC AND TECHNICAL AWARD (Technical Achievement Award),,,,
92,2019,2010,SciTech,False,SCIENTIFIC AND TECHNICAL AWARD (Technical Achievement Award),SCIENTIFIC AND TECHNICAL AWARD (Technical Achievement Award),,,,
92,2019,2010,SciTech,False,SCIENTIFIC AND TECHNICAL AWARD (Technical Achievement Award),SCIENTIFIC AND TECHNICAL AWARD (Technical Achievement Award),,,,
92,2019,2010,SciTech,False,SCIENTIFIC AND TECHNICAL AWARD (Technical Achievement Award),SCIENTIFIC AND TECHNICAL AWARD (Technical Achievement Award),,,,
92,2019,2010,SciTech,False,SCIENTIFIC AND TECHNICAL AWARD (Technical Achievement Award),SCIENTIFIC AND TECHNICAL AWARD (Technical Achievement Award),,,,
92,2019,2010,SciTech,False,SCIENTIFIC AND TECHNICAL AWARD (Technical Achievement Award),SCIENTIFIC AND TECHNICAL AWARD (Technical Achievement Award),,,,
92,2019,2010,SciTech,False,SCIENTIFIC AND TECHNICAL AWARD (Technical Achievement Award),SCIENTIFIC AND TECHNICAL AWARD (Technical Achievement Award),,,,
92,2019,2010,SciTech,False,SCIENTIFIC AND TECHNICAL AWARD (Technical Achievement Award),SCIENTIFIC AND TECHNICAL AWARD (Technical Achievement Award),,,,
92,2019,2010,SciTech,False,SCIENTIFIC AND TECHNICAL AWARD (Technical Achievement Award),SCIENTIFIC AND TECHNICAL AWARD (Technical Achievement Award),,,,
92,2019,2010,SciTech,False,SCIENTIFIC AND TECHNICAL AWARD (Technical Achievement Award),SCIENTIFIC AND TECHNICAL AWARD (Technical Achievement Award),,,,
92,2019,2010,SciTech,False,SCIENTIFIC AND TECHNICAL AWARD (Technical Achievement Award),SCIENTIFIC AND TECHNICAL AWARD (Technical Achievement Award),,,,
92,2019,2010,SciTech,False,SCIENTIFIC AND TECHNICAL AWARD (Technical Achievement Award),SCIENTIFIC AND TECHNICAL AWARD (Technical Achievement Award),,,,
92,2019,2010,Special,False,HONORARY AWARD,HONORARY AWARD,,,,
92,2019,2010,Special,False,HONORARY AWARD,HONORARY AWARD,,,,
92,2019,2010,Special,False,HONORARY AWARD,HONORARY AWARD,,,,
92,2019,2010,Special,False,JEAN HERSHOLT HUMANITARIAN AWARD,JEAN HERSHOLT HUMANITARIAN AWARD,,Geena Davis,,
92,2019,2010,Title,True,ANIMATED FEATURE FILM,ANIMATED FEATURE FILM,Toy Story 4,"Josh Cooley, Mark Nielsen and Jonas Rivera",tt1979376,
92,2019,2010,Title,True,BEST PICTURE,BEST PICTURE,Parasite,"Kwak Sin Ae and Bong Joon Ho, Producers",tt6751668,Comedy
92,2019,2010,Title,True,DOCUMENTARY (Feature),DOCUMENTARY (Feature),American Factory,"Steven Bognar, Julia Reichert and Jeff Reichert",tt9351980,
92,2019,2010,Title,True,DOCUMENTARY (Short Subject),DOCUMENTARY (Short Subject),Learning to Skateboard in a Warzone (If You're a Girl),Carol Dysinger and Elena Andreicheva,tt10397932,
92,2019,2010,Title,True,INTERNATIONAL FEATURE FILM,INTERNATIONAL FEATURE FILM,Parasite,South Korea,tt6751668,Comedy
92,2019,2010,Title,True,SHORT FILM (Animated),SHORT FILM (Animated),Hair Love,Matthew A. Cherry and Karen Rupert Toliver,tt7129636,
92,2019,2010,Title,True,SHORT FILM (Live Action),SHORT FILM (Live Action),The Neighbors' Window,Marshall Curry,tt8163822,
92,2019,2010,Writing,True,WRITING (Adapted Screenplay),WRITING (Adapted Screenplay),Jojo Rabbit,Screenplay by Taika Waititi,tt2584384,Comedy
92,2019,2010,Writing,True,WRITING (Original Screenplay),WRITING (Original Screenplay),Parasite,"Screenplay by Bong Joon Ho, Han Jin Won; Story by Bong Joon Ho",tt6751668,Comedy
93,2020,2020,Acting,True,ACTOR IN A LEADING ROLE,ACTOR IN A LEADING ROLE,The Father,Anthony Hopkins,tt10272386,Drama
93,2020,2020,Acting,True,ACTOR IN A SUPPORTING ROLE,ACTOR IN A SUPPORTING ROLE,Judas and the Black Messiah,Daniel Kaluuya,tt9784798,Drama
93,2020,2020,Acting,True,ACTRESS IN A LEADING ROLE,ACTRESS IN A LEADING ROLE,Nomadland,Frances McDormand,tt9770150,Drama
93,2020,2020,Acting,True,ACTRESS IN A SUPPORTING ROLE,ACTRESS IN A SUPPORTING ROLE,Minari,Yuh-Jung Youn,tt10633456,Drama
93,2020,2020,Directing,True,DIRECTING,DIRECTING,Nomadland,Chloé Zhao,tt9770150,Drama
93,2020,2020,Music,True,MUSIC (Original Score),MUSIC (Original Score),Soul,"Trent Reznor, Atticus Ross and Jon Batiste",tt2948372,
93,2020,2020,Music,True,MUSIC (Original Song),MUSIC (Original Song),Judas and the Black Messiah,Music by H.E.R. and Dernst Emile II; Lyric by H.E.R. and Tiara Thomas,tt9784798,Drama
93,2020,2020,Production,True,ART DIRECTION,PRODUCTION DESIGN,Mank,Production Design: Donald Graham Burt; Set Decoration: Jan Pascale,tt10618286,
93,2020,2020,Production,True,CINEMATOGRAPHY,CINEMATOGRAPHY,Mank,Erik Messerschmidt,tt10618286,
93,2020,2020,Production,True,COSTUME DESIGN,COSTUME DESIGN,Ma Rainey's Black Bottom,Ann Roth,tt10514222,
93,2020,2020,Production,True,FILM EDITING,FILM EDITING,Sound of Metal,Mikkel E. G. Nielsen,tt5363618,
93,2020,2020,Production,True,MAKEUP AND HAIRSTYLING,MAKEUP AND HAIRSTYLING,Ma Rainey's Black Bottom,"Sergio Lopez-Rivera, Mia Neal and Jamika Wilson",tt10514222,
93,2020,2020,Production,True,SOUND MIXING,SOUND,Sound of Metal,"Nicolas Becker, Jaime Baksht, Michellee Couttolenc, Carlos Cortés and Phillip Bladh",tt5363618,
93,2020,2020,Production,True,VISUAL EFFECTS,VISUAL EFFECTS,Tenet,"Andrew Jackson, David Lee, Andrew Lockley and Scott Fisher",tt6723592,
93,2020,2020,Special,False,JEAN HERSHOLT HUMANITARIAN AWARD,JEAN HERSHOLT HUMANITARIAN AWARD,,Tyler Perry,,
93,2020,2020,Special,False,JEAN HERSHOLT HUMANITARIAN AWARD,JEAN HERSHOLT HUMANITARIAN AWARD,,Motion Picture & Television Fund,,
93,2020,2020,Title,True,ANIMATED FEATURE FILM,ANIMATED FEATURE FILM,Soul,Pete Docter and Dana Murray,tt2948372,
93,2020,2020,Title,True,BEST PICTURE,BEST PICTURE,Nomadland,"Frances McDormand, Peter Spears, Mollye Asher, Dan Janvey and Chloé Zhao, Producers",tt9770150,Drama
93,2020,2020,Title,True,DOCUMENTARY (Feature),DOCUMENTARY (Feature),My Octopus Teacher,"Pippa Ehrlich, James Reed and Craig Foster",tt12888462,
93,2020,2020,Title,True,DOCUMENTARY (Short Subject),DOCUMENTARY (Short Subject),Colette,Anthony Giacchino and Alice Doyard,tt11643154,
93,2020,2020,Title,True,INTERNATIONAL FEATURE FILM,INTERNATIONAL FEATURE FILM,Another Round,Denmark,tt10288566,
93,2020,2020,Title,True,SHORT FILM (Animated),SHORT FILM (Animated),If Anything Happens I Love You,Will McCormack and Michael Govier,tt11768948,
93,2020,2020,Title,True,SHORT FILM (Live Action),SHORT FILM (Live Action),Two Distant Strangers,Travon Free and Martin Desmond Roe,tt13472984,
93,2020,2020,Writing,True,WRITING (Adapted Screenplay),WRITING (Adapted Screenplay),The Father,Screenplay by Christopher Hampton and Florian Zeller,tt10272386,Drama
93,2020,2020,Writing,True,WRITING (Original Screenplay),WRITING (Original Screenplay),Promising Young Woman,Written by Emerald Fennell,tt9620292,Thriller
94,2021,2020,Acting,True,ACTOR IN A LEADING ROLE,ACTOR IN A LEADING ROLE,King Richard,Will Smith,tt9620288,Drama
94,2021,2020,Acting,True,ACTOR IN A SUPPORTING ROLE,ACTOR IN A SUPPORTING ROLE,CODA,Troy Kotsur,tt10366460,Drama
94,2021,2020,Acting,True,ACTRESS IN A LEADING ROLE,ACTRESS IN A LEADING ROLE,The Eyes of Tammy Faye,Jessica Chastain,tt9115530,Drama
94,2021,2020,Acting,True,ACTRESS IN A SUPPORTING ROLE,ACTRESS IN A SUPPORTING ROLE,West Side Story,Ariana DeBose,tt3581652,Drama
94,2021,2020,Directing,True,DIRECTING,DIRECTING,The Power of the Dog,Jane Campion,tt10293406,Drama
94,2021,2020,Music,True,MUSIC (Original Score),MUSIC (Original Score),Dune,Hans Zimmer,tt1160419,
94,2021,2020,Music,True,MUSIC (Original Song),MUSIC (Original Song),No Time to Die,Music and Lyric by Billie Eilish and Finneas O'Connell,tt2382320,
94,2021,2020,Production,True,ART DIRECTION,PRODUCTION DESIGN,Dune,Production Design: Patrice Vermette; Set Decoration: Zsuzsanna Sipos,tt1160419,
94,2021,2020,Production,True,CINEMATOGRAPHY,CINEMATOGRAPHY,Dune,Greig Fraser,tt1160419,
94,2021,2020,Production,True,COSTUME DESIGN,COSTUME DESIGN,Cruella,Jenny Beavan,tt3228774,
94,2021,2020,Production,True,FILM EDITING,FILM EDITING,Dune,Joe Walker,tt1160419,
94,2021,2020,Production,True,MAKEUP AND HAIRSTYLING,MAKEUP AND HAIRSTYLING,The Eyes of Tammy Faye,"Linda Dowds, Stephanie Ingram and Justin Raleigh",tt9115530,Drama
94,2021,2020,Production,True,SOUND MIXING,SOUND,Dune,"Mac Ruth, Mark Mangini, Theo Green, Doug Hemphill and Ron Bartlett",tt1160419,
94,2021,2020,Production,True,VISUAL EFFECTS,VISUAL EFFECTS,Dune,"Paul Lambert, Tristan Myles, Brian Connor and Gerd Nefzer",tt1160419,
94,2021,2020,Special,False,HONORARY AWARD,HONORARY AWARD,,,,
94,2021,2020,Special,False,HONORARY AWARD,HONORARY AWARD,,,,
94,2021,2020,Special,False,HONORARY AWARD,HONORARY AWARD,,,,
94,2021,2020,Special,False,JEAN HERSHOLT HUMANITARIAN AWARD,JEAN HERSHOLT HUMANITARIAN AWARD,,Danny Glover,,
94,2021,2020,Title,True,ANIMATED FEATURE FILM,ANIMATED FEATURE FILM,Encanto,"Jared Bush, Byron Howard, Yvett Merino and Clark Spencer",tt2953050,
94,2021,2020,Title,True,BEST PICTURE,BEST PICTURE,CODA,"Philippe Rousselet, Fabrice Gianfermi and Patrick Wachsberger, Producers",tt10366460,Drama
94,2021,2020,Title,True,DOCUMENTARY (Feature),DOCUMENTARY (Feature),"Summer of Soul (...Or, When the Revolution Could Not Be Televised)","Ahmir \""Questlove\"" Thompson, Joseph Patel, Robert Fyvolent and David Dinerstein",tt11422728,
94,2021,2020,Title,True,DOCUMENTARY (Short Subject),DOCUMENTARY (Short Subject),The Queen of Basketball,Ben Proudfoot,tt14513236,
94,2021,2020,Title,True,INTERNATIONAL FEATURE FILM,INTERNATIONAL FEATURE FILM,Drive My Car,Japan,tt14039582,
94,2021,2020,Title,True,SHORT FILM (Animated),SHORT FILM (Animated),The Windshield Wiper,Alberto Mielgo and Leo Sanchez,tt9464038,
94,2021,2020,Title,True,SHORT FILM (Live Action),SHORT FILM (Live Action),The Long Goodbye,Aneil Karia and Riz Ahmed,tt11924384,
94,2021,2020,Writing,True,WRITING (Adapted Screenplay),WRITING (Adapted Screenplay),CODA,Screenplay by Siân Heder,tt10366460,Drama
94,2021,2020,Writing,True,WRITING (Original Screenplay),WRITING (Original Screenplay),Belfast,Written by Kenneth Branagh,tt12789558,Drama
95,2022,2020,Acting,True,ACTOR IN A LEADING ROLE,ACTOR IN A LEADING ROLE,The Whale,Brendan Fraser,tt13833688,Drama
95,2022,2020,Acting,True,ACTOR IN A SUPPORTING ROLE,ACTOR IN A SUPPORTING ROLE,Everything Everywhere All at Once,Ke Huy Quan,tt6710474,Action
95,2022,2020,Acting,True,ACTRESS IN A LEADING ROLE,ACTRESS IN A LEADING ROLE,Everything Everywhere All at Once,Michelle Yeoh,tt6710474,Action
95,2022,2020,Acting,True,ACTRESS IN A SUPPORTING ROLE,ACTRESS IN A SUPPORTING ROLE,Everything Everywhere All at Once,Jamie Lee Curtis,tt6710474,Action
95,2022,2020,Directing,True,DIRECTING,DIRECTING,Everything Everywhere All at Once,Daniel Kwan and Daniel Scheinert,tt6710474,Action
95,2022,2020,Music,True,MUSIC (Original Score),MUSIC (Original Score),All Quiet on the Western Front,Volker Bertelmann,tt1016150,
95,2022,2020,Music,True,MUSIC (Original Song),MUSIC (Original Song),RRR,Music by M.M. Keeravaani; Lyric by Chandrabose,tt8178634,
95,2022,2020,Production,True,ART DIRECTION,PRODUCTION DESIGN,All Quiet on the Western Front,Production Design: Christian M. Goldbeck; Set Decoration: Ernestine Hipper,tt1016150,
95,2022,2020,Production,True,CINEMATOGRAPHY,CINEMATOGRAPHY,All Quiet on the Western Front,James Friend,tt1016150,
95,2022,2020,Production,True,COSTUME DESIGN,COSTUME DESIGN,Black Panther: Wakanda Forever,Ruth Carter,tt9114286,
95,2022,2020,Production,True,FILM EDITING,FILM EDITING,Everything Everywhere All at Once,Paul Rogers,tt6710474,Action
95,2022,2020,Production,True,MAKEUP AND HAIRSTYLING,MAKEUP AND HAIRSTYLING,The Whale,"Adrien Morot, Judy Chin and Annemarie Bradley",tt13833688,Drama
95,2022,2020,Production,True,SOUND MIXING,SOUND,Top Gun: Maverick,"Mark Weingarten, James H. Mather, Al Nelson, Chris Burdon and Mark Taylor",tt1745960,
95,2022,2020,Production,True,VISUAL EFFECTS,VISUAL EFFECTS,Avatar: The Way of Water,"Joe Letteri, Richard Baneham, Eric Saindon and Daniel Barrett",tt1630029,
95,2022,2020,SciTech,False,SCIENTIFIC AND TECHNICAL AWARD (Scientific and Engineering Award),SCIENTIFIC AND TECHNICAL AWARD (Scientific and Engineering Award),,,,
95,2022,2020,SciTech,False,SCIENTIFIC AND TECHNICAL AWARD (Scientific and Engineering Award),SCIENTIFIC AND TECHNICAL AWARD (Scientific and Engineering Award),,,,
95,2022,2020,SciTech,False,SCIENTIFIC AND TECHNICAL AWARD (Technical Achievement Award),SCIENTIFIC AND TECHNICAL AWARD (Technical Achievement Award),,,,
95,2022,2020,SciTech,False,SCIENTIFIC AND TECHNICAL AWARD (Technical Achievement Award),SCIENTIFIC AND TECHNICAL AWARD (Technical Achievement Award),,,,
95,2022,2020,SciTech,False,SCIENTIFIC AND TECHNICAL AWARD (Technical Achievement Award),SCIENTIFIC AND TECHNICAL AWARD (Technical Achievement Award),,,,
95,2022,2020,SciTech,False,SCIENTIFIC AND TECHNICAL AWARD (Technical Achievement Award),SCIENTIFIC AND TECHNICAL AWARD (Technical Achievement Award),,,,
95,2022,2020,SciTech,False,SCIENTIFIC AND TECHNICAL AWARD (Technical Achievement Award),SCIENTIFIC AND TECHNICAL AWARD (Technical Achievement Award),,,,
95,2022,2020,Special,False,AWARD OF COMMENDATION,AWARD OF COMMENDATION,Welcome to Chechnya,,tt11394200,
95,2022,2020,Special,False,GORDON E. SAWYER AWARD,GORDON E. SAWYER AWARD,,,,
95,2022,2020,Special,False,HONORARY AWARD,HONORARY AWARD,,,,
95,2022,2020,Special,False,HONORARY AWARD,HONORARY AWARD,,,,
95,2022,2020,Special,False,HONORARY AWARD,HONORARY AWARD,,,,
95,2022,2020,Special,False,JEAN HERSHOLT HUMANITARIAN AWARD,JEAN HERSHOLT HUMANITARIAN AWARD,,Michael J. Fox,,
95,2022,2020,Title,True,ANIMATED FEATURE FILM,ANIMATED FEATURE FILM,Guillermo del Toro's Pinocchio,"Guillermo del Toro, Mark Gustafson, Gary Ungar and Alex Bulkley",tt1488589,
95,2022,2020,Title,True,BEST PICTURE,BEST PICTURE,Everything Everywhere All at Once,"Daniel Kwan, Daniel Scheinert and Jonathan Wang, Producers",tt6710474,Action
95,2022,2020,Title,True,DOCUMENTARY (Feature),DOCUMENTARY FEATURE FILM,Navalny,"Daniel Roher, Odessa Rae, Diane Becker, Melanie Miller and Shane Boris",tt17041964,
95,2022,2020,Title,True,DOCUMENTARY (Short Subject),DOCUMENTARY SHORT FILM,The Elephant Whisperers,Kartiki Gonsalves and Guneet Monga,tt23628262,
95,2022,2020,Title,True,INTERNATIONAL FEATURE FILM,INTERNATIONAL FEATURE FILM,All Quiet on the Western Front,Germany,tt1016150,
95,2022,2020,Title,True,SHORT FILM (Animated),SHORT FILM (Animated),"The Boy, the Mole, the Fox and the Horse",Charlie Mackesy and Matthew Freud,tt22667880,
95,2022,2020,Title,True,SHORT FILM (Live Action),SHORT FILM (Live Action),An Irish Goodbye,Tom Berkeley and Ross White,tt14625872,
95,2022,2020,Writing,True,WRITING (Adapted Screenplay),WRITING (Adapted Screenplay),Women Talking,Screenplay by Sarah Polley,tt13669038,Drama
95,2022,2020,Writing,True,WRITING (Original Screenplay),WRITING (Original Screenplay),Everything Everywhere All at Once,Written by Daniel Kwan & Daniel Scheinert,tt6710474,Action
96,2023,2020,Acting,True,ACTOR IN A LEADING ROLE,ACTOR IN A LEADING ROLE,Oppenheimer,Cillian Murphy,tt15398776,Drama
96,2023,2020,Acting,True,ACTOR IN A SUPPORTING ROLE,ACTOR IN A SUPPORTING ROLE,Oppenheimer,Robert Downey Jr.,tt15398776,Drama
96,2023,2020,Acting,True,ACTRESS IN A LEADING ROLE,ACTRESS IN A LEADING ROLE,Poor Things,Emma Stone,tt14230458,Science Fiction
96,2023,2020,Acting,True,ACTRESS IN A SUPPORTING ROLE,ACTRESS IN A SUPPORTING ROLE,The Holdovers,Da'Vine Joy Randolph,tt14849194,Drama
96,2023,2020,Directing,True,DIRECTING,DIRECTING,Oppenheimer,Christopher Nolan,tt15398776,Drama
96,2023,2020,Music,True,MUSIC (Original Score),MUSIC (Original Score),Oppenheimer,Ludwig Göransson,tt15398776,Drama
96,2023,2020,Music,True,MUSIC (Original Song),MUSIC (Original Song),Barbie,Music and Lyric by Billie Eilish and Finneas O'Connell,tt1517268,
96,2023,2020,Production,True,ART DIRECTION,PRODUCTION DESIGN,Poor Things,Production Design: James Price and Shona Heath; Set Decoration: Zsuzsa Mihalek,tt14230458,Science Fiction
96,2023,2020,Production,True,CINEMATOGRAPHY,CINEMATOGRAPHY,Oppenheimer,Hoyte van Hoytema,tt15398776,Drama
96,2023,2020,Production,True,COSTUME DESIGN,COSTUME DESIGN,Poor Things,Holly Waddington,tt14230458,Science Fiction
96,2023,2020,Production,True,FILM EDITING,FILM EDITING,Oppenheimer,Jennifer Lame,tt15398776,Drama
96,2023,2020,Production,True,MAKEUP AND HAIRSTYLING,MAKEUP AND HAIRSTYLING,Poor Things,"Nadia Stacey, Mark Coulier and Josh Weston",tt14230458,Science Fiction
96,2023,2020,Production,True,SOUND MIXING,SOUND,The Zone of Interest,Tarn Willers and Johnnie Burn,tt7160372,
96,2023,2020,Production,True,VISUAL EFFECTS,VISUAL EFFECTS,Godzilla Minus One,"Takashi Yamazaki, Kiyoko Shibuya, Masaki Takahashi and Tatsuji Nojima",tt23289160,
96,2023,2020,SciTech,False,SCIENTIFIC AND TECHNICAL AWARD (Scientific and Engineering Award),SCIENTIFIC AND TECHNICAL AWARD (Scientific and Engineering Award),,,,
96,2023,2020,SciTech,False,SCIENTIFIC AND TECHNICAL AWARD (Scientific and Engineering Award),SCIENTIFIC AND TECHNICAL AWARD (Scientific and Engineering Award),,,,
96,2023,2020,SciTech,False,SCIENTIFIC AND TECHNICAL AWARD (Scientific and Engineering Award),SCIENTIFIC AND TECHNICAL AWARD (Scientific and Engineering Award),,,,
96,2023,2020,SciTech,False,SCIENTIFIC AND TECHNICAL AWARD (Scientific and Engineering Award),SCIENTIFIC AND TECHNICAL AWARD (Scientific and Engineering Award),,,,
96,2023,2020,SciTech,False,SCIENTIFIC AND TECHNICAL AWARD (Scientific and Engineering Award),SCIENTIFIC AND TECHNICAL AWARD (Scientific and Engineering Award),,,,
96,2023,2020,SciTech,False,SCIENTIFIC AND TECHNICAL AWARD (Scientific and Engineering Award),SCIENTIFIC AND TECHNICAL AWARD (Scientific and Engineering Award),,,,
96,2023,2020,SciTech,False,SCIENTIFIC AND TECHNICAL AWARD (Scientific and Engineering Award),SCIENTIFIC AND TECHNICAL AWARD (Scientific and Engineering Award),,,,
96,2023,2020,SciTech,False,SCIENTIFIC AND TECHNICAL AWARD (Technical Achievement Award),SCIENTIFIC AND TECHNICAL AWARD (Technical Achievement Award),,,,
96,2023,2020,SciTech,False,SCIENTIFIC AND TECHNICAL AWARD (Technical Achievement Award),SCIENTIFIC AND TECHNICAL AWARD (Technical Achievement Award),,,,
96,2023,2020,SciTech,False,SCIENTIFIC AND TECHNICAL AWARD (Technical Achievement Award),SCIENTIFIC AND TECHNICAL AWARD (Technical Achievement Award),,,,
96,2023,2020,SciTech,False,SCIENTIFIC AND TECHNICAL AWARD (Technical Achievement Award),SCIENTIFIC AND TECHNICAL AWARD (Technical Achievement Award),,,,
96,2023,2020,SciTech,False,SCIENTIFIC AND TECHNICAL AWARD (Technical Achievement Award),SCIENTIFIC AND TECHNICAL AWARD (Technical Achievement Award),,,,
96,2023,2020,SciTech,False,SCIENTIFIC AND TECHNICAL AWARD (Technical Achievement Award),SCIENTIFIC AND TECHNICAL AWARD (Technical Achievement Award),,,,
96,2023,2020,SciTech,False,SCIENTIFIC AND TECHNICAL AWARD (Technical Achievement Award),SCIENTIFIC AND TECHNICAL AWARD (Technical Achievement Award),,,,
96,2023,2020,SciTech,False,SCIENTIFIC AND TECHNICAL AWARD (Technical Achievement Award),SCIENTIFIC AND TECHNICAL AWARD (Technical Achievement Award),,,,
96,2023,2020,SciTech,False,SCIENTIFIC AND TECHNICAL AWARD (Technical Achievement Award),SCIENTIFIC AND TECHNICAL AWARD (Technical Achievement Award),,,,
96,2023,2020,Special,False,HONORARY AWARD,HONORARY AWARD,,,,
96,2023,2020,Special,False,HONORARY AWARD,HONORARY AWARD,,,,
96,2023,2020,Special,False,HONORARY AWARD,HONORARY AWARD,,,,
96,2023,2020,Special,False,JEAN HERSHOLT HUMANITARIAN AWARD,JEAN HERSHOLT HUMANITARIAN AWARD,,Michelle Satter,,
96,2023,2020,Title,True,ANIMATED FEATURE FILM,ANIMATED FEATURE FILM,The Boy and the Heron,Hayao Miyazaki and Toshio Suzuki,tt6587046,
96,2023,2020,Title,True,BEST PICTURE,BEST PICTURE,Oppenheimer,"Emma Thomas, Charles Roven and Christopher Nolan, Producers",tt15398776,Drama
96,2023,2020,Title,True,DOCUMENTARY (Feature),DOCUMENTARY FEATURE FILM,20 Days in Mariupol,"Mstyslav Chernov, Michelle Mizner and Raney Aronson-Rath",tt24082438,
96,2023,2020,Title,True,DOCUMENTARY (Short Subject),DOCUMENTARY SHORT FILM,The Last Repair Shop,Ben Proudfoot and Kris Bowers,tt29118186,
96,2023,2020,Title,True,INTERNATIONAL FEATURE FILM,INTERNATIONAL FEATURE FILM,The Zone of Interest,United Kingdom,tt7160372,
96,2023,2020,Title,True,SHORT FILM (Animated),SHORT FILM (Animated),WAR IS OVER! Inspired by the Music of John & Yoko,Dave Mullins and Brad Booker,tt29795707,
96,2023,2020,Title,True,SHORT FILM (Live Action),SHORT FILM (Live Action),The Wonderful Story of Henry Sugar,Wes Anderson and Steven Rales,tt16968450,
96,2023,2020,Writing,True,WRITING (Adapted Screenplay),WRITING (Adapted Screenplay),American Fiction,Written for the screen by Cord Jefferson,tt23561236,Comedy
96,2023,2020,Writing,True,WRITING (Original Screenplay),WRITING (Original Screenplay),Anatomy of a Fall,Screenplay - Justine Triet and Arthur Harari,tt17009710,Thriller
97,2024,2020,Acting,True,ACTOR IN A LEADING ROLE,ACTOR IN A LEADING ROLE,The Brutalist,Adrien Brody,tt8999762,Drama
97,2024,2020,Acting,True,ACTOR IN A SUPPORTING ROLE,ACTOR IN A SUPPORTING ROLE,A Real Pain,Kieran Culkin,tt21823606,Comedy
97,2024,2020,Acting,True,ACTRESS IN A LEADING ROLE,ACTRESS IN A LEADING ROLE,Anora,Mikey Madison,tt28607951,Drama
97,2024,2020,Acting,True,ACTRESS IN A SUPPORTING ROLE,ACTRESS IN A SUPPORTING ROLE,Emilia Pérez,Zoe Saldaña,tt20221436,Drama
97,2024,2020,Directing,True,DIRECTING,DIRECTING,Anora,Sean Baker,tt28607951,Drama
97,2024,2020,Music,True,MUSIC (Original Score),MUSIC (Original Score),The Brutalist,Daniel Blumberg,tt8999762,Drama
97,2024,2020,Music,True,MUSIC (Original Song),MUSIC (Original Song),Emilia Pérez,"Music by Clément Ducol and Camille; Lyric by Clément Ducol, Camille and Jacques Audiard",tt20221436,Drama
97,2024,2020,Production,True,ART DIRECTION,PRODUCTION DESIGN,Wicked,Production Design: Nathan Crowley; Set Decoration: Lee Sandales,tt1262426,
97,2024,2020,Production,True,CINEMATOGRAPHY,CINEMATOGRAPHY,The Brutalist,Lol Crawley,tt8999762,Drama
97,2024,2020,Production,True,COSTUME DESIGN,COSTUME DESIGN,Wicked,Paul Tazewell,tt1262426,
97,2024,2020,Production,True,FILM EDITING,FILM EDITING,Anora,Sean Baker,tt28607951,Drama
97,2024,2020,Production,True,MAKEUP AND HAIRSTYLING,MAKEUP AND HAIRSTYLING,The Substance,"Pierre-Olivier Persin, Stéphanie Guillon and Marilyne Scarselli",tt17526714,
97,2024,2020,Production,True,SOUND MIXING,SOUND,Dune: Part Two,"Gareth John, Richard King, Ron Bartlett and Doug Hemphill",tt15239678,
97,2024,2020,Production,True,VISUAL EFFECTS,VISUAL EFFECTS,Dune: Part Two,"Paul Lambert, Stephen James, Rhys Salcombe and Gerd Nefzer",tt15239678,
97,2024,2020,SciTech,False,SCIENTIFIC AND TECHNICAL AWARD (Scientific and Engineering Award),SCIENTIFIC AND TECHNICAL AWARD (Scientific and Engineering Award),,,,
97,2024,2020,SciTech,False,SCIENTIFIC AND TECHNICAL AWARD (Scientific and Engineering Award),SCIENTIFIC AND TECHNICAL AWARD (Scientific and Engineering Award),,,,
97,2024,2020,SciTech,False,SCIENTIFIC AND TECHNICAL AWARD (Scientific and Engineering Award),SCIENTIFIC AND TECHNICAL AWARD (Scientific and Engineering Award),,,,
97,2024,2020,SciTech,False,SCIENTIFIC AND TECHNICAL AWARD (Scientific and Engineering Award),SCIENTIFIC AND TECHNICAL AWARD (Scientific and Engineering Award),,,,
97,2024,2020,SciTech,False,SCIENTIFIC AND TECHNICAL AWARD (Scientific and Engineering Award),SCIENTIFIC AND TECHNICAL AWARD (Scientific and Engineering Award),,,,
97,2024,2020,SciTech,False,SCIENTIFIC AND TECHNICAL AWARD (Scientific and Engineering Award),SCIENTIFIC AND TECHNICAL AWARD (Scientific and Engineering Award),,,,
97,2024,2020,SciTech,False,SCIENTIFIC AND TECHNICAL AWARD (Technical Achievement Award),SCIENTIFIC AND TECHNICAL AWARD (Technical Achievement Award),,,,
97,2024,2020,SciTech,False,SCIENTIFIC AND TECHNICAL AWARD (Technical Achievement Award),SCIENTIFIC AND TECHNICAL AWARD (Technical Achievement Award),,,,
97,2024,2020,SciTech,False,SCIENTIFIC AND TECHNICAL AWARD (Technical Achievement Award),SCIENTIFIC AND TECHNICAL AWARD (Technical Achievement Award),,,,
97,2024,2020,SciTech,False,SCIENTIFIC AND TECHNICAL AWARD (Technical Achievement Award),SCIENTIFIC AND TECHNICAL AWARD (Technical Achievement Award),,,,
97,2024,2020,SciTech,False,SCIENTIFIC AND TECHNICAL AWARD (Technical Achievement Award),SCIENTIFIC AND TECHNICAL AWARD (Technical Achievement Award),,,,
97,2024,2020,SciTech,False,SCIENTIFIC AND TECHNICAL AWARD (Technical Achievement Award),SCIENTIFIC AND TECHNICAL AWARD (Technical Achievement Award),,,,
97,2024,2020,SciTech,False,SCIENTIFIC AND TECHNICAL AWARD (Technical Achievement Award),SCIENTIFIC AND TECHNICAL AWARD (Technical Achievement Award),,,,
97,2024,2020,SciTech,False,SCIENTIFIC AND TECHNICAL AWARD (Technical Achievement Award),SCIENTIFIC AND TECHNICAL AWARD (Technical Achievement Award),,,,
97,2024,2020,Special,False,HONORARY AWARD,HONORARY AWARD,,,,
97,2024,2020,Special,False,HONORARY AWARD,HONORARY AWARD,,,,
97,2024,2020,Special,False,IRVING G. THALBERG MEMORIAL AWARD,IRVING G. THALBERG MEMORIAL AWARD,,Michael G. Wilson and Barbara Broccoli,,
97,2024,2020,Special,False,JEAN HERSHOLT HUMANITARIAN AWARD,JEAN HERSHOLT HUMANITARIAN AWARD,,Richard Curtis,,
97,2024,2020,Title,True,ANIMATED FEATURE FILM,ANIMATED FEATURE FILM,Flow,"Gints Zilbalodis, Matiss Kaža, Ron Dyens and Gregory Zalcman",tt4772188,
97,2024,2020,Title,True,BEST PICTURE,BEST PICTURE,Anora,"Alex Coco, Samantha Quan and Sean Baker, Producers",tt28607951,Drama
97,2024,2020,Title,True,DOCUMENTARY (Feature),DOCUMENTARY FEATURE FILM,No Other Land,"Basel Adra, Rachel Szor, Hamdan Ballal and Yuval Abraham",tt30953759,
97,2024,2020,Title,True,DOCUMENTARY (Short Subject),DOCUMENTARY SHORT FILM,The Only Girl in the Orchestra,Molly O'Brien and Lisa Remington,tt29497240,
97,2024,2020,Title,True,INTERNATIONAL FEATURE FILM,INTERNATIONAL FEATURE FILM,I'm Still Here,Brazil,tt14961016,
97,2024,2020,Title,True,SHORT FILM (Animated),ANIMATED SHORT FILM,In the Shadow of the Cypress,Shirin Sohani and Hossein Molayemi,tt28768883,
97,2024,2020,Title,True,SHORT FILM (Live Action),SHORT FILM (Live Action),I'm Not a Robot,Victoria Warmerdam and Trent,tt19837932,
97,2024,2020,Writing,True,WRITING (Adapted Screenplay),WRITING (Adapted Screenplay),Conclave,Screenplay by Peter Straughan,tt20215234,Drama
97,2024,2020,Writing,True,WRITING (Original Screenplay),WRITING (Original Screenplay),Anora,Written by Sean Baker,tt28607951,Drama
98,2025,2020,Acting,True,ACTOR IN A LEADING ROLE,ACTOR IN A LEADING ROLE,Sinners,Michael B. Jordan,tt31193180,Horror
98,2025,2020,Acting,True,ACTOR IN A SUPPORTING ROLE,ACTOR IN A SUPPORTING ROLE,One Battle after Another,Sean Penn,tt30144839,Thriller
98,2025,2020,Acting,True,ACTRESS IN A LEADING ROLE,ACTRESS IN A LEADING ROLE,Hamnet,Jessie Buckley,tt14905854,Drama
98,2025,2020,Acting,True,ACTRESS IN A SUPPORTING ROLE,ACTRESS IN A SUPPORTING ROLE,Weapons,Amy Madigan,tt26581740,Horror
98,2025,2020,Directing,True,DIRECTING,DIRECTING,One Battle after Another,Paul Thomas Anderson,tt30144839,Thriller
98,2025,2020,Music,True,MUSIC (Original Score),MUSIC (Original Score),Sinners,Ludwig Goransson,tt31193180,Horror
98,2025,2020,Music,True,MUSIC (Original Song),MUSIC (Original Song),KPop Demon Hunters,"Music and Lyric by EJAE, Mark Sonnenblick, Joong Gyu Kwak, Yu Han Lee, Hee Dong Nam, Jeong Hoon Seo and Teddy Park",tt14205554,
98,2025,2020,Production,True,ART DIRECTION,PRODUCTION DESIGN,Frankenstein,Production Design: Tamara Deverell; Set Decoration: Shane Vieau,tt1312221,
98,2025,2020,Production,True,CASTING,CASTING,One Battle after Another,Cassandra Kulukundis,tt30144839,Thriller
98,2025,2020,Production,True,CINEMATOGRAPHY,CINEMATOGRAPHY,Sinners,Autumn Durald Arkapaw,tt31193180,Horror
98,2025,2020,Production,True,COSTUME DESIGN,COSTUME DESIGN,Frankenstein,Kate Hawley,tt1312221,
98,2025,2020,Production,True,FILM EDITING,FILM EDITING,One Battle after Another,Andy Jurgensen,tt30144839,Thriller
98,2025,2020,Production,True,MAKEUP AND HAIRSTYLING,MAKEUP AND HAIRSTYLING,Frankenstein,"Mike Hill, Jordan Samuel and Cliona Furey",tt1312221,
98,2025,2020,Production,True,SOUND MIXING,SOUND,F1,"Gareth John, Al Nelson, Gwendolyn Yates Whittle, Gary A. Rizzo and Juan Peralta",tt16311594,
98,2025,2020,Production,True,VISUAL EFFECTS,VISUAL EFFECTS,Avatar: Fire and Ash,"Joe Letteri, Richard Baneham, Eric Saindon and Daniel Barrett",tt1757678,
98,2025,2020,SciTech,False,SCIENTIFIC AND TECHNICAL AWARD (Scientific and Engineering Award),SCIENTIFIC AND TECHNICAL AWARD (Scientific and Engineering Award),,,,
98,2025,2020,SciTech,False,SCIENTIFIC AND TECHNICAL AWARD (Technical Achievement Award),SCIENTIFIC AND TECHNICAL AWARD (Technical Achievement Award),,,,
98,2025,2020,SciTech,False,SCIENTIFIC AND TECHNICAL AWARD (Technical Achievement Award),SCIENTIFIC AND TECHNICAL AWARD (Technical Achievement Award),,,,
98,2025,2020,SciTech,False,SCIENTIFIC AND TECHNICAL AWARD (Technical Achievement Award),SCIENTIFIC AND TECHNICAL AWARD (Technical Achievement Award),,,,
98,2025,2020,SciTech,False,SCIENTIFIC AND TECHNICAL AWARD (Technical Achievement Award),SCIENTIFIC AND TECHNICAL AWARD (Technical Achievement Award),,,,
98,2025,2020,SciTech,False,SCIENTIFIC AND TECHNICAL AWARD (Technical Achievement Award),SCIENTIFIC AND TECHNICAL AWARD (Technical Achievement Award),,,,
98,2025,2020,SciTech,False,SCIENTIFIC AND TECHNICAL AWARD (Technical Achievement Award),SCIENTIFIC AND TECHNICAL AWARD (Technical Achievement Award),,,,
98,2025,2020,SciTech,False,SCIENTIFIC AND TECHNICAL AWARD (Technical Achievement Award),SCIENTIFIC AND TECHNICAL AWARD (Technical Achievement Award),,,,
98,2025,2020,SciTech,False,SCIENTIFIC AND TECHNICAL AWARD (Technical Achievement Award),SCIENTIFIC AND TECHNICAL AWARD (Technical Achievement Award),,,,
98,2025,2020,SciTech,False,SCIENTIFIC AND TECHNICAL AWARD (Technical Achievement Award),SCIENTIFIC AND TECHNICAL AWARD (Technical Achievement Award),,,,
98,2025,2020,SciTech,False,SCIENTIFIC AND TECHNICAL AWARD (Technical Achievement Award),SCIENTIFIC AND TECHNICAL AWARD (Technical Achievement Award),,,,
98,2025,2020,SciTech,False,SCIENTIFIC AND TECHNICAL AWARD (Technical Achievement Award),SCIENTIFIC AND TECHNICAL AWARD (Technical Achievement Award),,,,
98,2025,2020,SciTech,False,SCIENTIFIC AND TECHNICAL AWARD (Technical Achievement Award),SCIENTIFIC AND TECHNICAL AWARD (Technical Achievement Award),,,,
98,2025,2020,SciTech,False,SCIENTIFIC AND TECHNICAL AWARD (Technical Achievement Award),SCIENTIFIC AND TECHNICAL AWARD (Technical Achievement Award),,,,
98,2025,2020,SciTech,False,SCIENTIFIC AND TECHNICAL AWARD (Technical Achievement Award),SCIENTIFIC AND TECHNICAL AWARD (Technical Achievement Award),,,,
98,2025,2020,Special,False,HONORARY AWARD,HONORARY AWARD,,,,
98,2025,2020,Special,False,HONORARY AWARD,HONORARY AWARD,,,,
98,2025,2020,Special,False,HONORARY AWARD,HONORARY AWARD,,,,
98,2025,2020,Special,False,JEAN HERSHOLT HUMANITARIAN AWARD,JEAN HERSHOLT HUMANITARIAN AWARD,,Dolly Parton,,
98,2025,2020,Title,True,ANIMATED FEATURE FILM,ANIMATED FEATURE FILM,KPop Demon Hunters,"Maggie Kang, Chris Appelhans and Michelle L.M. Wong",tt14205554,
98,2025,2020,Title,True,BEST PICTURE,BEST PICTURE,One Battle after Another,"Adam Somner, Sara Murphy and Paul Thomas Anderson, Producers",tt30144839,Thriller
98,2025,2020,Title,True,DOCUMENTARY (Feature),DOCUMENTARY FEATURE FILM,Mr. Nobody against Putin,"David Borenstein, Pavel Talankin, Helle Faber and Alžběta Karásková",tt34965515,
98,2025,2020,Title,True,DOCUMENTARY (Short Subject),DOCUMENTARY SHORT FILM,All the Empty Rooms,Joshua Seftel and Conall Jones,tt37798645,
98,2025,2020,Title,True,INTERNATIONAL FEATURE FILM,INTERNATIONAL FEATURE FILM,Sentimental Value,Norway,tt27714581,
98,2025,2020,Title,True,SHORT FILM (Animated),ANIMATED SHORT FILM,The Girl Who Cried Pearls,Chris Lavis and Maciek Szczerbowski,tt36956820,
98,2025,2020,Title,True,SHORT FILM (Live Action),LIVE ACTION SHORT FILM,Two People Exchanging Saliva,Alexandre Singh and Natalie Musteata,tt33365259,
98,2025,2020,Title,True,SHORT FILM (Live Action),LIVE ACTION SHORT FILM,The Singers,Sam A. Davis and Jack Piatt,tt33508491,
98,2025,2020,Writing,True,WRITING (Adapted Screenplay),WRITING (Adapted Screenplay),One Battle after Another,Written by Paul Thomas Anderson,tt30144839,Thriller
98,2025,2020,Writing,True,WRITING (Original Screenplay),WRITING (Original Screenplay),Sinners,Written by Ryan Coogler,tt31193180,Horror
